{
"type": "FeatureCollection",
"name": "safe_relocation_sites",
"crs": { "type": "name", "properties": { "name": "urn:ogc:def:crs:OGC:1.3:CRS84" } },
"features": [
{ "type": "Feature", "properties": { "site_id": "SAFE-SITE-001", "cci_score": 91.199996948242188, "area_sqkm": 16.14, "capacity_families": 1291, "capacity_persons": 6455, "suitability_tier": "Optimal Prime Site (CCI ≥ 75)" }, "geometry": { "type": "Polygon", "coordinates": [ [ [ 75.266666666666666, 34.993333333333332 ], [ 75.266666666666666, 34.99 ], [ 75.26, 34.99 ], [ 75.26, 34.98 ], [ 75.25333333333333, 34.98 ], [ 75.25333333333333, 34.966666666666669 ], [ 75.273333333333326, 34.966666666666669 ], [ 75.273333333333326, 34.97 ], [ 75.276666666666671, 34.97 ], [ 75.276666666666671, 34.973333333333336 ], [ 75.28, 34.973333333333336 ], [ 75.28, 34.946666666666665 ], [ 75.293333333333337, 34.946666666666665 ], [ 75.293333333333337, 34.95 ], [ 75.296666666666667, 34.95 ], [ 75.296666666666667, 34.96 ], [ 75.3, 34.96 ], [ 75.3, 34.966666666666669 ], [ 75.306666666666672, 34.966666666666669 ], [ 75.306666666666672, 34.97 ], [ 75.31, 34.97 ], [ 75.31, 34.983333333333334 ], [ 75.3, 34.983333333333334 ], [ 75.3, 34.986666666666665 ], [ 75.293333333333337, 34.986666666666665 ], [ 75.293333333333337, 34.99 ], [ 75.29, 34.99 ], [ 75.29, 34.993333333333332 ], [ 75.266666666666666, 34.993333333333332 ] ] ] } },
{ "type": "Feature", "properties": { "site_id": "SAFE-SITE-002", "cci_score": 91.199996948242188, "area_sqkm": 92.55, "capacity_families": 7404, "capacity_persons": 37020, "suitability_tier": "Optimal Prime Site (CCI ≥ 75)" }, "geometry": { "type": "Polygon", "coordinates": [ [ [ 79.57, 35.0 ], [ 79.57, 34.986666666666665 ], [ 79.553333333333327, 34.986666666666665 ], [ 79.553333333333327, 34.973333333333336 ], [ 79.556666666666672, 34.973333333333336 ], [ 79.556666666666672, 34.97 ], [ 79.56, 34.97 ], [ 79.56, 34.966666666666669 ], [ 79.57, 34.966666666666669 ], [ 79.57, 34.963333333333331 ], [ 79.573333333333338, 34.963333333333331 ], [ 79.573333333333338, 34.96 ], [ 79.576666666666668, 34.96 ], [ 79.576666666666668, 34.956666666666663 ], [ 79.58, 34.956666666666663 ], [ 79.58, 34.953333333333333 ], [ 79.583333333333329, 34.953333333333333 ], [ 79.583333333333329, 34.95 ], [ 79.573333333333338, 34.95 ], [ 79.573333333333338, 34.93333333333333 ], [ 79.56, 34.93333333333333 ], [ 79.56, 34.936666666666667 ], [ 79.556666666666672, 34.936666666666667 ], [ 79.556666666666672, 34.94 ], [ 79.553333333333327, 34.94 ], [ 79.553333333333327, 34.953333333333333 ], [ 79.546666666666667, 34.953333333333333 ], [ 79.546666666666667, 34.956666666666663 ], [ 79.533333333333331, 34.956666666666663 ], [ 79.533333333333331, 34.943333333333335 ], [ 79.53, 34.943333333333335 ], [ 79.53, 34.936666666666667 ], [ 79.526666666666671, 34.936666666666667 ], [ 79.526666666666671, 34.93 ], [ 79.52, 34.93 ], [ 79.52, 34.926666666666669 ], [ 79.513333333333335, 34.926666666666669 ], [ 79.513333333333335, 34.93 ], [ 79.506666666666661, 34.93 ], [ 79.506666666666661, 34.93333333333333 ], [ 79.50333333333333, 34.93333333333333 ], [ 79.50333333333333, 34.936666666666667 ], [ 79.5, 34.936666666666667 ], [ 79.5, 34.94 ], [ 79.49666666666667, 34.94 ], [ 79.49666666666667, 34.946666666666665 ], [ 79.493333333333339, 34.946666666666665 ], [ 79.493333333333339, 34.96 ], [ 79.476666666666659, 34.96 ], [ 79.476666666666659, 34.963333333333331 ], [ 79.47, 34.963333333333331 ], [ 79.47, 34.966666666666669 ], [ 79.463333333333338, 34.966666666666669 ], [ 79.463333333333338, 34.97 ], [ 79.446666666666673, 34.97 ], [ 79.446666666666673, 34.953333333333333 ], [ 79.453333333333333, 34.953333333333333 ], [ 79.453333333333333, 34.95 ], [ 79.463333333333338, 34.95 ], [ 79.463333333333338, 34.946666666666665 ], [ 79.47, 34.946666666666665 ], [ 79.47, 34.93 ], [ 79.486666666666665, 34.93 ], [ 79.486666666666665, 34.91 ], [ 79.506666666666661, 34.91 ], [ 79.506666666666661, 34.916666666666664 ], [ 79.51, 34.916666666666664 ], [ 79.51, 34.913333333333334 ], [ 79.53, 34.913333333333334 ], [ 79.53, 34.91 ], [ 79.533333333333331, 34.91 ], [ 79.533333333333331, 34.906666666666666 ], [ 79.536666666666662, 34.906666666666666 ], [ 79.536666666666662, 34.903333333333336 ], [ 79.55, 34.903333333333336 ], [ 79.55, 34.9 ], [ 79.553333333333327, 34.9 ], [ 79.553333333333327, 34.886666666666663 ], [ 79.573333333333338, 34.886666666666663 ], [ 79.573333333333338, 34.896666666666668 ], [ 79.576666666666668, 34.896666666666668 ], [ 79.576666666666668, 34.91 ], [ 79.59, 34.91 ], [ 79.59, 34.926666666666669 ], [ 79.603333333333339, 34.926666666666669 ], [ 79.603333333333339, 34.923333333333332 ], [ 79.61, 34.923333333333332 ], [ 79.61, 34.916666666666664 ], [ 79.61333333333333, 34.916666666666664 ], [ 79.61333333333333, 34.913333333333334 ], [ 79.626666666666665, 34.913333333333334 ], [ 79.626666666666665, 34.92 ], [ 79.63, 34.92 ], [ 79.63, 34.93 ], [ 79.63333333333334, 34.93 ], [ 79.63333333333334, 34.93333333333333 ], [ 79.653333333333336, 34.93333333333333 ], [ 79.653333333333336, 34.936666666666667 ], [ 79.66, 34.936666666666667 ], [ 79.66, 34.953333333333333 ], [ 79.656666666666666, 34.953333333333333 ], [ 79.656666666666666, 34.956666666666663 ], [ 79.653333333333336, 34.956666666666663 ], [ 79.653333333333336, 34.96 ], [ 79.626666666666665, 34.96 ], [ 79.626666666666665, 34.956666666666663 ], [ 79.623333333333335, 34.956666666666663 ], [ 79.623333333333335, 34.953333333333333 ], [ 79.616666666666674, 34.953333333333333 ], [ 79.616666666666674, 34.956666666666663 ], [ 79.61333333333333, 34.956666666666663 ], [ 79.61333333333333, 34.96 ], [ 79.61, 34.96 ], [ 79.61, 34.973333333333336 ], [ 79.606666666666669, 34.973333333333336 ], [ 79.606666666666669, 34.983333333333334 ], [ 79.603333333333339, 34.983333333333334 ], [ 79.603333333333339, 34.993333333333332 ], [ 79.59, 34.993333333333332 ], [ 79.59, 34.99 ], [ 79.583333333333329, 34.99 ], [ 79.583333333333329, 35.0 ], [ 79.57, 35.0 ] ], [ [ 79.576666666666668, 34.986666666666665 ], [ 79.58, 34.986666666666665 ], [ 79.58, 34.983333333333334 ], [ 79.576666666666668, 34.983333333333334 ], [ 79.576666666666668, 34.986666666666665 ] ] ] } },
{ "type": "Feature", "properties": { "site_id": "SAFE-SITE-003", "cci_score": 91.199996948242188, "area_sqkm": 159.56, "capacity_families": 12764, "capacity_persons": 63820, "suitability_tier": "Optimal Prime Site (CCI ≥ 75)" }, "geometry": { "type": "Polygon", "coordinates": [ [ [ 75.35, 35.0 ], [ 75.35, 34.986666666666665 ], [ 75.346666666666664, 34.986666666666665 ], [ 75.346666666666664, 34.983333333333334 ], [ 75.336666666666673, 34.983333333333334 ], [ 75.336666666666673, 34.98 ], [ 75.333333333333329, 34.98 ], [ 75.333333333333329, 34.983333333333334 ], [ 75.33, 34.983333333333334 ], [ 75.33, 34.986666666666665 ], [ 75.313333333333333, 34.986666666666665 ], [ 75.313333333333333, 34.973333333333336 ], [ 75.32, 34.973333333333336 ], [ 75.32, 34.96 ], [ 75.316666666666663, 34.96 ], [ 75.316666666666663, 34.956666666666663 ], [ 75.313333333333333, 34.956666666666663 ], [ 75.313333333333333, 34.953333333333333 ], [ 75.31, 34.953333333333333 ], [ 75.31, 34.94 ], [ 75.326666666666668, 34.94 ], [ 75.326666666666668, 34.943333333333335 ], [ 75.343333333333334, 34.943333333333335 ], [ 75.343333333333334, 34.946666666666665 ], [ 75.35, 34.946666666666665 ], [ 75.35, 34.94 ], [ 75.336666666666673, 34.94 ], [ 75.336666666666673, 34.926666666666669 ], [ 75.34, 34.926666666666669 ], [ 75.34, 34.923333333333332 ], [ 75.353333333333339, 34.923333333333332 ], [ 75.353333333333339, 34.913333333333334 ], [ 75.36, 34.913333333333334 ], [ 75.36, 34.91 ], [ 75.34, 34.91 ], [ 75.34, 34.906666666666666 ], [ 75.333333333333329, 34.906666666666666 ], [ 75.333333333333329, 34.903333333333336 ], [ 75.33, 34.903333333333336 ], [ 75.33, 34.906666666666666 ], [ 75.323333333333338, 34.906666666666666 ], [ 75.323333333333338, 34.91 ], [ 75.32, 34.91 ], [ 75.32, 34.913333333333334 ], [ 75.316666666666663, 34.913333333333334 ], [ 75.316666666666663, 34.916666666666664 ], [ 75.313333333333333, 34.916666666666664 ], [ 75.313333333333333, 34.92 ], [ 75.303333333333327, 34.92 ], [ 75.303333333333327, 34.923333333333332 ], [ 75.306666666666672, 34.923333333333332 ], [ 75.306666666666672, 34.936666666666667 ], [ 75.3, 34.936666666666667 ], [ 75.3, 34.94 ], [ 75.286666666666662, 34.94 ], [ 75.286666666666662, 34.916666666666664 ], [ 75.293333333333337, 34.916666666666664 ], [ 75.293333333333337, 34.913333333333334 ], [ 75.28, 34.913333333333334 ], [ 75.28, 34.91 ], [ 75.27, 34.91 ], [ 75.27, 34.903333333333336 ], [ 75.266666666666666, 34.903333333333336 ], [ 75.266666666666666, 34.9 ], [ 75.263333333333335, 34.9 ], [ 75.263333333333335, 34.896666666666668 ], [ 75.26, 34.896666666666668 ], [ 75.26, 34.88 ], [ 75.286666666666662, 34.88 ], [ 75.286666666666662, 34.876666666666665 ], [ 75.29, 34.876666666666665 ], [ 75.29, 34.873333333333335 ], [ 75.313333333333333, 34.873333333333335 ], [ 75.313333333333333, 34.876666666666665 ], [ 75.323333333333338, 34.876666666666665 ], [ 75.323333333333338, 34.88 ], [ 75.336666666666673, 34.88 ], [ 75.336666666666673, 34.883333333333333 ], [ 75.34, 34.883333333333333 ], [ 75.34, 34.886666666666663 ], [ 75.343333333333334, 34.886666666666663 ], [ 75.343333333333334, 34.893333333333331 ], [ 75.346666666666664, 34.893333333333331 ], [ 75.346666666666664, 34.89 ], [ 75.36, 34.89 ], [ 75.36, 34.876666666666665 ], [ 75.36333333333333, 34.876666666666665 ], [ 75.36333333333333, 34.873333333333335 ], [ 75.376666666666665, 34.873333333333335 ], [ 75.376666666666665, 34.876666666666665 ], [ 75.38, 34.876666666666665 ], [ 75.38, 34.89 ], [ 75.38333333333334, 34.89 ], [ 75.38333333333334, 34.893333333333331 ], [ 75.38666666666667, 34.893333333333331 ], [ 75.38666666666667, 34.896666666666668 ], [ 75.393333333333331, 34.896666666666668 ], [ 75.393333333333331, 34.9 ], [ 75.403333333333336, 34.9 ], [ 75.403333333333336, 34.896666666666668 ], [ 75.406666666666666, 34.896666666666668 ], [ 75.406666666666666, 34.873333333333335 ], [ 75.423333333333332, 34.873333333333335 ], [ 75.423333333333332, 34.883333333333333 ], [ 75.43, 34.883333333333333 ], [ 75.43, 34.876666666666665 ], [ 75.436666666666667, 34.876666666666665 ], [ 75.436666666666667, 34.87 ], [ 75.44, 34.87 ], [ 75.44, 34.866666666666667 ], [ 75.456666666666663, 34.866666666666667 ], [ 75.456666666666663, 34.88 ], [ 75.453333333333333, 34.88 ], [ 75.453333333333333, 34.886666666666663 ], [ 75.456666666666663, 34.886666666666663 ], [ 75.456666666666663, 34.9 ], [ 75.453333333333333, 34.9 ], [ 75.453333333333333, 34.91 ], [ 75.45, 34.91 ], [ 75.45, 34.943333333333335 ], [ 75.453333333333333, 34.943333333333335 ], [ 75.453333333333333, 34.973333333333336 ], [ 75.436666666666667, 34.973333333333336 ], [ 75.436666666666667, 34.976666666666667 ], [ 75.433333333333337, 34.976666666666667 ], [ 75.433333333333337, 34.98 ], [ 75.43, 34.98 ], [ 75.43, 34.99666666666667 ], [ 75.426666666666662, 34.99666666666667 ], [ 75.426666666666662, 35.0 ], [ 75.403333333333336, 35.0 ], [ 75.403333333333336, 34.99 ], [ 75.4, 34.99 ], [ 75.4, 34.99666666666667 ], [ 75.38333333333334, 34.99666666666667 ], [ 75.38333333333334, 35.0 ], [ 75.35, 35.0 ] ], [ [ 75.373333333333335, 34.973333333333336 ], [ 75.38666666666667, 34.973333333333336 ], [ 75.38666666666667, 34.97 ], [ 75.39, 34.97 ], [ 75.39, 34.966666666666669 ], [ 75.393333333333331, 34.966666666666669 ], [ 75.393333333333331, 34.963333333333331 ], [ 75.396666666666661, 34.963333333333331 ], [ 75.396666666666661, 34.956666666666663 ], [ 75.4, 34.956666666666663 ], [ 75.4, 34.95 ], [ 75.403333333333336, 34.95 ], [ 75.403333333333336, 34.94 ], [ 75.4, 34.94 ], [ 75.4, 34.936666666666667 ], [ 75.396666666666661, 34.936666666666667 ], [ 75.396666666666661, 34.93333333333333 ], [ 75.38, 34.93333333333333 ], [ 75.38, 34.936666666666667 ], [ 75.373333333333335, 34.936666666666667 ], [ 75.373333333333335, 34.94 ], [ 75.37, 34.94 ], [ 75.37, 34.943333333333335 ], [ 75.36666666666666, 34.943333333333335 ], [ 75.36666666666666, 34.946666666666665 ], [ 75.353333333333339, 34.946666666666665 ], [ 75.353333333333339, 34.95 ], [ 75.36333333333333, 34.95 ], [ 75.36333333333333, 34.966666666666669 ], [ 75.36666666666666, 34.966666666666669 ], [ 75.36666666666666, 34.97 ], [ 75.373333333333335, 34.97 ], [ 75.373333333333335, 34.973333333333336 ] ] ] } },
{ "type": "Feature", "properties": { "site_id": "SAFE-SITE-004", "cci_score": 91.199996948242188, "area_sqkm": 369.98, "capacity_families": 29598, "capacity_persons": 147990, "suitability_tier": "Optimal Prime Site (CCI ≥ 75)" }, "geometry": { "type": "Polygon", "coordinates": [ [ [ 79.67, 35.0 ], [ 79.67, 34.986666666666665 ], [ 79.666666666666671, 34.986666666666665 ], [ 79.666666666666671, 34.973333333333336 ], [ 79.676666666666662, 34.973333333333336 ], [ 79.676666666666662, 34.97 ], [ 79.68, 34.97 ], [ 79.68, 34.966666666666669 ], [ 79.683333333333337, 34.966666666666669 ], [ 79.683333333333337, 34.943333333333335 ], [ 79.686666666666667, 34.943333333333335 ], [ 79.686666666666667, 34.93333333333333 ], [ 79.683333333333337, 34.93333333333333 ], [ 79.683333333333337, 34.93 ], [ 79.67, 34.93 ], [ 79.67, 34.926666666666669 ], [ 79.666666666666671, 34.926666666666669 ], [ 79.666666666666671, 34.93 ], [ 79.65, 34.93 ], [ 79.65, 34.913333333333334 ], [ 79.663333333333327, 34.913333333333334 ], [ 79.663333333333327, 34.91 ], [ 79.666666666666671, 34.91 ], [ 79.666666666666671, 34.906666666666666 ], [ 79.67, 34.906666666666666 ], [ 79.67, 34.9 ], [ 79.656666666666666, 34.9 ], [ 79.656666666666666, 34.886666666666663 ], [ 79.64, 34.886666666666663 ], [ 79.64, 34.87 ], [ 79.653333333333336, 34.87 ], [ 79.653333333333336, 34.873333333333335 ], [ 79.656666666666666, 34.873333333333335 ], [ 79.656666666666666, 34.866666666666667 ], [ 79.66, 34.866666666666667 ], [ 79.66, 34.86 ], [ 79.68, 34.86 ], [ 79.68, 34.87 ], [ 79.69, 34.87 ], [ 79.69, 34.866666666666667 ], [ 79.706666666666663, 34.866666666666667 ], [ 79.706666666666663, 34.863333333333337 ], [ 79.723333333333329, 34.863333333333337 ], [ 79.723333333333329, 34.87 ], [ 79.726666666666659, 34.87 ], [ 79.726666666666659, 34.873333333333335 ], [ 79.736666666666665, 34.873333333333335 ], [ 79.736666666666665, 34.876666666666665 ], [ 79.74, 34.876666666666665 ], [ 79.74, 34.89 ], [ 79.736666666666665, 34.89 ], [ 79.736666666666665, 34.893333333333331 ], [ 79.73, 34.893333333333331 ], [ 79.73, 34.896666666666668 ], [ 79.716666666666669, 34.896666666666668 ], [ 79.716666666666669, 34.9 ], [ 79.72, 34.9 ], [ 79.72, 34.903333333333336 ], [ 79.733333333333334, 34.903333333333336 ], [ 79.733333333333334, 34.906666666666666 ], [ 79.756666666666661, 34.906666666666666 ], [ 79.756666666666661, 34.903333333333336 ], [ 79.76, 34.903333333333336 ], [ 79.76, 34.896666666666668 ], [ 79.756666666666661, 34.896666666666668 ], [ 79.756666666666661, 34.893333333333331 ], [ 79.74666666666667, 34.893333333333331 ], [ 79.74666666666667, 34.88 ], [ 79.75, 34.88 ], [ 79.75, 34.876666666666665 ], [ 79.763333333333335, 34.876666666666665 ], [ 79.763333333333335, 34.88 ], [ 79.783333333333331, 34.88 ], [ 79.783333333333331, 34.896666666666668 ], [ 79.786666666666662, 34.896666666666668 ], [ 79.786666666666662, 34.9 ], [ 79.79, 34.9 ], [ 79.79, 34.896666666666668 ], [ 79.793333333333337, 34.896666666666668 ], [ 79.793333333333337, 34.893333333333331 ], [ 79.796666666666667, 34.893333333333331 ], [ 79.796666666666667, 34.89 ], [ 79.8, 34.89 ], [ 79.8, 34.88 ], [ 79.813333333333333, 34.88 ], [ 79.813333333333333, 34.896666666666668 ], [ 79.816666666666663, 34.896666666666668 ], [ 79.816666666666663, 34.906666666666666 ], [ 79.82, 34.906666666666666 ], [ 79.82, 34.91 ], [ 79.833333333333329, 34.91 ], [ 79.833333333333329, 34.92 ], [ 79.843333333333334, 34.92 ], [ 79.843333333333334, 34.903333333333336 ], [ 79.84, 34.903333333333336 ], [ 79.84, 34.883333333333333 ], [ 79.86, 34.883333333333333 ], [ 79.86, 34.88 ], [ 79.876666666666665, 34.88 ], [ 79.876666666666665, 34.893333333333331 ], [ 79.88, 34.893333333333331 ], [ 79.88, 34.896666666666668 ], [ 79.896666666666661, 34.896666666666668 ], [ 79.896666666666661, 34.893333333333331 ], [ 79.903333333333336, 34.893333333333331 ], [ 79.903333333333336, 34.88 ], [ 79.916666666666671, 34.88 ], [ 79.916666666666671, 34.883333333333333 ], [ 79.923333333333332, 34.883333333333333 ], [ 79.923333333333332, 34.886666666666663 ], [ 79.95, 34.886666666666663 ], [ 79.95, 34.9 ], [ 79.953333333333333, 34.9 ], [ 79.953333333333333, 34.903333333333336 ], [ 79.956666666666663, 34.903333333333336 ], [ 79.956666666666663, 34.906666666666666 ], [ 79.963333333333338, 34.906666666666666 ], [ 79.963333333333338, 34.913333333333334 ], [ 79.966666666666669, 34.913333333333334 ], [ 79.966666666666669, 34.916666666666664 ], [ 79.986666666666665, 34.916666666666664 ], [ 79.986666666666665, 34.913333333333334 ], [ 80.0, 34.913333333333334 ], [ 80.0, 34.94 ], [ 79.986666666666665, 34.94 ], [ 79.986666666666665, 34.946666666666665 ], [ 79.983333333333334, 34.946666666666665 ], [ 79.983333333333334, 34.95 ], [ 79.98, 34.95 ], [ 79.98, 34.953333333333333 ], [ 79.966666666666669, 34.953333333333333 ], [ 79.966666666666669, 34.956666666666663 ], [ 79.97, 34.956666666666663 ], [ 79.97, 34.96 ], [ 79.976666666666659, 34.96 ], [ 79.976666666666659, 34.973333333333336 ], [ 79.98, 34.973333333333336 ], [ 79.98, 34.976666666666667 ], [ 80.0, 34.976666666666667 ], [ 80.0, 35.0 ], [ 79.856666666666669, 35.0 ], [ 79.856666666666669, 34.993333333333332 ], [ 79.853333333333339, 34.993333333333332 ], [ 79.853333333333339, 34.99 ], [ 79.84, 34.99 ], [ 79.84, 34.993333333333332 ], [ 79.826666666666668, 34.993333333333332 ], [ 79.826666666666668, 35.0 ], [ 79.67, 35.0 ] ], [ [ 79.9, 34.976666666666667 ], [ 79.906666666666666, 34.976666666666667 ], [ 79.906666666666666, 34.973333333333336 ], [ 79.91, 34.973333333333336 ], [ 79.91, 34.966666666666669 ], [ 79.913333333333327, 34.966666666666669 ], [ 79.913333333333327, 34.963333333333331 ], [ 79.91, 34.963333333333331 ], [ 79.91, 34.96 ], [ 79.896666666666661, 34.96 ], [ 79.896666666666661, 34.956666666666663 ], [ 79.88333333333334, 34.956666666666663 ], [ 79.88333333333334, 34.963333333333331 ], [ 79.87, 34.963333333333331 ], [ 79.87, 34.966666666666669 ], [ 79.873333333333335, 34.966666666666669 ], [ 79.873333333333335, 34.97 ], [ 79.88666666666667, 34.97 ], [ 79.88666666666667, 34.973333333333336 ], [ 79.9, 34.973333333333336 ], [ 79.9, 34.976666666666667 ] ], [ [ 79.69, 34.9 ], [ 79.696666666666673, 34.9 ], [ 79.696666666666673, 34.896666666666668 ], [ 79.703333333333333, 34.896666666666668 ], [ 79.703333333333333, 34.893333333333331 ], [ 79.706666666666663, 34.893333333333331 ], [ 79.706666666666663, 34.886666666666663 ], [ 79.703333333333333, 34.886666666666663 ], [ 79.703333333333333, 34.883333333333333 ], [ 79.69, 34.883333333333333 ], [ 79.69, 34.886666666666663 ], [ 79.686666666666667, 34.886666666666663 ], [ 79.686666666666667, 34.896666666666668 ], [ 79.69, 34.896666666666668 ], [ 79.69, 34.9 ] ] ] } },
{ "type": "Feature", "properties": { "site_id": "SAFE-SITE-005", "cci_score": 91.199996948242188, "area_sqkm": 13.59, "capacity_families": 1086, "capacity_persons": 5430, "suitability_tier": "Optimal Prime Site (CCI ≥ 75)" }, "geometry": { "type": "Polygon", "coordinates": [ [ [ 77.466666666666669, 34.9 ], [ 77.466666666666669, 34.883333333333333 ], [ 77.47, 34.883333333333333 ], [ 77.47, 34.866666666666667 ], [ 77.473333333333329, 34.866666666666667 ], [ 77.473333333333329, 34.86 ], [ 77.476666666666674, 34.86 ], [ 77.476666666666674, 34.853333333333332 ], [ 77.48, 34.853333333333332 ], [ 77.48, 34.85 ], [ 77.483333333333334, 34.85 ], [ 77.483333333333334, 34.84 ], [ 77.49, 34.84 ], [ 77.49, 34.826666666666668 ], [ 77.493333333333339, 34.826666666666668 ], [ 77.493333333333339, 34.823333333333331 ], [ 77.49666666666667, 34.823333333333331 ], [ 77.49666666666667, 34.82 ], [ 77.51, 34.82 ], [ 77.51, 34.836666666666666 ], [ 77.506666666666661, 34.836666666666666 ], [ 77.506666666666661, 34.84 ], [ 77.50333333333333, 34.84 ], [ 77.50333333333333, 34.843333333333334 ], [ 77.49666666666667, 34.843333333333334 ], [ 77.49666666666667, 34.86 ], [ 77.493333333333339, 34.86 ], [ 77.493333333333339, 34.863333333333337 ], [ 77.49, 34.863333333333337 ], [ 77.49, 34.866666666666667 ], [ 77.486666666666665, 34.866666666666667 ], [ 77.486666666666665, 34.876666666666665 ], [ 77.483333333333334, 34.876666666666665 ], [ 77.483333333333334, 34.883333333333333 ], [ 77.48, 34.883333333333333 ], [ 77.48, 34.9 ], [ 77.466666666666669, 34.9 ] ] ] } },
{ "type": "Feature", "properties": { "site_id": "SAFE-SITE-006", "cci_score": 91.199996948242188, "area_sqkm": 3482.07, "capacity_families": 278565, "capacity_persons": 1392825, "suitability_tier": "Optimal Prime Site (CCI ≥ 75)" }, "geometry": { "type": "Polygon", "coordinates": [ [ [ 78.553333333333327, 35.0 ], [ 78.553333333333327, 34.986666666666665 ], [ 78.546666666666667, 34.986666666666665 ], [ 78.546666666666667, 34.983333333333334 ], [ 78.54, 34.983333333333334 ], [ 78.54, 34.97 ], [ 78.546666666666667, 34.97 ], [ 78.546666666666667, 34.956666666666663 ], [ 78.556666666666672, 34.956666666666663 ], [ 78.556666666666672, 34.953333333333333 ], [ 78.57, 34.953333333333333 ], [ 78.57, 34.956666666666663 ], [ 78.593333333333334, 34.956666666666663 ], [ 78.593333333333334, 34.953333333333333 ], [ 78.596666666666664, 34.953333333333333 ], [ 78.596666666666664, 34.95 ], [ 78.6, 34.95 ], [ 78.6, 34.946666666666665 ], [ 78.61, 34.946666666666665 ], [ 78.61, 34.943333333333335 ], [ 78.61333333333333, 34.943333333333335 ], [ 78.61333333333333, 34.94 ], [ 78.62, 34.94 ], [ 78.62, 34.936666666666667 ], [ 78.626666666666665, 34.936666666666667 ], [ 78.626666666666665, 34.93 ], [ 78.646666666666661, 34.93 ], [ 78.646666666666661, 34.926666666666669 ], [ 78.663333333333327, 34.926666666666669 ], [ 78.663333333333327, 34.923333333333332 ], [ 78.673333333333332, 34.923333333333332 ], [ 78.673333333333332, 34.92 ], [ 78.676666666666662, 34.92 ], [ 78.676666666666662, 34.916666666666664 ], [ 78.68, 34.916666666666664 ], [ 78.68, 34.913333333333334 ], [ 78.693333333333328, 34.913333333333334 ], [ 78.693333333333328, 34.91 ], [ 78.696666666666673, 34.91 ], [ 78.696666666666673, 34.906666666666666 ], [ 78.7, 34.906666666666666 ], [ 78.7, 34.903333333333336 ], [ 78.713333333333338, 34.903333333333336 ], [ 78.713333333333338, 34.9 ], [ 78.72, 34.9 ], [ 78.72, 34.896666666666668 ], [ 78.723333333333329, 34.896666666666668 ], [ 78.723333333333329, 34.89 ], [ 78.72, 34.89 ], [ 78.72, 34.87 ], [ 78.723333333333329, 34.87 ], [ 78.723333333333329, 34.86 ], [ 78.726666666666674, 34.86 ], [ 78.726666666666674, 34.856666666666669 ], [ 78.72, 34.856666666666669 ], [ 78.72, 34.853333333333332 ], [ 78.716666666666669, 34.853333333333332 ], [ 78.716666666666669, 34.836666666666666 ], [ 78.71, 34.836666666666666 ], [ 78.71, 34.823333333333331 ], [ 78.713333333333338, 34.823333333333331 ], [ 78.713333333333338, 34.81 ], [ 78.716666666666669, 34.81 ], [ 78.716666666666669, 34.803333333333335 ], [ 78.723333333333329, 34.803333333333335 ], [ 78.723333333333329, 34.8 ], [ 78.72, 34.8 ], [ 78.72, 34.786666666666669 ], [ 78.733333333333334, 34.786666666666669 ], [ 78.733333333333334, 34.783333333333331 ], [ 78.736666666666665, 34.783333333333331 ], [ 78.736666666666665, 34.776666666666664 ], [ 78.733333333333334, 34.776666666666664 ], [ 78.733333333333334, 34.773333333333333 ], [ 78.73, 34.773333333333333 ], [ 78.73, 34.77 ], [ 78.723333333333329, 34.77 ], [ 78.723333333333329, 34.766666666666666 ], [ 78.72, 34.766666666666666 ], [ 78.72, 34.763333333333335 ], [ 78.716666666666669, 34.763333333333335 ], [ 78.716666666666669, 34.76 ], [ 78.713333333333338, 34.76 ], [ 78.713333333333338, 34.756666666666668 ], [ 78.706666666666663, 34.756666666666668 ], [ 78.706666666666663, 34.75333333333333 ], [ 78.69, 34.75333333333333 ], [ 78.69, 34.75 ], [ 78.686666666666667, 34.75 ], [ 78.686666666666667, 34.733333333333334 ], [ 78.69, 34.733333333333334 ], [ 78.69, 34.723333333333336 ], [ 78.693333333333328, 34.723333333333336 ], [ 78.693333333333328, 34.72 ], [ 78.706666666666663, 34.72 ], [ 78.706666666666663, 34.73 ], [ 78.71, 34.73 ], [ 78.71, 34.733333333333334 ], [ 78.726666666666674, 34.733333333333334 ], [ 78.726666666666674, 34.716666666666669 ], [ 78.74, 34.716666666666669 ], [ 78.74, 34.72 ], [ 78.74666666666667, 34.72 ], [ 78.74666666666667, 34.75333333333333 ], [ 78.75, 34.75333333333333 ], [ 78.75, 34.756666666666668 ], [ 78.76, 34.756666666666668 ], [ 78.76, 34.763333333333335 ], [ 78.763333333333335, 34.763333333333335 ], [ 78.763333333333335, 34.766666666666666 ], [ 78.766666666666666, 34.766666666666666 ], [ 78.766666666666666, 34.763333333333335 ], [ 78.773333333333341, 34.763333333333335 ], [ 78.773333333333341, 34.76 ], [ 78.776666666666671, 34.76 ], [ 78.776666666666671, 34.756666666666668 ], [ 78.783333333333331, 34.756666666666668 ], [ 78.783333333333331, 34.75333333333333 ], [ 78.786666666666662, 34.75333333333333 ], [ 78.786666666666662, 34.743333333333332 ], [ 78.8, 34.743333333333332 ], [ 78.8, 34.74 ], [ 78.79, 34.74 ], [ 78.79, 34.726666666666667 ], [ 78.783333333333331, 34.726666666666667 ], [ 78.783333333333331, 34.72 ], [ 78.78, 34.72 ], [ 78.78, 34.7 ], [ 78.793333333333337, 34.7 ], [ 78.793333333333337, 34.706666666666663 ], [ 78.796666666666667, 34.706666666666663 ], [ 78.796666666666667, 34.726666666666667 ], [ 78.8, 34.726666666666667 ], [ 78.8, 34.72 ], [ 78.803333333333327, 34.72 ], [ 78.803333333333327, 34.713333333333331 ], [ 78.813333333333333, 34.713333333333331 ], [ 78.813333333333333, 34.71 ], [ 78.83, 34.71 ], [ 78.83, 34.713333333333331 ], [ 78.833333333333329, 34.713333333333331 ], [ 78.833333333333329, 34.71 ], [ 78.846666666666664, 34.71 ], [ 78.846666666666664, 34.703333333333333 ], [ 78.86, 34.703333333333333 ], [ 78.86, 34.706666666666663 ], [ 78.86666666666666, 34.706666666666663 ], [ 78.86666666666666, 34.71 ], [ 78.873333333333335, 34.71 ], [ 78.873333333333335, 34.713333333333331 ], [ 78.876666666666665, 34.713333333333331 ], [ 78.876666666666665, 34.716666666666669 ], [ 78.88333333333334, 34.716666666666669 ], [ 78.88333333333334, 34.72 ], [ 78.89, 34.72 ], [ 78.89, 34.716666666666669 ], [ 78.926666666666662, 34.716666666666669 ], [ 78.926666666666662, 34.726666666666667 ], [ 78.933333333333337, 34.726666666666667 ], [ 78.933333333333337, 34.723333333333336 ], [ 78.936666666666667, 34.723333333333336 ], [ 78.936666666666667, 34.713333333333331 ], [ 78.943333333333328, 34.713333333333331 ], [ 78.943333333333328, 34.71 ], [ 78.933333333333337, 34.71 ], [ 78.933333333333337, 34.713333333333331 ], [ 78.916666666666671, 34.713333333333331 ], [ 78.916666666666671, 34.706666666666663 ], [ 78.91, 34.706666666666663 ], [ 78.91, 34.703333333333333 ], [ 78.906666666666666, 34.703333333333333 ], [ 78.906666666666666, 34.7 ], [ 78.89, 34.7 ], [ 78.89, 34.696666666666665 ], [ 78.873333333333335, 34.696666666666665 ], [ 78.873333333333335, 34.693333333333335 ], [ 78.87, 34.693333333333335 ], [ 78.87, 34.69 ], [ 78.86666666666666, 34.69 ], [ 78.86666666666666, 34.686666666666667 ], [ 78.86, 34.686666666666667 ], [ 78.86, 34.673333333333332 ], [ 78.87, 34.673333333333332 ], [ 78.87, 34.67 ], [ 78.853333333333339, 34.67 ], [ 78.853333333333339, 34.666666666666664 ], [ 78.846666666666664, 34.666666666666664 ], [ 78.846666666666664, 34.663333333333334 ], [ 78.83, 34.663333333333334 ], [ 78.83, 34.66 ], [ 78.806666666666672, 34.66 ], [ 78.806666666666672, 34.666666666666664 ], [ 78.793333333333337, 34.666666666666664 ], [ 78.793333333333337, 34.646666666666668 ], [ 78.79, 34.646666666666668 ], [ 78.79, 34.643333333333331 ], [ 78.786666666666662, 34.643333333333331 ], [ 78.786666666666662, 34.626666666666665 ], [ 78.79, 34.626666666666665 ], [ 78.79, 34.623333333333335 ], [ 78.793333333333337, 34.623333333333335 ], [ 78.793333333333337, 34.62 ], [ 78.796666666666667, 34.62 ], [ 78.796666666666667, 34.616666666666667 ], [ 78.806666666666672, 34.616666666666667 ], [ 78.806666666666672, 34.61333333333333 ], [ 78.79, 34.61333333333333 ], [ 78.79, 34.61 ], [ 78.78, 34.61 ], [ 78.78, 34.616666666666667 ], [ 78.75, 34.616666666666667 ], [ 78.75, 34.61333333333333 ], [ 78.743333333333339, 34.61333333333333 ], [ 78.743333333333339, 34.61 ], [ 78.73, 34.61 ], [ 78.73, 34.61333333333333 ], [ 78.726666666666674, 34.61333333333333 ], [ 78.726666666666674, 34.623333333333335 ], [ 78.74, 34.623333333333335 ], [ 78.74, 34.626666666666665 ], [ 78.743333333333339, 34.626666666666665 ], [ 78.743333333333339, 34.62 ], [ 78.756666666666661, 34.62 ], [ 78.756666666666661, 34.636666666666663 ], [ 78.75333333333333, 34.636666666666663 ], [ 78.75333333333333, 34.653333333333336 ], [ 78.74666666666667, 34.653333333333336 ], [ 78.74666666666667, 34.656666666666666 ], [ 78.72, 34.656666666666666 ], [ 78.72, 34.64 ], [ 78.723333333333329, 34.64 ], [ 78.723333333333329, 34.623333333333335 ], [ 78.713333333333338, 34.623333333333335 ], [ 78.713333333333338, 34.62 ], [ 78.71, 34.62 ], [ 78.71, 34.593333333333334 ], [ 78.736666666666665, 34.593333333333334 ], [ 78.736666666666665, 34.59 ], [ 78.75333333333333, 34.59 ], [ 78.75333333333333, 34.586666666666666 ], [ 78.77, 34.586666666666666 ], [ 78.77, 34.583333333333336 ], [ 78.803333333333327, 34.583333333333336 ], [ 78.803333333333327, 34.586666666666666 ], [ 78.806666666666672, 34.586666666666666 ], [ 78.806666666666672, 34.583333333333336 ], [ 78.823333333333338, 34.583333333333336 ], [ 78.823333333333338, 34.59 ], [ 78.826666666666668, 34.59 ], [ 78.826666666666668, 34.593333333333334 ], [ 78.836666666666673, 34.593333333333334 ], [ 78.836666666666673, 34.596666666666664 ], [ 78.85, 34.596666666666664 ], [ 78.85, 34.593333333333334 ], [ 78.853333333333339, 34.593333333333334 ], [ 78.853333333333339, 34.58 ], [ 78.86666666666666, 34.58 ], [ 78.86666666666666, 34.586666666666666 ], [ 78.876666666666665, 34.586666666666666 ], [ 78.876666666666665, 34.593333333333334 ], [ 78.896666666666661, 34.593333333333334 ], [ 78.896666666666661, 34.596666666666664 ], [ 78.91, 34.596666666666664 ], [ 78.91, 34.61 ], [ 78.916666666666671, 34.61 ], [ 78.916666666666671, 34.61333333333333 ], [ 78.92, 34.61333333333333 ], [ 78.92, 34.61 ], [ 78.936666666666667, 34.61 ], [ 78.936666666666667, 34.606666666666669 ], [ 78.95, 34.606666666666669 ], [ 78.95, 34.61 ], [ 78.953333333333333, 34.61 ], [ 78.953333333333333, 34.61333333333333 ], [ 78.966666666666669, 34.61333333333333 ], [ 78.966666666666669, 34.616666666666667 ], [ 78.986666666666665, 34.616666666666667 ], [ 78.986666666666665, 34.63 ], [ 78.976666666666674, 34.63 ], [ 78.976666666666674, 34.633333333333333 ], [ 78.973333333333329, 34.633333333333333 ], [ 78.973333333333329, 34.636666666666663 ], [ 78.97, 34.636666666666663 ], [ 78.97, 34.643333333333331 ], [ 78.956666666666663, 34.643333333333331 ], [ 78.956666666666663, 34.646666666666668 ], [ 78.933333333333337, 34.646666666666668 ], [ 78.933333333333337, 34.663333333333334 ], [ 78.926666666666662, 34.663333333333334 ], [ 78.926666666666662, 34.68 ], [ 78.93, 34.68 ], [ 78.93, 34.68333333333333 ], [ 78.95, 34.68333333333333 ], [ 78.95, 34.693333333333335 ], [ 78.953333333333333, 34.693333333333335 ], [ 78.953333333333333, 34.696666666666665 ], [ 78.956666666666663, 34.696666666666665 ], [ 78.956666666666663, 34.7 ], [ 78.966666666666669, 34.7 ], [ 78.966666666666669, 34.696666666666665 ], [ 78.973333333333329, 34.696666666666665 ], [ 78.973333333333329, 34.68333333333333 ], [ 78.99, 34.68333333333333 ], [ 78.99, 34.68 ], [ 79.006666666666661, 34.68 ], [ 79.006666666666661, 34.686666666666667 ], [ 79.01, 34.686666666666667 ], [ 79.01, 34.69 ], [ 79.013333333333335, 34.69 ], [ 79.013333333333335, 34.693333333333335 ], [ 79.016666666666666, 34.693333333333335 ], [ 79.016666666666666, 34.69 ], [ 79.023333333333341, 34.69 ], [ 79.023333333333341, 34.68 ], [ 79.02, 34.68 ], [ 79.02, 34.676666666666669 ], [ 79.013333333333335, 34.676666666666669 ], [ 79.013333333333335, 34.66 ], [ 79.026666666666671, 34.66 ], [ 79.026666666666671, 34.663333333333334 ], [ 79.03, 34.663333333333334 ], [ 79.03, 34.666666666666664 ], [ 79.043333333333337, 34.666666666666664 ], [ 79.043333333333337, 34.68333333333333 ], [ 79.056666666666672, 34.68333333333333 ], [ 79.056666666666672, 34.676666666666669 ], [ 79.073333333333338, 34.676666666666669 ], [ 79.073333333333338, 34.673333333333332 ], [ 79.076666666666668, 34.673333333333332 ], [ 79.076666666666668, 34.666666666666664 ], [ 79.093333333333334, 34.666666666666664 ], [ 79.093333333333334, 34.67 ], [ 79.1, 34.67 ], [ 79.1, 34.666666666666664 ], [ 79.116666666666674, 34.666666666666664 ], [ 79.116666666666674, 34.66 ], [ 79.126666666666665, 34.66 ], [ 79.126666666666665, 34.656666666666666 ], [ 79.13, 34.656666666666666 ], [ 79.13, 34.636666666666663 ], [ 79.143333333333331, 34.636666666666663 ], [ 79.143333333333331, 34.633333333333333 ], [ 79.15, 34.633333333333333 ], [ 79.15, 34.63 ], [ 79.156666666666666, 34.63 ], [ 79.156666666666666, 34.616666666666667 ], [ 79.173333333333332, 34.616666666666667 ], [ 79.173333333333332, 34.61333333333333 ], [ 79.18, 34.61333333333333 ], [ 79.18, 34.61 ], [ 79.186666666666667, 34.61 ], [ 79.186666666666667, 34.606666666666669 ], [ 79.21, 34.606666666666669 ], [ 79.21, 34.603333333333332 ], [ 79.213333333333338, 34.603333333333332 ], [ 79.213333333333338, 34.6 ], [ 79.216666666666669, 34.6 ], [ 79.216666666666669, 34.59 ], [ 79.226666666666659, 34.59 ], [ 79.226666666666659, 34.586666666666666 ], [ 79.23, 34.586666666666666 ], [ 79.23, 34.58 ], [ 79.226666666666659, 34.58 ], [ 79.226666666666659, 34.576666666666668 ], [ 79.223333333333329, 34.576666666666668 ], [ 79.223333333333329, 34.563333333333333 ], [ 79.203333333333333, 34.563333333333333 ], [ 79.203333333333333, 34.556666666666665 ], [ 79.193333333333328, 34.556666666666665 ], [ 79.193333333333328, 34.536666666666669 ], [ 79.206666666666663, 34.536666666666669 ], [ 79.206666666666663, 34.54 ], [ 79.21, 34.54 ], [ 79.21, 34.543333333333337 ], [ 79.216666666666669, 34.543333333333337 ], [ 79.216666666666669, 34.546666666666667 ], [ 79.223333333333329, 34.546666666666667 ], [ 79.223333333333329, 34.556666666666665 ], [ 79.23, 34.556666666666665 ], [ 79.23, 34.54 ], [ 79.243333333333339, 34.54 ], [ 79.243333333333339, 34.536666666666669 ], [ 79.256666666666661, 34.536666666666669 ], [ 79.256666666666661, 34.546666666666667 ], [ 79.26, 34.546666666666667 ], [ 79.26, 34.55 ], [ 79.286666666666662, 34.55 ], [ 79.286666666666662, 34.553333333333335 ], [ 79.29, 34.553333333333335 ], [ 79.29, 34.556666666666665 ], [ 79.293333333333337, 34.556666666666665 ], [ 79.293333333333337, 34.563333333333333 ], [ 79.296666666666667, 34.563333333333333 ], [ 79.296666666666667, 34.56666666666667 ], [ 79.3, 34.56666666666667 ], [ 79.3, 34.57 ], [ 79.306666666666672, 34.57 ], [ 79.306666666666672, 34.573333333333331 ], [ 79.313333333333333, 34.573333333333331 ], [ 79.313333333333333, 34.56666666666667 ], [ 79.31, 34.56666666666667 ], [ 79.31, 34.553333333333335 ], [ 79.306666666666672, 34.553333333333335 ], [ 79.306666666666672, 34.536666666666669 ], [ 79.326666666666668, 34.536666666666669 ], [ 79.326666666666668, 34.55 ], [ 79.33, 34.55 ], [ 79.33, 34.553333333333335 ], [ 79.346666666666664, 34.553333333333335 ], [ 79.346666666666664, 34.556666666666665 ], [ 79.35, 34.556666666666665 ], [ 79.35, 34.553333333333335 ], [ 79.366666666666674, 34.553333333333335 ], [ 79.366666666666674, 34.556666666666665 ], [ 79.38, 34.556666666666665 ], [ 79.38, 34.55 ], [ 79.353333333333339, 34.55 ], [ 79.353333333333339, 34.533333333333331 ], [ 79.373333333333335, 34.533333333333331 ], [ 79.373333333333335, 34.536666666666669 ], [ 79.393333333333331, 34.536666666666669 ], [ 79.393333333333331, 34.543333333333337 ], [ 79.4, 34.543333333333337 ], [ 79.4, 34.546666666666667 ], [ 79.406666666666666, 34.546666666666667 ], [ 79.406666666666666, 34.543333333333337 ], [ 79.413333333333327, 34.543333333333337 ], [ 79.413333333333327, 34.54 ], [ 79.416666666666671, 34.54 ], [ 79.416666666666671, 34.523333333333333 ], [ 79.43, 34.523333333333333 ], [ 79.43, 34.53 ], [ 79.433333333333337, 34.53 ], [ 79.433333333333337, 34.536666666666669 ], [ 79.443333333333328, 34.536666666666669 ], [ 79.443333333333328, 34.54 ], [ 79.45, 34.54 ], [ 79.45, 34.543333333333337 ], [ 79.453333333333333, 34.543333333333337 ], [ 79.453333333333333, 34.546666666666667 ], [ 79.46, 34.546666666666667 ], [ 79.46, 34.553333333333335 ], [ 79.473333333333329, 34.553333333333335 ], [ 79.473333333333329, 34.55 ], [ 79.476666666666659, 34.55 ], [ 79.476666666666659, 34.546666666666667 ], [ 79.493333333333339, 34.546666666666667 ], [ 79.493333333333339, 34.55 ], [ 79.49666666666667, 34.55 ], [ 79.49666666666667, 34.563333333333333 ], [ 79.493333333333339, 34.563333333333333 ], [ 79.493333333333339, 34.56666666666667 ], [ 79.49, 34.56666666666667 ], [ 79.49, 34.57 ], [ 79.483333333333334, 34.57 ], [ 79.483333333333334, 34.573333333333331 ], [ 79.443333333333328, 34.573333333333331 ], [ 79.443333333333328, 34.583333333333336 ], [ 79.43, 34.583333333333336 ], [ 79.43, 34.586666666666666 ], [ 79.436666666666667, 34.586666666666666 ], [ 79.436666666666667, 34.6 ], [ 79.426666666666662, 34.6 ], [ 79.426666666666662, 34.603333333333332 ], [ 79.423333333333332, 34.603333333333332 ], [ 79.423333333333332, 34.606666666666669 ], [ 79.426666666666662, 34.606666666666669 ], [ 79.426666666666662, 34.61 ], [ 79.446666666666673, 34.61 ], [ 79.446666666666673, 34.59 ], [ 79.45, 34.59 ], [ 79.45, 34.586666666666666 ], [ 79.47, 34.586666666666666 ], [ 79.47, 34.616666666666667 ], [ 79.446666666666673, 34.616666666666667 ], [ 79.446666666666673, 34.62 ], [ 79.45, 34.62 ], [ 79.45, 34.623333333333335 ], [ 79.473333333333329, 34.623333333333335 ], [ 79.473333333333329, 34.64 ], [ 79.48, 34.64 ], [ 79.48, 34.643333333333331 ], [ 79.483333333333334, 34.643333333333331 ], [ 79.483333333333334, 34.656666666666666 ], [ 79.48, 34.656666666666666 ], [ 79.48, 34.66 ], [ 79.476666666666659, 34.66 ], [ 79.476666666666659, 34.663333333333334 ], [ 79.48, 34.663333333333334 ], [ 79.48, 34.666666666666664 ], [ 79.483333333333334, 34.666666666666664 ], [ 79.483333333333334, 34.68 ], [ 79.476666666666659, 34.68 ], [ 79.476666666666659, 34.68333333333333 ], [ 79.47, 34.68333333333333 ], [ 79.47, 34.686666666666667 ], [ 79.473333333333329, 34.686666666666667 ], [ 79.473333333333329, 34.69 ], [ 79.516666666666666, 34.69 ], [ 79.516666666666666, 34.686666666666667 ], [ 79.52, 34.686666666666667 ], [ 79.52, 34.68 ], [ 79.506666666666661, 34.68 ], [ 79.506666666666661, 34.676666666666669 ], [ 79.493333333333339, 34.676666666666669 ], [ 79.493333333333339, 34.663333333333334 ], [ 79.49666666666667, 34.663333333333334 ], [ 79.49666666666667, 34.656666666666666 ], [ 79.5, 34.656666666666666 ], [ 79.5, 34.643333333333331 ], [ 79.50333333333333, 34.643333333333331 ], [ 79.50333333333333, 34.64 ], [ 79.506666666666661, 34.64 ], [ 79.506666666666661, 34.636666666666663 ], [ 79.51, 34.636666666666663 ], [ 79.51, 34.633333333333333 ], [ 79.513333333333335, 34.633333333333333 ], [ 79.513333333333335, 34.63 ], [ 79.51, 34.63 ], [ 79.51, 34.626666666666665 ], [ 79.49666666666667, 34.626666666666665 ], [ 79.49666666666667, 34.61 ], [ 79.473333333333329, 34.61 ], [ 79.473333333333329, 34.596666666666664 ], [ 79.476666666666659, 34.596666666666664 ], [ 79.476666666666659, 34.583333333333336 ], [ 79.49, 34.583333333333336 ], [ 79.49, 34.58 ], [ 79.50333333333333, 34.58 ], [ 79.50333333333333, 34.593333333333334 ], [ 79.49, 34.593333333333334 ], [ 79.49, 34.596666666666664 ], [ 79.49666666666667, 34.596666666666664 ], [ 79.49666666666667, 34.603333333333332 ], [ 79.53, 34.603333333333332 ], [ 79.53, 34.61 ], [ 79.533333333333331, 34.61 ], [ 79.533333333333331, 34.606666666666669 ], [ 79.54, 34.606666666666669 ], [ 79.54, 34.603333333333332 ], [ 79.543333333333337, 34.603333333333332 ], [ 79.543333333333337, 34.596666666666664 ], [ 79.566666666666663, 34.596666666666664 ], [ 79.566666666666663, 34.61 ], [ 79.586666666666673, 34.61 ], [ 79.586666666666673, 34.606666666666669 ], [ 79.596666666666664, 34.606666666666669 ], [ 79.596666666666664, 34.603333333333332 ], [ 79.6, 34.603333333333332 ], [ 79.6, 34.6 ], [ 79.603333333333339, 34.6 ], [ 79.603333333333339, 34.593333333333334 ], [ 79.61, 34.593333333333334 ], [ 79.61, 34.59 ], [ 79.626666666666665, 34.59 ], [ 79.626666666666665, 34.586666666666666 ], [ 79.63, 34.586666666666666 ], [ 79.63, 34.583333333333336 ], [ 79.64, 34.583333333333336 ], [ 79.64, 34.58 ], [ 79.646666666666661, 34.58 ], [ 79.646666666666661, 34.576666666666668 ], [ 79.66, 34.576666666666668 ], [ 79.66, 34.59 ], [ 79.656666666666666, 34.59 ], [ 79.656666666666666, 34.596666666666664 ], [ 79.65, 34.596666666666664 ], [ 79.65, 34.61333333333333 ], [ 79.656666666666666, 34.61333333333333 ], [ 79.656666666666666, 34.61 ], [ 79.663333333333327, 34.61 ], [ 79.663333333333327, 34.6 ], [ 79.673333333333332, 34.6 ], [ 79.673333333333332, 34.596666666666664 ], [ 79.686666666666667, 34.596666666666664 ], [ 79.686666666666667, 34.606666666666669 ], [ 79.69, 34.606666666666669 ], [ 79.69, 34.61 ], [ 79.693333333333328, 34.61 ], [ 79.693333333333328, 34.61333333333333 ], [ 79.706666666666663, 34.61333333333333 ], [ 79.706666666666663, 34.62 ], [ 79.71, 34.62 ], [ 79.71, 34.623333333333335 ], [ 79.713333333333338, 34.623333333333335 ], [ 79.713333333333338, 34.626666666666665 ], [ 79.716666666666669, 34.626666666666665 ], [ 79.716666666666669, 34.63 ], [ 79.733333333333334, 34.63 ], [ 79.733333333333334, 34.643333333333331 ], [ 79.736666666666665, 34.643333333333331 ], [ 79.736666666666665, 34.646666666666668 ], [ 79.74666666666667, 34.646666666666668 ], [ 79.74666666666667, 34.643333333333331 ], [ 79.756666666666661, 34.643333333333331 ], [ 79.756666666666661, 34.64 ], [ 79.76, 34.64 ], [ 79.76, 34.636666666666663 ], [ 79.763333333333335, 34.636666666666663 ], [ 79.763333333333335, 34.626666666666665 ], [ 79.76, 34.626666666666665 ], [ 79.76, 34.623333333333335 ], [ 79.756666666666661, 34.623333333333335 ], [ 79.756666666666661, 34.61 ], [ 79.766666666666666, 34.61 ], [ 79.766666666666666, 34.606666666666669 ], [ 79.776666666666671, 34.606666666666669 ], [ 79.776666666666671, 34.603333333333332 ], [ 79.78, 34.603333333333332 ], [ 79.78, 34.6 ], [ 79.796666666666667, 34.6 ], [ 79.796666666666667, 34.616666666666667 ], [ 79.8, 34.616666666666667 ], [ 79.8, 34.62 ], [ 79.81, 34.62 ], [ 79.81, 34.63 ], [ 79.816666666666663, 34.63 ], [ 79.816666666666663, 34.633333333333333 ], [ 79.823333333333338, 34.633333333333333 ], [ 79.823333333333338, 34.63 ], [ 79.826666666666668, 34.63 ], [ 79.826666666666668, 34.62 ], [ 79.84, 34.62 ], [ 79.84, 34.636666666666663 ], [ 79.843333333333334, 34.636666666666663 ], [ 79.843333333333334, 34.64 ], [ 79.856666666666669, 34.64 ], [ 79.856666666666669, 34.636666666666663 ], [ 79.86, 34.636666666666663 ], [ 79.86, 34.63 ], [ 79.856666666666669, 34.63 ], [ 79.856666666666669, 34.623333333333335 ], [ 79.853333333333339, 34.623333333333335 ], [ 79.853333333333339, 34.62 ], [ 79.843333333333334, 34.62 ], [ 79.843333333333334, 34.603333333333332 ], [ 79.856666666666669, 34.603333333333332 ], [ 79.856666666666669, 34.606666666666669 ], [ 79.866666666666674, 34.606666666666669 ], [ 79.866666666666674, 34.603333333333332 ], [ 79.87, 34.603333333333332 ], [ 79.87, 34.596666666666664 ], [ 79.893333333333331, 34.596666666666664 ], [ 79.893333333333331, 34.6 ], [ 79.903333333333336, 34.6 ], [ 79.903333333333336, 34.596666666666664 ], [ 79.9, 34.596666666666664 ], [ 79.9, 34.58 ], [ 79.903333333333336, 34.58 ], [ 79.903333333333336, 34.576666666666668 ], [ 79.9, 34.576666666666668 ], [ 79.9, 34.573333333333331 ], [ 79.88666666666667, 34.573333333333331 ], [ 79.88666666666667, 34.56 ], [ 79.9, 34.56 ], [ 79.9, 34.556666666666665 ], [ 79.92, 34.556666666666665 ], [ 79.92, 34.573333333333331 ], [ 79.923333333333332, 34.573333333333331 ], [ 79.923333333333332, 34.596666666666664 ], [ 79.94, 34.596666666666664 ], [ 79.94, 34.593333333333334 ], [ 79.943333333333328, 34.593333333333334 ], [ 79.943333333333328, 34.59 ], [ 79.963333333333338, 34.59 ], [ 79.963333333333338, 34.586666666666666 ], [ 79.966666666666669, 34.586666666666666 ], [ 79.966666666666669, 34.583333333333336 ], [ 79.97, 34.583333333333336 ], [ 79.97, 34.58 ], [ 79.99666666666667, 34.58 ], [ 79.99666666666667, 34.593333333333334 ], [ 79.993333333333339, 34.593333333333334 ], [ 79.993333333333339, 34.596666666666664 ], [ 79.98, 34.596666666666664 ], [ 79.98, 34.6 ], [ 79.976666666666659, 34.6 ], [ 79.976666666666659, 34.603333333333332 ], [ 79.963333333333338, 34.603333333333332 ], [ 79.963333333333338, 34.606666666666669 ], [ 79.956666666666663, 34.606666666666669 ], [ 79.956666666666663, 34.61 ], [ 79.953333333333333, 34.61 ], [ 79.953333333333333, 34.62 ], [ 79.94, 34.62 ], [ 79.94, 34.61333333333333 ], [ 79.936666666666667, 34.61333333333333 ], [ 79.936666666666667, 34.61 ], [ 79.92, 34.61 ], [ 79.92, 34.61333333333333 ], [ 79.9, 34.61333333333333 ], [ 79.9, 34.616666666666667 ], [ 79.88333333333334, 34.616666666666667 ], [ 79.88333333333334, 34.62 ], [ 79.876666666666665, 34.62 ], [ 79.876666666666665, 34.63 ], [ 79.88, 34.63 ], [ 79.88, 34.633333333333333 ], [ 79.906666666666666, 34.633333333333333 ], [ 79.906666666666666, 34.63 ], [ 79.91, 34.63 ], [ 79.91, 34.626666666666665 ], [ 79.943333333333328, 34.626666666666665 ], [ 79.943333333333328, 34.633333333333333 ], [ 79.946666666666673, 34.633333333333333 ], [ 79.946666666666673, 34.636666666666663 ], [ 79.956666666666663, 34.636666666666663 ], [ 79.956666666666663, 34.633333333333333 ], [ 79.963333333333338, 34.633333333333333 ], [ 79.963333333333338, 34.63 ], [ 79.97, 34.63 ], [ 79.97, 34.626666666666665 ], [ 79.973333333333329, 34.626666666666665 ], [ 79.973333333333329, 34.623333333333335 ], [ 79.986666666666665, 34.623333333333335 ], [ 79.986666666666665, 34.646666666666668 ], [ 79.98, 34.646666666666668 ], [ 79.98, 34.65 ], [ 79.976666666666659, 34.65 ], [ 79.976666666666659, 34.666666666666664 ], [ 79.973333333333329, 34.666666666666664 ], [ 79.973333333333329, 34.67 ], [ 79.966666666666669, 34.67 ], [ 79.966666666666669, 34.673333333333332 ], [ 79.963333333333338, 34.673333333333332 ], [ 79.963333333333338, 34.676666666666669 ], [ 79.966666666666669, 34.676666666666669 ], [ 79.966666666666669, 34.68333333333333 ], [ 79.97, 34.68333333333333 ], [ 79.97, 34.696666666666665 ], [ 79.983333333333334, 34.696666666666665 ], [ 79.983333333333334, 34.68333333333333 ], [ 80.0, 34.68333333333333 ], [ 80.0, 34.736666666666665 ], [ 79.986666666666665, 34.736666666666665 ], [ 79.986666666666665, 34.733333333333334 ], [ 79.983333333333334, 34.733333333333334 ], [ 79.983333333333334, 34.726666666666667 ], [ 79.98, 34.726666666666667 ], [ 79.98, 34.723333333333336 ], [ 79.97, 34.723333333333336 ], [ 79.97, 34.733333333333334 ], [ 79.953333333333333, 34.733333333333334 ], [ 79.953333333333333, 34.726666666666667 ], [ 79.95, 34.726666666666667 ], [ 79.95, 34.723333333333336 ], [ 79.943333333333328, 34.723333333333336 ], [ 79.943333333333328, 34.726666666666667 ], [ 79.936666666666667, 34.726666666666667 ], [ 79.936666666666667, 34.74 ], [ 79.923333333333332, 34.74 ], [ 79.923333333333332, 34.733333333333334 ], [ 79.92, 34.733333333333334 ], [ 79.92, 34.73 ], [ 79.9, 34.73 ], [ 79.9, 34.726666666666667 ], [ 79.893333333333331, 34.726666666666667 ], [ 79.893333333333331, 34.73 ], [ 79.89, 34.73 ], [ 79.89, 34.733333333333334 ], [ 79.87, 34.733333333333334 ], [ 79.87, 34.736666666666665 ], [ 79.846666666666664, 34.736666666666665 ], [ 79.846666666666664, 34.74 ], [ 79.843333333333334, 34.74 ], [ 79.843333333333334, 34.743333333333332 ], [ 79.84, 34.743333333333332 ], [ 79.84, 34.756666666666668 ], [ 79.826666666666668, 34.756666666666668 ], [ 79.826666666666668, 34.75333333333333 ], [ 79.823333333333338, 34.75333333333333 ], [ 79.823333333333338, 34.756666666666668 ], [ 79.82, 34.756666666666668 ], [ 79.82, 34.76 ], [ 79.816666666666663, 34.76 ], [ 79.816666666666663, 34.766666666666666 ], [ 79.793333333333337, 34.766666666666666 ], [ 79.793333333333337, 34.77 ], [ 79.8, 34.77 ], [ 79.8, 34.79 ], [ 79.78, 34.79 ], [ 79.78, 34.783333333333331 ], [ 79.776666666666671, 34.783333333333331 ], [ 79.776666666666671, 34.776666666666664 ], [ 79.773333333333341, 34.776666666666664 ], [ 79.773333333333341, 34.773333333333333 ], [ 79.766666666666666, 34.773333333333333 ], [ 79.766666666666666, 34.763333333333335 ], [ 79.74666666666667, 34.763333333333335 ], [ 79.74666666666667, 34.766666666666666 ], [ 79.716666666666669, 34.766666666666666 ], [ 79.716666666666669, 34.75333333333333 ], [ 79.713333333333338, 34.75333333333333 ], [ 79.713333333333338, 34.75 ], [ 79.706666666666663, 34.75 ], [ 79.706666666666663, 34.75333333333333 ], [ 79.703333333333333, 34.75333333333333 ], [ 79.703333333333333, 34.756666666666668 ], [ 79.713333333333338, 34.756666666666668 ], [ 79.713333333333338, 34.773333333333333 ], [ 79.686666666666667, 34.773333333333333 ], [ 79.686666666666667, 34.776666666666664 ], [ 79.683333333333337, 34.776666666666664 ], [ 79.683333333333337, 34.793333333333337 ], [ 79.67, 34.793333333333337 ], [ 79.67, 34.78 ], [ 79.666666666666671, 34.78 ], [ 79.666666666666671, 34.776666666666664 ], [ 79.663333333333327, 34.776666666666664 ], [ 79.663333333333327, 34.773333333333333 ], [ 79.653333333333336, 34.773333333333333 ], [ 79.653333333333336, 34.776666666666664 ], [ 79.65, 34.776666666666664 ], [ 79.65, 34.78 ], [ 79.64, 34.78 ], [ 79.64, 34.783333333333331 ], [ 79.63, 34.783333333333331 ], [ 79.63, 34.786666666666669 ], [ 79.626666666666665, 34.786666666666669 ], [ 79.626666666666665, 34.79 ], [ 79.623333333333335, 34.79 ], [ 79.623333333333335, 34.793333333333337 ], [ 79.62, 34.793333333333337 ], [ 79.62, 34.803333333333335 ], [ 79.63, 34.803333333333335 ], [ 79.63, 34.8 ], [ 79.646666666666661, 34.8 ], [ 79.646666666666661, 34.81 ], [ 79.65, 34.81 ], [ 79.65, 34.823333333333331 ], [ 79.64, 34.823333333333331 ], [ 79.64, 34.826666666666668 ], [ 79.63666666666667, 34.826666666666668 ], [ 79.63666666666667, 34.833333333333336 ], [ 79.623333333333335, 34.833333333333336 ], [ 79.623333333333335, 34.81666666666667 ], [ 79.61333333333333, 34.81666666666667 ], [ 79.61333333333333, 34.82 ], [ 79.61, 34.82 ], [ 79.61, 34.826666666666668 ], [ 79.606666666666669, 34.826666666666668 ], [ 79.606666666666669, 34.843333333333334 ], [ 79.583333333333329, 34.843333333333334 ], [ 79.583333333333329, 34.846666666666664 ], [ 79.58, 34.846666666666664 ], [ 79.58, 34.85 ], [ 79.576666666666668, 34.85 ], [ 79.576666666666668, 34.853333333333332 ], [ 79.573333333333338, 34.853333333333332 ], [ 79.573333333333338, 34.863333333333337 ], [ 79.553333333333327, 34.863333333333337 ], [ 79.553333333333327, 34.843333333333334 ], [ 79.556666666666672, 34.843333333333334 ], [ 79.556666666666672, 34.84 ], [ 79.553333333333327, 34.84 ], [ 79.553333333333327, 34.833333333333336 ], [ 79.55, 34.833333333333336 ], [ 79.55, 34.836666666666666 ], [ 79.546666666666667, 34.836666666666666 ], [ 79.546666666666667, 34.84 ], [ 79.543333333333337, 34.84 ], [ 79.543333333333337, 34.853333333333332 ], [ 79.53, 34.853333333333332 ], [ 79.53, 34.856666666666669 ], [ 79.526666666666671, 34.856666666666669 ], [ 79.526666666666671, 34.86 ], [ 79.50333333333333, 34.86 ], [ 79.50333333333333, 34.863333333333337 ], [ 79.5, 34.863333333333337 ], [ 79.5, 34.866666666666667 ], [ 79.49666666666667, 34.866666666666667 ], [ 79.49666666666667, 34.87 ], [ 79.493333333333339, 34.87 ], [ 79.493333333333339, 34.876666666666665 ], [ 79.49666666666667, 34.876666666666665 ], [ 79.49666666666667, 34.896666666666668 ], [ 79.48, 34.896666666666668 ], [ 79.48, 34.9 ], [ 79.47, 34.9 ], [ 79.47, 34.903333333333336 ], [ 79.463333333333338, 34.903333333333336 ], [ 79.463333333333338, 34.906666666666666 ], [ 79.436666666666667, 34.906666666666666 ], [ 79.436666666666667, 34.91 ], [ 79.423333333333332, 34.91 ], [ 79.423333333333332, 34.913333333333334 ], [ 79.42, 34.913333333333334 ], [ 79.42, 34.916666666666664 ], [ 79.416666666666671, 34.916666666666664 ], [ 79.416666666666671, 34.92 ], [ 79.41, 34.92 ], [ 79.41, 34.923333333333332 ], [ 79.4, 34.923333333333332 ], [ 79.4, 34.926666666666669 ], [ 79.396666666666661, 34.926666666666669 ], [ 79.396666666666661, 34.93 ], [ 79.393333333333331, 34.93 ], [ 79.393333333333331, 34.936666666666667 ], [ 79.396666666666661, 34.936666666666667 ], [ 79.396666666666661, 34.94 ], [ 79.403333333333336, 34.94 ], [ 79.403333333333336, 34.953333333333333 ], [ 79.396666666666661, 34.953333333333333 ], [ 79.396666666666661, 34.956666666666663 ], [ 79.393333333333331, 34.956666666666663 ], [ 79.393333333333331, 34.96 ], [ 79.38666666666667, 34.96 ], [ 79.38666666666667, 34.973333333333336 ], [ 79.38333333333334, 34.973333333333336 ], [ 79.38333333333334, 34.976666666666667 ], [ 79.36333333333333, 34.976666666666667 ], [ 79.36333333333333, 34.98 ], [ 79.36, 34.98 ], [ 79.36, 34.983333333333334 ], [ 79.356666666666669, 34.983333333333334 ], [ 79.356666666666669, 34.986666666666665 ], [ 79.343333333333334, 34.986666666666665 ], [ 79.343333333333334, 34.983333333333334 ], [ 79.336666666666673, 34.983333333333334 ], [ 79.336666666666673, 34.986666666666665 ], [ 79.33, 34.986666666666665 ], [ 79.33, 34.99666666666667 ], [ 79.326666666666668, 34.99666666666667 ], [ 79.326666666666668, 35.0 ], [ 79.1, 35.0 ], [ 79.1, 34.99666666666667 ], [ 79.096666666666664, 34.99666666666667 ], [ 79.096666666666664, 34.993333333333332 ], [ 79.06, 34.993333333333332 ], [ 79.06, 34.983333333333334 ], [ 79.053333333333327, 34.983333333333334 ], [ 79.053333333333327, 34.98 ], [ 79.043333333333337, 34.98 ], [ 79.043333333333337, 34.983333333333334 ], [ 79.033333333333331, 34.983333333333334 ], [ 79.033333333333331, 34.986666666666665 ], [ 79.013333333333335, 34.986666666666665 ], [ 79.013333333333335, 34.983333333333334 ], [ 79.00333333333333, 34.983333333333334 ], [ 79.00333333333333, 34.97 ], [ 79.006666666666661, 34.97 ], [ 79.006666666666661, 34.96 ], [ 79.013333333333335, 34.96 ], [ 79.013333333333335, 34.956666666666663 ], [ 79.006666666666661, 34.956666666666663 ], [ 79.006666666666661, 34.93333333333333 ], [ 79.01, 34.93333333333333 ], [ 79.01, 34.93 ], [ 79.006666666666661, 34.93 ], [ 79.006666666666661, 34.926666666666669 ], [ 79.00333333333333, 34.926666666666669 ], [ 79.00333333333333, 34.923333333333332 ], [ 78.983333333333334, 34.923333333333332 ], [ 78.983333333333334, 34.91 ], [ 78.956666666666663, 34.91 ], [ 78.956666666666663, 34.906666666666666 ], [ 78.953333333333333, 34.906666666666666 ], [ 78.953333333333333, 34.903333333333336 ], [ 78.923333333333332, 34.903333333333336 ], [ 78.923333333333332, 34.9 ], [ 78.92, 34.9 ], [ 78.92, 34.886666666666663 ], [ 78.91, 34.886666666666663 ], [ 78.91, 34.89 ], [ 78.906666666666666, 34.89 ], [ 78.906666666666666, 34.896666666666668 ], [ 78.903333333333336, 34.896666666666668 ], [ 78.903333333333336, 34.9 ], [ 78.9, 34.9 ], [ 78.9, 34.903333333333336 ], [ 78.896666666666661, 34.903333333333336 ], [ 78.896666666666661, 34.913333333333334 ], [ 78.88333333333334, 34.913333333333334 ], [ 78.88333333333334, 34.91 ], [ 78.876666666666665, 34.91 ], [ 78.876666666666665, 34.913333333333334 ], [ 78.873333333333335, 34.913333333333334 ], [ 78.873333333333335, 34.916666666666664 ], [ 78.856666666666669, 34.916666666666664 ], [ 78.856666666666669, 34.91 ], [ 78.853333333333339, 34.91 ], [ 78.853333333333339, 34.906666666666666 ], [ 78.84, 34.906666666666666 ], [ 78.84, 34.893333333333331 ], [ 78.836666666666673, 34.893333333333331 ], [ 78.836666666666673, 34.89 ], [ 78.83, 34.89 ], [ 78.83, 34.893333333333331 ], [ 78.823333333333338, 34.893333333333331 ], [ 78.823333333333338, 34.896666666666668 ], [ 78.836666666666673, 34.896666666666668 ], [ 78.836666666666673, 34.91 ], [ 78.833333333333329, 34.91 ], [ 78.833333333333329, 34.913333333333334 ], [ 78.803333333333327, 34.913333333333334 ], [ 78.803333333333327, 34.906666666666666 ], [ 78.79, 34.906666666666666 ], [ 78.79, 34.91 ], [ 78.786666666666662, 34.91 ], [ 78.786666666666662, 34.916666666666664 ], [ 78.77, 34.916666666666664 ], [ 78.77, 34.91 ], [ 78.763333333333335, 34.91 ], [ 78.763333333333335, 34.906666666666666 ], [ 78.756666666666661, 34.906666666666666 ], [ 78.756666666666661, 34.91 ], [ 78.75, 34.91 ], [ 78.75, 34.913333333333334 ], [ 78.743333333333339, 34.913333333333334 ], [ 78.743333333333339, 34.916666666666664 ], [ 78.736666666666665, 34.916666666666664 ], [ 78.736666666666665, 34.92 ], [ 78.733333333333334, 34.92 ], [ 78.733333333333334, 34.93 ], [ 78.73, 34.93 ], [ 78.73, 34.93333333333333 ], [ 78.716666666666669, 34.93333333333333 ], [ 78.716666666666669, 34.936666666666667 ], [ 78.68, 34.936666666666667 ], [ 78.68, 34.94 ], [ 78.673333333333332, 34.94 ], [ 78.673333333333332, 34.943333333333335 ], [ 78.67, 34.943333333333335 ], [ 78.67, 34.946666666666665 ], [ 78.666666666666671, 34.946666666666665 ], [ 78.666666666666671, 34.95 ], [ 78.66, 34.95 ], [ 78.66, 34.953333333333333 ], [ 78.653333333333336, 34.953333333333333 ], [ 78.653333333333336, 34.956666666666663 ], [ 78.65, 34.956666666666663 ], [ 78.65, 34.96 ], [ 78.643333333333331, 34.96 ], [ 78.643333333333331, 34.963333333333331 ], [ 78.64, 34.963333333333331 ], [ 78.64, 34.98 ], [ 78.63666666666667, 34.98 ], [ 78.63666666666667, 34.983333333333334 ], [ 78.63333333333334, 34.983333333333334 ], [ 78.63333333333334, 34.986666666666665 ], [ 78.62, 34.986666666666665 ], [ 78.62, 34.983333333333334 ], [ 78.603333333333339, 34.983333333333334 ], [ 78.603333333333339, 34.986666666666665 ], [ 78.6, 34.986666666666665 ], [ 78.6, 35.0 ], [ 78.553333333333327, 35.0 ] ], [ [ 79.05, 34.966666666666669 ], [ 79.056666666666672, 34.966666666666669 ], [ 79.056666666666672, 34.963333333333331 ], [ 79.06, 34.963333333333331 ], [ 79.06, 34.96 ], [ 79.053333333333327, 34.96 ], [ 79.053333333333327, 34.956666666666663 ], [ 79.05, 34.956666666666663 ], [ 79.05, 34.96 ], [ 79.046666666666667, 34.96 ], [ 79.046666666666667, 34.963333333333331 ], [ 79.05, 34.963333333333331 ], [ 79.05, 34.966666666666669 ] ], [ [ 79.266666666666666, 34.94 ], [ 79.27, 34.94 ], [ 79.27, 34.936666666666667 ], [ 79.266666666666666, 34.936666666666667 ], [ 79.266666666666666, 34.94 ] ], [ [ 79.036666666666662, 34.936666666666667 ], [ 79.046666666666667, 34.936666666666667 ], [ 79.046666666666667, 34.93333333333333 ], [ 79.05, 34.93333333333333 ], [ 79.05, 34.93 ], [ 79.046666666666667, 34.93 ], [ 79.046666666666667, 34.926666666666669 ], [ 79.04, 34.926666666666669 ], [ 79.04, 34.923333333333332 ], [ 79.036666666666662, 34.923333333333332 ], [ 79.036666666666662, 34.926666666666669 ], [ 79.033333333333331, 34.926666666666669 ], [ 79.033333333333331, 34.93333333333333 ], [ 79.036666666666662, 34.93333333333333 ], [ 79.036666666666662, 34.936666666666667 ] ], [ [ 78.776666666666671, 34.87 ], [ 78.78, 34.87 ], [ 78.78, 34.866666666666667 ], [ 78.786666666666662, 34.866666666666667 ], [ 78.786666666666662, 34.863333333333337 ], [ 78.79, 34.863333333333337 ], [ 78.79, 34.86 ], [ 78.793333333333337, 34.86 ], [ 78.793333333333337, 34.856666666666669 ], [ 78.786666666666662, 34.856666666666669 ], [ 78.786666666666662, 34.853333333333332 ], [ 78.783333333333331, 34.853333333333332 ], [ 78.783333333333331, 34.856666666666669 ], [ 78.776666666666671, 34.856666666666669 ], [ 78.776666666666671, 34.87 ] ], [ [ 79.46, 34.856666666666669 ], [ 79.463333333333338, 34.856666666666669 ], [ 79.463333333333338, 34.853333333333332 ], [ 79.48, 34.853333333333332 ], [ 79.48, 34.85 ], [ 79.486666666666665, 34.85 ], [ 79.486666666666665, 34.843333333333334 ], [ 79.483333333333334, 34.843333333333334 ], [ 79.483333333333334, 34.84 ], [ 79.473333333333329, 34.84 ], [ 79.473333333333329, 34.843333333333334 ], [ 79.466666666666669, 34.843333333333334 ], [ 79.466666666666669, 34.846666666666664 ], [ 79.46, 34.846666666666664 ], [ 79.46, 34.856666666666669 ] ], [ [ 79.0, 34.846666666666664 ], [ 79.00333333333333, 34.846666666666664 ], [ 79.00333333333333, 34.836666666666666 ], [ 78.99666666666667, 34.836666666666666 ], [ 78.99666666666667, 34.843333333333334 ], [ 79.0, 34.843333333333334 ], [ 79.0, 34.846666666666664 ] ], [ [ 78.856666666666669, 34.82 ], [ 78.86, 34.82 ], [ 78.86, 34.81666666666667 ], [ 78.87, 34.81666666666667 ], [ 78.87, 34.813333333333333 ], [ 78.846666666666664, 34.813333333333333 ], [ 78.846666666666664, 34.81666666666667 ], [ 78.856666666666669, 34.81666666666667 ], [ 78.856666666666669, 34.82 ] ], [ [ 79.566666666666663, 34.82 ], [ 79.583333333333329, 34.82 ], [ 79.583333333333329, 34.81666666666667 ], [ 79.58, 34.81666666666667 ], [ 79.58, 34.796666666666667 ], [ 79.593333333333334, 34.796666666666667 ], [ 79.593333333333334, 34.79 ], [ 79.6, 34.79 ], [ 79.6, 34.783333333333331 ], [ 79.596666666666664, 34.783333333333331 ], [ 79.596666666666664, 34.78 ], [ 79.58, 34.78 ], [ 79.58, 34.783333333333331 ], [ 79.57, 34.783333333333331 ], [ 79.57, 34.796666666666667 ], [ 79.556666666666672, 34.796666666666667 ], [ 79.556666666666672, 34.8 ], [ 79.55, 34.8 ], [ 79.55, 34.803333333333335 ], [ 79.546666666666667, 34.803333333333335 ], [ 79.546666666666667, 34.806666666666665 ], [ 79.553333333333327, 34.806666666666665 ], [ 79.553333333333327, 34.81 ], [ 79.566666666666663, 34.81 ], [ 79.566666666666663, 34.82 ] ], [ [ 78.896666666666661, 34.81666666666667 ], [ 78.906666666666666, 34.81666666666667 ], [ 78.906666666666666, 34.813333333333333 ], [ 78.91, 34.813333333333333 ], [ 78.91, 34.806666666666665 ], [ 78.926666666666662, 34.806666666666665 ], [ 78.926666666666662, 34.793333333333337 ], [ 78.94, 34.793333333333337 ], [ 78.94, 34.8 ], [ 78.953333333333333, 34.8 ], [ 78.953333333333333, 34.796666666666667 ], [ 78.956666666666663, 34.796666666666667 ], [ 78.956666666666663, 34.793333333333337 ], [ 78.96, 34.793333333333337 ], [ 78.96, 34.79 ], [ 78.973333333333329, 34.79 ], [ 78.973333333333329, 34.786666666666669 ], [ 78.98, 34.786666666666669 ], [ 78.98, 34.783333333333331 ], [ 78.983333333333334, 34.783333333333331 ], [ 78.983333333333334, 34.776666666666664 ], [ 78.99, 34.776666666666664 ], [ 78.99, 34.773333333333333 ], [ 78.99666666666667, 34.773333333333333 ], [ 78.99666666666667, 34.756666666666668 ], [ 79.013333333333335, 34.756666666666668 ], [ 79.013333333333335, 34.766666666666666 ], [ 79.02, 34.766666666666666 ], [ 79.02, 34.763333333333335 ], [ 79.026666666666671, 34.763333333333335 ], [ 79.026666666666671, 34.76 ], [ 79.03, 34.76 ], [ 79.03, 34.756666666666668 ], [ 79.036666666666662, 34.756666666666668 ], [ 79.036666666666662, 34.75 ], [ 79.05, 34.75 ], [ 79.05, 34.756666666666668 ], [ 79.056666666666672, 34.756666666666668 ], [ 79.056666666666672, 34.75333333333333 ], [ 79.063333333333333, 34.75333333333333 ], [ 79.063333333333333, 34.75 ], [ 79.066666666666663, 34.75 ], [ 79.066666666666663, 34.743333333333332 ], [ 79.083333333333329, 34.743333333333332 ], [ 79.083333333333329, 34.73 ], [ 79.09, 34.73 ], [ 79.09, 34.726666666666667 ], [ 79.096666666666664, 34.726666666666667 ], [ 79.096666666666664, 34.723333333333336 ], [ 79.116666666666674, 34.723333333333336 ], [ 79.116666666666674, 34.726666666666667 ], [ 79.12, 34.726666666666667 ], [ 79.12, 34.73 ], [ 79.13666666666667, 34.73 ], [ 79.13666666666667, 34.726666666666667 ], [ 79.14, 34.726666666666667 ], [ 79.14, 34.723333333333336 ], [ 79.143333333333331, 34.723333333333336 ], [ 79.143333333333331, 34.72 ], [ 79.146666666666661, 34.72 ], [ 79.146666666666661, 34.713333333333331 ], [ 79.156666666666666, 34.713333333333331 ], [ 79.156666666666666, 34.71 ], [ 79.163333333333327, 34.71 ], [ 79.163333333333327, 34.706666666666663 ], [ 79.166666666666671, 34.706666666666663 ], [ 79.166666666666671, 34.703333333333333 ], [ 79.183333333333337, 34.703333333333333 ], [ 79.183333333333337, 34.71 ], [ 79.186666666666667, 34.71 ], [ 79.186666666666667, 34.713333333333331 ], [ 79.19, 34.713333333333331 ], [ 79.19, 34.71 ], [ 79.193333333333328, 34.71 ], [ 79.193333333333328, 34.706666666666663 ], [ 79.196666666666673, 34.706666666666663 ], [ 79.196666666666673, 34.693333333333335 ], [ 79.2, 34.693333333333335 ], [ 79.2, 34.69 ], [ 79.203333333333333, 34.69 ], [ 79.203333333333333, 34.68333333333333 ], [ 79.226666666666659, 34.68333333333333 ], [ 79.226666666666659, 34.68 ], [ 79.24, 34.68 ], [ 79.24, 34.676666666666669 ], [ 79.25333333333333, 34.676666666666669 ], [ 79.25333333333333, 34.673333333333332 ], [ 79.266666666666666, 34.673333333333332 ], [ 79.266666666666666, 34.68333333333333 ], [ 79.27, 34.68333333333333 ], [ 79.27, 34.686666666666667 ], [ 79.276666666666671, 34.686666666666667 ], [ 79.276666666666671, 34.68 ], [ 79.28, 34.68 ], [ 79.28, 34.676666666666669 ], [ 79.273333333333341, 34.676666666666669 ], [ 79.273333333333341, 34.66 ], [ 79.283333333333331, 34.66 ], [ 79.283333333333331, 34.656666666666666 ], [ 79.273333333333341, 34.656666666666666 ], [ 79.273333333333341, 34.653333333333336 ], [ 79.26, 34.653333333333336 ], [ 79.26, 34.656666666666666 ], [ 79.236666666666665, 34.656666666666666 ], [ 79.236666666666665, 34.66 ], [ 79.22, 34.66 ], [ 79.22, 34.65 ], [ 79.216666666666669, 34.65 ], [ 79.216666666666669, 34.653333333333336 ], [ 79.21, 34.653333333333336 ], [ 79.21, 34.656666666666666 ], [ 79.216666666666669, 34.656666666666666 ], [ 79.216666666666669, 34.67 ], [ 79.213333333333338, 34.67 ], [ 79.213333333333338, 34.673333333333332 ], [ 79.21, 34.673333333333332 ], [ 79.21, 34.68 ], [ 79.193333333333328, 34.68 ], [ 79.193333333333328, 34.673333333333332 ], [ 79.19, 34.673333333333332 ], [ 79.19, 34.67 ], [ 79.183333333333337, 34.67 ], [ 79.183333333333337, 34.666666666666664 ], [ 79.176666666666662, 34.666666666666664 ], [ 79.176666666666662, 34.67 ], [ 79.173333333333332, 34.67 ], [ 79.173333333333332, 34.673333333333332 ], [ 79.17, 34.673333333333332 ], [ 79.17, 34.676666666666669 ], [ 79.176666666666662, 34.676666666666669 ], [ 79.176666666666662, 34.68333333333333 ], [ 79.186666666666667, 34.68333333333333 ], [ 79.186666666666667, 34.696666666666665 ], [ 79.173333333333332, 34.696666666666665 ], [ 79.173333333333332, 34.7 ], [ 79.163333333333327, 34.7 ], [ 79.163333333333327, 34.703333333333333 ], [ 79.156666666666666, 34.703333333333333 ], [ 79.156666666666666, 34.706666666666663 ], [ 79.143333333333331, 34.706666666666663 ], [ 79.143333333333331, 34.703333333333333 ], [ 79.14, 34.703333333333333 ], [ 79.14, 34.693333333333335 ], [ 79.13666666666667, 34.693333333333335 ], [ 79.13666666666667, 34.69 ], [ 79.13333333333334, 34.69 ], [ 79.13333333333334, 34.686666666666667 ], [ 79.13, 34.686666666666667 ], [ 79.13, 34.68333333333333 ], [ 79.11, 34.68333333333333 ], [ 79.11, 34.686666666666667 ], [ 79.093333333333334, 34.686666666666667 ], [ 79.093333333333334, 34.69 ], [ 79.086666666666673, 34.69 ], [ 79.086666666666673, 34.693333333333335 ], [ 79.073333333333338, 34.693333333333335 ], [ 79.073333333333338, 34.696666666666665 ], [ 79.076666666666668, 34.696666666666665 ], [ 79.076666666666668, 34.703333333333333 ], [ 79.086666666666673, 34.703333333333333 ], [ 79.086666666666673, 34.723333333333336 ], [ 79.08, 34.723333333333336 ], [ 79.08, 34.726666666666667 ], [ 79.066666666666663, 34.726666666666667 ], [ 79.066666666666663, 34.713333333333331 ], [ 79.053333333333327, 34.713333333333331 ], [ 79.053333333333327, 34.72 ], [ 79.043333333333337, 34.72 ], [ 79.043333333333337, 34.726666666666667 ], [ 79.023333333333341, 34.726666666666667 ], [ 79.023333333333341, 34.71 ], [ 79.026666666666671, 34.71 ], [ 79.026666666666671, 34.706666666666663 ], [ 79.023333333333341, 34.706666666666663 ], [ 79.023333333333341, 34.703333333333333 ], [ 79.02, 34.703333333333333 ], [ 79.02, 34.716666666666669 ], [ 79.013333333333335, 34.716666666666669 ], [ 79.013333333333335, 34.72 ], [ 79.01, 34.72 ], [ 79.01, 34.723333333333336 ], [ 79.00333333333333, 34.723333333333336 ], [ 79.00333333333333, 34.726666666666667 ], [ 78.993333333333339, 34.726666666666667 ], [ 78.993333333333339, 34.73 ], [ 78.986666666666665, 34.73 ], [ 78.986666666666665, 34.733333333333334 ], [ 78.983333333333334, 34.733333333333334 ], [ 78.983333333333334, 34.743333333333332 ], [ 78.97, 34.743333333333332 ], [ 78.97, 34.74666666666667 ], [ 78.966666666666669, 34.74666666666667 ], [ 78.966666666666669, 34.756666666666668 ], [ 78.976666666666674, 34.756666666666668 ], [ 78.976666666666674, 34.773333333333333 ], [ 78.963333333333338, 34.773333333333333 ], [ 78.963333333333338, 34.76 ], [ 78.95, 34.76 ], [ 78.95, 34.756666666666668 ], [ 78.946666666666673, 34.756666666666668 ], [ 78.946666666666673, 34.76 ], [ 78.94, 34.76 ], [ 78.94, 34.763333333333335 ], [ 78.936666666666667, 34.763333333333335 ], [ 78.936666666666667, 34.766666666666666 ], [ 78.933333333333337, 34.766666666666666 ], [ 78.933333333333337, 34.773333333333333 ], [ 78.913333333333327, 34.773333333333333 ], [ 78.913333333333327, 34.776666666666664 ], [ 78.91, 34.776666666666664 ], [ 78.91, 34.783333333333331 ], [ 78.896666666666661, 34.783333333333331 ], [ 78.896666666666661, 34.78 ], [ 78.893333333333331, 34.78 ], [ 78.893333333333331, 34.776666666666664 ], [ 78.89, 34.776666666666664 ], [ 78.89, 34.773333333333333 ], [ 78.88666666666667, 34.773333333333333 ], [ 78.88666666666667, 34.786666666666669 ], [ 78.88333333333334, 34.786666666666669 ], [ 78.88333333333334, 34.79 ], [ 78.876666666666665, 34.79 ], [ 78.876666666666665, 34.793333333333337 ], [ 78.87, 34.793333333333337 ], [ 78.87, 34.813333333333333 ], [ 78.896666666666661, 34.813333333333333 ], [ 78.896666666666661, 34.81666666666667 ] ], [ [ 78.926666666666662, 34.81 ], [ 78.93, 34.81 ], [ 78.93, 34.806666666666665 ], [ 78.926666666666662, 34.806666666666665 ], [ 78.926666666666662, 34.81 ] ], [ [ 78.813333333333333, 34.8 ], [ 78.826666666666668, 34.8 ], [ 78.826666666666668, 34.796666666666667 ], [ 78.83, 34.796666666666667 ], [ 78.83, 34.793333333333337 ], [ 78.826666666666668, 34.793333333333337 ], [ 78.826666666666668, 34.78 ], [ 78.83, 34.78 ], [ 78.83, 34.773333333333333 ], [ 78.826666666666668, 34.773333333333333 ], [ 78.826666666666668, 34.77 ], [ 78.813333333333333, 34.77 ], [ 78.813333333333333, 34.773333333333333 ], [ 78.81, 34.773333333333333 ], [ 78.81, 34.776666666666664 ], [ 78.803333333333327, 34.776666666666664 ], [ 78.803333333333327, 34.78 ], [ 78.8, 34.78 ], [ 78.8, 34.786666666666669 ], [ 78.813333333333333, 34.786666666666669 ], [ 78.813333333333333, 34.8 ] ], [ [ 78.846666666666664, 34.77 ], [ 78.86, 34.77 ], [ 78.86, 34.766666666666666 ], [ 78.86333333333333, 34.766666666666666 ], [ 78.86333333333333, 34.756666666666668 ], [ 78.856666666666669, 34.756666666666668 ], [ 78.856666666666669, 34.75333333333333 ], [ 78.85, 34.75333333333333 ], [ 78.85, 34.756666666666668 ], [ 78.846666666666664, 34.756666666666668 ], [ 78.846666666666664, 34.77 ] ], [ [ 79.763333333333335, 34.75 ], [ 79.766666666666666, 34.75 ], [ 79.766666666666666, 34.736666666666665 ], [ 79.78, 34.736666666666665 ], [ 79.78, 34.733333333333334 ], [ 79.773333333333341, 34.733333333333334 ], [ 79.773333333333341, 34.716666666666669 ], [ 79.756666666666661, 34.716666666666669 ], [ 79.756666666666661, 34.72 ], [ 79.75, 34.72 ], [ 79.75, 34.723333333333336 ], [ 79.743333333333339, 34.723333333333336 ], [ 79.743333333333339, 34.726666666666667 ], [ 79.736666666666665, 34.726666666666667 ], [ 79.736666666666665, 34.73 ], [ 79.733333333333334, 34.73 ], [ 79.733333333333334, 34.733333333333334 ], [ 79.73, 34.733333333333334 ], [ 79.73, 34.736666666666665 ], [ 79.726666666666659, 34.736666666666665 ], [ 79.726666666666659, 34.74 ], [ 79.743333333333339, 34.74 ], [ 79.743333333333339, 34.743333333333332 ], [ 79.763333333333335, 34.743333333333332 ], [ 79.763333333333335, 34.75 ] ], [ [ 78.813333333333333, 34.74666666666667 ], [ 78.823333333333338, 34.74666666666667 ], [ 78.823333333333338, 34.743333333333332 ], [ 78.826666666666668, 34.743333333333332 ], [ 78.826666666666668, 34.74 ], [ 78.82, 34.74 ], [ 78.82, 34.736666666666665 ], [ 78.816666666666663, 34.736666666666665 ], [ 78.816666666666663, 34.74 ], [ 78.813333333333333, 34.74 ], [ 78.813333333333333, 34.74666666666667 ] ], [ [ 79.806666666666672, 34.743333333333332 ], [ 79.81, 34.743333333333332 ], [ 79.81, 34.74 ], [ 79.816666666666663, 34.74 ], [ 79.816666666666663, 34.736666666666665 ], [ 79.813333333333333, 34.736666666666665 ], [ 79.813333333333333, 34.733333333333334 ], [ 79.81, 34.733333333333334 ], [ 79.81, 34.73 ], [ 79.806666666666672, 34.73 ], [ 79.806666666666672, 34.733333333333334 ], [ 79.8, 34.733333333333334 ], [ 79.8, 34.736666666666665 ], [ 79.793333333333337, 34.736666666666665 ], [ 79.793333333333337, 34.74 ], [ 79.806666666666672, 34.74 ], [ 79.806666666666672, 34.743333333333332 ] ], [ [ 79.53, 34.736666666666665 ], [ 79.54, 34.736666666666665 ], [ 79.54, 34.733333333333334 ], [ 79.546666666666667, 34.733333333333334 ], [ 79.546666666666667, 34.73 ], [ 79.55, 34.73 ], [ 79.55, 34.723333333333336 ], [ 79.56, 34.723333333333336 ], [ 79.56, 34.72 ], [ 79.556666666666672, 34.72 ], [ 79.556666666666672, 34.716666666666669 ], [ 79.553333333333327, 34.716666666666669 ], [ 79.553333333333327, 34.72 ], [ 79.536666666666662, 34.72 ], [ 79.536666666666662, 34.723333333333336 ], [ 79.53, 34.723333333333336 ], [ 79.53, 34.736666666666665 ] ], [ [ 79.183333333333337, 34.733333333333334 ], [ 79.196666666666673, 34.733333333333334 ], [ 79.196666666666673, 34.726666666666667 ], [ 79.186666666666667, 34.726666666666667 ], [ 79.186666666666667, 34.723333333333336 ], [ 79.183333333333337, 34.723333333333336 ], [ 79.183333333333337, 34.726666666666667 ], [ 79.176666666666662, 34.726666666666667 ], [ 79.176666666666662, 34.73 ], [ 79.183333333333337, 34.73 ], [ 79.183333333333337, 34.733333333333334 ] ], [ [ 79.71, 34.73 ], [ 79.716666666666669, 34.73 ], [ 79.716666666666669, 34.726666666666667 ], [ 79.71, 34.726666666666667 ], [ 79.71, 34.73 ] ], [ [ 79.81, 34.71 ], [ 79.813333333333333, 34.71 ], [ 79.813333333333333, 34.706666666666663 ], [ 79.81, 34.706666666666663 ], [ 79.81, 34.71 ] ], [ [ 79.866666666666674, 34.71 ], [ 79.873333333333335, 34.71 ], [ 79.873333333333335, 34.706666666666663 ], [ 79.876666666666665, 34.706666666666663 ], [ 79.876666666666665, 34.703333333333333 ], [ 79.87, 34.703333333333333 ], [ 79.87, 34.706666666666663 ], [ 79.866666666666674, 34.706666666666663 ], [ 79.866666666666674, 34.71 ] ], [ [ 79.9, 34.71 ], [ 79.903333333333336, 34.71 ], [ 79.903333333333336, 34.706666666666663 ], [ 79.906666666666666, 34.706666666666663 ], [ 79.906666666666666, 34.693333333333335 ], [ 79.91, 34.693333333333335 ], [ 79.91, 34.69 ], [ 79.933333333333337, 34.69 ], [ 79.933333333333337, 34.686666666666667 ], [ 79.936666666666667, 34.686666666666667 ], [ 79.936666666666667, 34.68 ], [ 79.933333333333337, 34.68 ], [ 79.933333333333337, 34.66 ], [ 79.943333333333328, 34.66 ], [ 79.943333333333328, 34.656666666666666 ], [ 79.946666666666673, 34.656666666666666 ], [ 79.946666666666673, 34.65 ], [ 79.94, 34.65 ], [ 79.94, 34.646666666666668 ], [ 79.936666666666667, 34.646666666666668 ], [ 79.936666666666667, 34.65 ], [ 79.933333333333337, 34.65 ], [ 79.933333333333337, 34.653333333333336 ], [ 79.926666666666662, 34.653333333333336 ], [ 79.926666666666662, 34.656666666666666 ], [ 79.923333333333332, 34.656666666666666 ], [ 79.923333333333332, 34.663333333333334 ], [ 79.92, 34.663333333333334 ], [ 79.92, 34.676666666666669 ], [ 79.906666666666666, 34.676666666666669 ], [ 79.906666666666666, 34.68 ], [ 79.9, 34.68 ], [ 79.9, 34.686666666666667 ], [ 79.896666666666661, 34.686666666666667 ], [ 79.896666666666661, 34.696666666666665 ], [ 79.89, 34.696666666666665 ], [ 79.89, 34.7 ], [ 79.88333333333334, 34.7 ], [ 79.88333333333334, 34.703333333333333 ], [ 79.896666666666661, 34.703333333333333 ], [ 79.896666666666661, 34.706666666666663 ], [ 79.9, 34.706666666666663 ], [ 79.9, 34.71 ] ], [ [ 79.813333333333333, 34.706666666666663 ], [ 79.816666666666663, 34.706666666666663 ], [ 79.816666666666663, 34.703333333333333 ], [ 79.813333333333333, 34.703333333333333 ], [ 79.813333333333333, 34.706666666666663 ] ], [ [ 79.04, 34.69 ], [ 79.043333333333337, 34.69 ], [ 79.043333333333337, 34.686666666666667 ], [ 79.04, 34.686666666666667 ], [ 79.04, 34.69 ] ], [ [ 79.29, 34.673333333333332 ], [ 79.31, 34.673333333333332 ], [ 79.31, 34.67 ], [ 79.313333333333333, 34.67 ], [ 79.313333333333333, 34.666666666666664 ], [ 79.31, 34.666666666666664 ], [ 79.31, 34.663333333333334 ], [ 79.303333333333327, 34.663333333333334 ], [ 79.303333333333327, 34.66 ], [ 79.296666666666667, 34.66 ], [ 79.296666666666667, 34.663333333333334 ], [ 79.29, 34.663333333333334 ], [ 79.29, 34.673333333333332 ] ], [ [ 79.52, 34.673333333333332 ], [ 79.533333333333331, 34.673333333333332 ], [ 79.533333333333331, 34.67 ], [ 79.536666666666662, 34.67 ], [ 79.536666666666662, 34.663333333333334 ], [ 79.533333333333331, 34.663333333333334 ], [ 79.533333333333331, 34.66 ], [ 79.52, 34.66 ], [ 79.52, 34.663333333333334 ], [ 79.516666666666666, 34.663333333333334 ], [ 79.516666666666666, 34.666666666666664 ], [ 79.52, 34.666666666666664 ], [ 79.52, 34.673333333333332 ] ], [ [ 78.893333333333331, 34.656666666666666 ], [ 78.9, 34.656666666666666 ], [ 78.9, 34.653333333333336 ], [ 78.913333333333327, 34.653333333333336 ], [ 78.913333333333327, 34.646666666666668 ], [ 78.933333333333337, 34.646666666666668 ], [ 78.933333333333337, 34.636666666666663 ], [ 78.926666666666662, 34.636666666666663 ], [ 78.926666666666662, 34.633333333333333 ], [ 78.88666666666667, 34.633333333333333 ], [ 78.88666666666667, 34.63 ], [ 78.88333333333334, 34.63 ], [ 78.88333333333334, 34.633333333333333 ], [ 78.88, 34.633333333333333 ], [ 78.88, 34.636666666666663 ], [ 78.876666666666665, 34.636666666666663 ], [ 78.876666666666665, 34.643333333333331 ], [ 78.88333333333334, 34.643333333333331 ], [ 78.88333333333334, 34.646666666666668 ], [ 78.88666666666667, 34.646666666666668 ], [ 78.88666666666667, 34.653333333333336 ], [ 78.893333333333331, 34.653333333333336 ], [ 78.893333333333331, 34.656666666666666 ] ], [ [ 79.573333333333338, 34.65 ], [ 79.583333333333329, 34.65 ], [ 79.583333333333329, 34.646666666666668 ], [ 79.586666666666673, 34.646666666666668 ], [ 79.586666666666673, 34.64 ], [ 79.606666666666669, 34.64 ], [ 79.606666666666669, 34.636666666666663 ], [ 79.603333333333339, 34.636666666666663 ], [ 79.603333333333339, 34.63 ], [ 79.586666666666673, 34.63 ], [ 79.586666666666673, 34.626666666666665 ], [ 79.583333333333329, 34.626666666666665 ], [ 79.583333333333329, 34.633333333333333 ], [ 79.573333333333338, 34.633333333333333 ], [ 79.573333333333338, 34.64 ], [ 79.556666666666672, 34.64 ], [ 79.556666666666672, 34.636666666666663 ], [ 79.553333333333327, 34.636666666666663 ], [ 79.553333333333327, 34.643333333333331 ], [ 79.556666666666672, 34.643333333333331 ], [ 79.556666666666672, 34.646666666666668 ], [ 79.573333333333338, 34.646666666666668 ], [ 79.573333333333338, 34.65 ] ], [ [ 79.79, 34.643333333333331 ], [ 79.8, 34.643333333333331 ], [ 79.8, 34.64 ], [ 79.803333333333327, 34.64 ], [ 79.803333333333327, 34.633333333333333 ], [ 79.79, 34.633333333333333 ], [ 79.79, 34.636666666666663 ], [ 79.786666666666662, 34.636666666666663 ], [ 79.786666666666662, 34.64 ], [ 79.79, 34.64 ], [ 79.79, 34.643333333333331 ] ], [ [ 78.843333333333334, 34.64 ], [ 78.85, 34.64 ], [ 78.85, 34.636666666666663 ], [ 78.843333333333334, 34.636666666666663 ], [ 78.843333333333334, 34.64 ] ], [ [ 79.293333333333337, 34.64 ], [ 79.3, 34.64 ], [ 79.3, 34.636666666666663 ], [ 79.303333333333327, 34.636666666666663 ], [ 79.303333333333327, 34.633333333333333 ], [ 79.3, 34.633333333333333 ], [ 79.3, 34.63 ], [ 79.293333333333337, 34.63 ], [ 79.293333333333337, 34.64 ] ], [ [ 79.61, 34.616666666666667 ], [ 79.62, 34.616666666666667 ], [ 79.62, 34.61 ], [ 79.61333333333333, 34.61 ], [ 79.61333333333333, 34.61333333333333 ], [ 79.61, 34.61333333333333 ], [ 79.61, 34.616666666666667 ] ], [ [ 79.34, 34.596666666666664 ], [ 79.36, 34.596666666666664 ], [ 79.36, 34.593333333333334 ], [ 79.38333333333334, 34.593333333333334 ], [ 79.38333333333334, 34.59 ], [ 79.393333333333331, 34.59 ], [ 79.393333333333331, 34.586666666666666 ], [ 79.396666666666661, 34.586666666666666 ], [ 79.396666666666661, 34.583333333333336 ], [ 79.4, 34.583333333333336 ], [ 79.4, 34.576666666666668 ], [ 79.396666666666661, 34.576666666666668 ], [ 79.396666666666661, 34.573333333333331 ], [ 79.373333333333335, 34.573333333333331 ], [ 79.373333333333335, 34.576666666666668 ], [ 79.36, 34.576666666666668 ], [ 79.36, 34.58 ], [ 79.353333333333339, 34.58 ], [ 79.353333333333339, 34.583333333333336 ], [ 79.35, 34.583333333333336 ], [ 79.35, 34.586666666666666 ], [ 79.343333333333334, 34.586666666666666 ], [ 79.343333333333334, 34.59 ], [ 79.336666666666673, 34.59 ], [ 79.336666666666673, 34.593333333333334 ], [ 79.34, 34.593333333333334 ], [ 79.34, 34.596666666666664 ] ], [ [ 79.256666666666661, 34.576666666666668 ], [ 79.26, 34.576666666666668 ], [ 79.26, 34.573333333333331 ], [ 79.263333333333335, 34.573333333333331 ], [ 79.263333333333335, 34.57 ], [ 79.266666666666666, 34.57 ], [ 79.266666666666666, 34.563333333333333 ], [ 79.25333333333333, 34.563333333333333 ], [ 79.25333333333333, 34.573333333333331 ], [ 79.256666666666661, 34.573333333333331 ], [ 79.256666666666661, 34.576666666666668 ] ] ] } },
{ "type": "Feature", "properties": { "site_id": "SAFE-SITE-007", "cci_score": 91.199996948242188, "area_sqkm": 208.56, "capacity_families": 16685, "capacity_persons": 83425, "suitability_tier": "Optimal Prime Site (CCI ≥ 75)" }, "geometry": { "type": "Polygon", "coordinates": [ [ [ 77.51, 34.81 ], [ 77.51, 34.796666666666667 ], [ 77.513333333333335, 34.796666666666667 ], [ 77.513333333333335, 34.79 ], [ 77.516666666666666, 34.79 ], [ 77.516666666666666, 34.786666666666669 ], [ 77.523333333333341, 34.786666666666669 ], [ 77.523333333333341, 34.773333333333333 ], [ 77.526666666666671, 34.773333333333333 ], [ 77.526666666666671, 34.76 ], [ 77.53, 34.76 ], [ 77.53, 34.756666666666668 ], [ 77.533333333333331, 34.756666666666668 ], [ 77.533333333333331, 34.733333333333334 ], [ 77.536666666666662, 34.733333333333334 ], [ 77.536666666666662, 34.73 ], [ 77.54, 34.73 ], [ 77.54, 34.723333333333336 ], [ 77.543333333333337, 34.723333333333336 ], [ 77.543333333333337, 34.71 ], [ 77.546666666666667, 34.71 ], [ 77.546666666666667, 34.68333333333333 ], [ 77.55, 34.68333333333333 ], [ 77.55, 34.673333333333332 ], [ 77.553333333333327, 34.673333333333332 ], [ 77.553333333333327, 34.67 ], [ 77.556666666666672, 34.67 ], [ 77.556666666666672, 34.663333333333334 ], [ 77.56, 34.663333333333334 ], [ 77.56, 34.656666666666666 ], [ 77.563333333333333, 34.656666666666666 ], [ 77.563333333333333, 34.653333333333336 ], [ 77.566666666666663, 34.653333333333336 ], [ 77.566666666666663, 34.643333333333331 ], [ 77.57, 34.643333333333331 ], [ 77.57, 34.633333333333333 ], [ 77.573333333333338, 34.633333333333333 ], [ 77.573333333333338, 34.63 ], [ 77.576666666666668, 34.63 ], [ 77.576666666666668, 34.623333333333335 ], [ 77.58, 34.623333333333335 ], [ 77.58, 34.62 ], [ 77.583333333333329, 34.62 ], [ 77.583333333333329, 34.616666666666667 ], [ 77.586666666666673, 34.616666666666667 ], [ 77.586666666666673, 34.61333333333333 ], [ 77.59, 34.61333333333333 ], [ 77.59, 34.61 ], [ 77.593333333333334, 34.61 ], [ 77.593333333333334, 34.606666666666669 ], [ 77.596666666666664, 34.606666666666669 ], [ 77.596666666666664, 34.603333333333332 ], [ 77.593333333333334, 34.603333333333332 ], [ 77.593333333333334, 34.596666666666664 ], [ 77.586666666666673, 34.596666666666664 ], [ 77.586666666666673, 34.593333333333334 ], [ 77.583333333333329, 34.593333333333334 ], [ 77.583333333333329, 34.59 ], [ 77.576666666666668, 34.59 ], [ 77.576666666666668, 34.586666666666666 ], [ 77.573333333333338, 34.586666666666666 ], [ 77.573333333333338, 34.59 ], [ 77.536666666666662, 34.59 ], [ 77.536666666666662, 34.593333333333334 ], [ 77.533333333333331, 34.593333333333334 ], [ 77.533333333333331, 34.596666666666664 ], [ 77.53, 34.596666666666664 ], [ 77.53, 34.6 ], [ 77.523333333333341, 34.6 ], [ 77.523333333333341, 34.603333333333332 ], [ 77.516666666666666, 34.603333333333332 ], [ 77.516666666666666, 34.606666666666669 ], [ 77.486666666666665, 34.606666666666669 ], [ 77.486666666666665, 34.61 ], [ 77.483333333333334, 34.61 ], [ 77.483333333333334, 34.61333333333333 ], [ 77.48, 34.61333333333333 ], [ 77.48, 34.62 ], [ 77.476666666666674, 34.62 ], [ 77.476666666666674, 34.626666666666665 ], [ 77.47, 34.626666666666665 ], [ 77.47, 34.63 ], [ 77.466666666666669, 34.63 ], [ 77.466666666666669, 34.633333333333333 ], [ 77.463333333333338, 34.633333333333333 ], [ 77.463333333333338, 34.636666666666663 ], [ 77.46, 34.636666666666663 ], [ 77.46, 34.64 ], [ 77.456666666666663, 34.64 ], [ 77.456666666666663, 34.643333333333331 ], [ 77.453333333333333, 34.643333333333331 ], [ 77.453333333333333, 34.646666666666668 ], [ 77.45, 34.646666666666668 ], [ 77.45, 34.65 ], [ 77.44, 34.65 ], [ 77.44, 34.653333333333336 ], [ 77.43, 34.653333333333336 ], [ 77.43, 34.656666666666666 ], [ 77.426666666666662, 34.656666666666666 ], [ 77.426666666666662, 34.66 ], [ 77.423333333333332, 34.66 ], [ 77.423333333333332, 34.663333333333334 ], [ 77.4, 34.663333333333334 ], [ 77.4, 34.666666666666664 ], [ 77.396666666666661, 34.666666666666664 ], [ 77.396666666666661, 34.67 ], [ 77.38666666666667, 34.67 ], [ 77.38666666666667, 34.673333333333332 ], [ 77.373333333333335, 34.673333333333332 ], [ 77.373333333333335, 34.676666666666669 ], [ 77.36666666666666, 34.676666666666669 ], [ 77.36666666666666, 34.68 ], [ 77.36, 34.68 ], [ 77.36, 34.68333333333333 ], [ 77.31, 34.68333333333333 ], [ 77.31, 34.686666666666667 ], [ 77.306666666666672, 34.686666666666667 ], [ 77.306666666666672, 34.69 ], [ 77.3, 34.69 ], [ 77.3, 34.693333333333335 ], [ 77.286666666666662, 34.693333333333335 ], [ 77.286666666666662, 34.696666666666665 ], [ 77.276666666666671, 34.696666666666665 ], [ 77.276666666666671, 34.7 ], [ 77.26, 34.7 ], [ 77.26, 34.686666666666667 ], [ 77.266666666666666, 34.686666666666667 ], [ 77.266666666666666, 34.68333333333333 ], [ 77.276666666666671, 34.68333333333333 ], [ 77.276666666666671, 34.68 ], [ 77.283333333333331, 34.68 ], [ 77.283333333333331, 34.676666666666669 ], [ 77.29, 34.676666666666669 ], [ 77.29, 34.673333333333332 ], [ 77.296666666666667, 34.673333333333332 ], [ 77.296666666666667, 34.67 ], [ 77.3, 34.67 ], [ 77.3, 34.666666666666664 ], [ 77.323333333333338, 34.666666666666664 ], [ 77.323333333333338, 34.663333333333334 ], [ 77.34, 34.663333333333334 ], [ 77.34, 34.66 ], [ 77.353333333333339, 34.66 ], [ 77.353333333333339, 34.656666666666666 ], [ 77.36, 34.656666666666666 ], [ 77.36, 34.653333333333336 ], [ 77.37, 34.653333333333336 ], [ 77.37, 34.65 ], [ 77.38333333333334, 34.65 ], [ 77.38333333333334, 34.646666666666668 ], [ 77.403333333333336, 34.646666666666668 ], [ 77.403333333333336, 34.643333333333331 ], [ 77.41, 34.643333333333331 ], [ 77.41, 34.64 ], [ 77.413333333333327, 34.64 ], [ 77.413333333333327, 34.636666666666663 ], [ 77.416666666666671, 34.636666666666663 ], [ 77.416666666666671, 34.633333333333333 ], [ 77.42, 34.633333333333333 ], [ 77.42, 34.63 ], [ 77.423333333333332, 34.63 ], [ 77.423333333333332, 34.626666666666665 ], [ 77.43, 34.626666666666665 ], [ 77.43, 34.623333333333335 ], [ 77.433333333333337, 34.623333333333335 ], [ 77.433333333333337, 34.62 ], [ 77.443333333333328, 34.62 ], [ 77.443333333333328, 34.616666666666667 ], [ 77.446666666666673, 34.616666666666667 ], [ 77.446666666666673, 34.61333333333333 ], [ 77.45, 34.61333333333333 ], [ 77.45, 34.61 ], [ 77.453333333333333, 34.61 ], [ 77.453333333333333, 34.606666666666669 ], [ 77.456666666666663, 34.606666666666669 ], [ 77.456666666666663, 34.596666666666664 ], [ 77.46, 34.596666666666664 ], [ 77.46, 34.59 ], [ 77.463333333333338, 34.59 ], [ 77.463333333333338, 34.586666666666666 ], [ 77.466666666666669, 34.586666666666666 ], [ 77.466666666666669, 34.583333333333336 ], [ 77.473333333333329, 34.583333333333336 ], [ 77.473333333333329, 34.58 ], [ 77.476666666666674, 34.58 ], [ 77.476666666666674, 34.576666666666668 ], [ 77.48, 34.576666666666668 ], [ 77.48, 34.573333333333331 ], [ 77.493333333333339, 34.573333333333331 ], [ 77.493333333333339, 34.57 ], [ 77.5, 34.57 ], [ 77.5, 34.56666666666667 ], [ 77.506666666666661, 34.56666666666667 ], [ 77.506666666666661, 34.563333333333333 ], [ 77.516666666666666, 34.563333333333333 ], [ 77.516666666666666, 34.56 ], [ 77.523333333333341, 34.56 ], [ 77.523333333333341, 34.556666666666665 ], [ 77.526666666666671, 34.556666666666665 ], [ 77.526666666666671, 34.553333333333335 ], [ 77.543333333333337, 34.553333333333335 ], [ 77.543333333333337, 34.55 ], [ 77.566666666666663, 34.55 ], [ 77.566666666666663, 34.546666666666667 ], [ 77.573333333333338, 34.546666666666667 ], [ 77.573333333333338, 34.543333333333337 ], [ 77.58, 34.543333333333337 ], [ 77.58, 34.54 ], [ 77.583333333333329, 34.54 ], [ 77.583333333333329, 34.536666666666669 ], [ 77.623333333333335, 34.536666666666669 ], [ 77.623333333333335, 34.533333333333331 ], [ 77.63333333333334, 34.533333333333331 ], [ 77.63333333333334, 34.53 ], [ 77.63666666666667, 34.53 ], [ 77.63666666666667, 34.526666666666664 ], [ 77.646666666666661, 34.526666666666664 ], [ 77.646666666666661, 34.523333333333333 ], [ 77.66, 34.523333333333333 ], [ 77.66, 34.52 ], [ 77.68, 34.52 ], [ 77.68, 34.533333333333331 ], [ 77.673333333333332, 34.533333333333331 ], [ 77.673333333333332, 34.536666666666669 ], [ 77.656666666666666, 34.536666666666669 ], [ 77.656666666666666, 34.543333333333337 ], [ 77.653333333333336, 34.543333333333337 ], [ 77.653333333333336, 34.546666666666667 ], [ 77.646666666666661, 34.546666666666667 ], [ 77.646666666666661, 34.553333333333335 ], [ 77.63666666666667, 34.553333333333335 ], [ 77.63666666666667, 34.56 ], [ 77.63, 34.56 ], [ 77.63, 34.56666666666667 ], [ 77.626666666666665, 34.56666666666667 ], [ 77.626666666666665, 34.57 ], [ 77.623333333333335, 34.57 ], [ 77.623333333333335, 34.573333333333331 ], [ 77.62, 34.573333333333331 ], [ 77.62, 34.576666666666668 ], [ 77.623333333333335, 34.576666666666668 ], [ 77.623333333333335, 34.6 ], [ 77.626666666666665, 34.6 ], [ 77.626666666666665, 34.62 ], [ 77.623333333333335, 34.62 ], [ 77.623333333333335, 34.623333333333335 ], [ 77.62, 34.623333333333335 ], [ 77.62, 34.63 ], [ 77.61666666666666, 34.63 ], [ 77.61666666666666, 34.633333333333333 ], [ 77.61333333333333, 34.633333333333333 ], [ 77.61333333333333, 34.64 ], [ 77.61, 34.64 ], [ 77.61, 34.643333333333331 ], [ 77.606666666666669, 34.643333333333331 ], [ 77.606666666666669, 34.646666666666668 ], [ 77.603333333333339, 34.646666666666668 ], [ 77.603333333333339, 34.65 ], [ 77.6, 34.65 ], [ 77.6, 34.653333333333336 ], [ 77.596666666666664, 34.653333333333336 ], [ 77.596666666666664, 34.666666666666664 ], [ 77.593333333333334, 34.666666666666664 ], [ 77.593333333333334, 34.676666666666669 ], [ 77.59, 34.676666666666669 ], [ 77.59, 34.686666666666667 ], [ 77.586666666666673, 34.686666666666667 ], [ 77.586666666666673, 34.69 ], [ 77.583333333333329, 34.69 ], [ 77.583333333333329, 34.693333333333335 ], [ 77.58, 34.693333333333335 ], [ 77.58, 34.696666666666665 ], [ 77.576666666666668, 34.696666666666665 ], [ 77.576666666666668, 34.706666666666663 ], [ 77.573333333333338, 34.706666666666663 ], [ 77.573333333333338, 34.71 ], [ 77.57, 34.71 ], [ 77.57, 34.713333333333331 ], [ 77.566666666666663, 34.713333333333331 ], [ 77.566666666666663, 34.736666666666665 ], [ 77.563333333333333, 34.736666666666665 ], [ 77.563333333333333, 34.74666666666667 ], [ 77.56, 34.74666666666667 ], [ 77.56, 34.75333333333333 ], [ 77.556666666666672, 34.75333333333333 ], [ 77.556666666666672, 34.756666666666668 ], [ 77.553333333333327, 34.756666666666668 ], [ 77.553333333333327, 34.76 ], [ 77.55, 34.76 ], [ 77.55, 34.763333333333335 ], [ 77.546666666666667, 34.763333333333335 ], [ 77.546666666666667, 34.766666666666666 ], [ 77.543333333333337, 34.766666666666666 ], [ 77.543333333333337, 34.776666666666664 ], [ 77.54, 34.776666666666664 ], [ 77.54, 34.78 ], [ 77.536666666666662, 34.78 ], [ 77.536666666666662, 34.786666666666669 ], [ 77.53, 34.786666666666669 ], [ 77.53, 34.8 ], [ 77.526666666666671, 34.8 ], [ 77.526666666666671, 34.803333333333335 ], [ 77.523333333333341, 34.803333333333335 ], [ 77.523333333333341, 34.81 ], [ 77.51, 34.81 ] ] ] } },
{ "type": "Feature", "properties": { "site_id": "SAFE-SITE-008", "cci_score": 91.199996948242188, "area_sqkm": 11.03, "capacity_families": 882, "capacity_persons": 4410, "suitability_tier": "Optimal Prime Site (CCI ≥ 75)" }, "geometry": { "type": "Polygon", "coordinates": [ [ [ 79.94, 34.556666666666665 ], [ 79.94, 34.536666666666669 ], [ 79.926666666666662, 34.536666666666669 ], [ 79.926666666666662, 34.523333333333333 ], [ 79.943333333333328, 34.523333333333333 ], [ 79.943333333333328, 34.533333333333331 ], [ 79.946666666666673, 34.533333333333331 ], [ 79.946666666666673, 34.53 ], [ 79.953333333333333, 34.53 ], [ 79.953333333333333, 34.52 ], [ 79.966666666666669, 34.52 ], [ 79.966666666666669, 34.526666666666664 ], [ 79.97, 34.526666666666664 ], [ 79.97, 34.54 ], [ 79.966666666666669, 34.54 ], [ 79.966666666666669, 34.553333333333335 ], [ 79.96, 34.553333333333335 ], [ 79.96, 34.556666666666665 ], [ 79.94, 34.556666666666665 ] ] ] } },
{ "type": "Feature", "properties": { "site_id": "SAFE-SITE-009", "cci_score": 91.199996948242188, "area_sqkm": 50.63, "capacity_families": 4050, "capacity_persons": 20250, "suitability_tier": "Optimal Prime Site (CCI ≥ 75)" }, "geometry": { "type": "Polygon", "coordinates": [ [ [ 79.783333333333331, 34.576666666666668 ], [ 79.783333333333331, 34.563333333333333 ], [ 79.78, 34.563333333333333 ], [ 79.78, 34.56 ], [ 79.76, 34.56 ], [ 79.76, 34.563333333333333 ], [ 79.743333333333339, 34.563333333333333 ], [ 79.743333333333339, 34.56666666666667 ], [ 79.73, 34.56666666666667 ], [ 79.73, 34.563333333333333 ], [ 79.726666666666659, 34.563333333333333 ], [ 79.726666666666659, 34.56 ], [ 79.723333333333329, 34.56 ], [ 79.723333333333329, 34.556666666666665 ], [ 79.706666666666663, 34.556666666666665 ], [ 79.706666666666663, 34.553333333333335 ], [ 79.703333333333333, 34.553333333333335 ], [ 79.703333333333333, 34.54 ], [ 79.73, 34.54 ], [ 79.73, 34.546666666666667 ], [ 79.75333333333333, 34.546666666666667 ], [ 79.75333333333333, 34.543333333333337 ], [ 79.756666666666661, 34.543333333333337 ], [ 79.756666666666661, 34.53 ], [ 79.773333333333341, 34.53 ], [ 79.773333333333341, 34.526666666666664 ], [ 79.78, 34.526666666666664 ], [ 79.78, 34.523333333333333 ], [ 79.783333333333331, 34.523333333333333 ], [ 79.783333333333331, 34.52 ], [ 79.78, 34.52 ], [ 79.78, 34.50333333333333 ], [ 79.783333333333331, 34.50333333333333 ], [ 79.783333333333331, 34.5 ], [ 79.79, 34.5 ], [ 79.79, 34.49666666666667 ], [ 79.803333333333327, 34.49666666666667 ], [ 79.803333333333327, 34.5 ], [ 79.806666666666672, 34.5 ], [ 79.806666666666672, 34.50333333333333 ], [ 79.813333333333333, 34.50333333333333 ], [ 79.813333333333333, 34.513333333333335 ], [ 79.816666666666663, 34.513333333333335 ], [ 79.816666666666663, 34.52 ], [ 79.82, 34.52 ], [ 79.82, 34.523333333333333 ], [ 79.83, 34.523333333333333 ], [ 79.83, 34.536666666666669 ], [ 79.826666666666668, 34.536666666666669 ], [ 79.826666666666668, 34.54 ], [ 79.823333333333338, 34.54 ], [ 79.823333333333338, 34.546666666666667 ], [ 79.83, 34.546666666666667 ], [ 79.83, 34.563333333333333 ], [ 79.823333333333338, 34.563333333333333 ], [ 79.823333333333338, 34.57 ], [ 79.803333333333327, 34.57 ], [ 79.803333333333327, 34.573333333333331 ], [ 79.796666666666667, 34.573333333333331 ], [ 79.796666666666667, 34.576666666666668 ], [ 79.783333333333331, 34.576666666666668 ] ] ] } },
{ "type": "Feature", "properties": { "site_id": "SAFE-SITE-010", "cci_score": 91.199996948242188, "area_sqkm": 12.43, "capacity_families": 994, "capacity_persons": 4970, "suitability_tier": "Optimal Prime Site (CCI ≥ 75)" }, "geometry": { "type": "Polygon", "coordinates": [ [ [ 79.656666666666666, 34.53 ], [ 79.656666666666666, 34.516666666666666 ], [ 79.653333333333336, 34.516666666666666 ], [ 79.653333333333336, 34.51 ], [ 79.65, 34.51 ], [ 79.65, 34.5 ], [ 79.646666666666661, 34.5 ], [ 79.646666666666661, 34.49666666666667 ], [ 79.643333333333331, 34.49666666666667 ], [ 79.643333333333331, 34.483333333333334 ], [ 79.66, 34.483333333333334 ], [ 79.66, 34.486666666666665 ], [ 79.673333333333332, 34.486666666666665 ], [ 79.673333333333332, 34.49 ], [ 79.683333333333337, 34.49 ], [ 79.683333333333337, 34.50333333333333 ], [ 79.676666666666662, 34.50333333333333 ], [ 79.676666666666662, 34.52 ], [ 79.67, 34.52 ], [ 79.67, 34.53 ], [ 79.656666666666666, 34.53 ] ] ] } },
{ "type": "Feature", "properties": { "site_id": "SAFE-SITE-011", "cci_score": 91.199996948242188, "area_sqkm": 29.26, "capacity_families": 2341, "capacity_persons": 11705, "suitability_tier": "Optimal Prime Site (CCI ≥ 75)" }, "geometry": { "type": "Polygon", "coordinates": [ [ [ 79.196666666666673, 34.51 ], [ 79.196666666666673, 34.49 ], [ 79.21, 34.49 ], [ 79.21, 34.476666666666667 ], [ 79.203333333333333, 34.476666666666667 ], [ 79.203333333333333, 34.463333333333331 ], [ 79.206666666666663, 34.463333333333331 ], [ 79.206666666666663, 34.46 ], [ 79.203333333333333, 34.46 ], [ 79.203333333333333, 34.446666666666665 ], [ 79.216666666666669, 34.446666666666665 ], [ 79.216666666666669, 34.45 ], [ 79.223333333333329, 34.45 ], [ 79.223333333333329, 34.446666666666665 ], [ 79.236666666666665, 34.446666666666665 ], [ 79.236666666666665, 34.453333333333333 ], [ 79.24666666666667, 34.453333333333333 ], [ 79.24666666666667, 34.46 ], [ 79.25, 34.46 ], [ 79.25, 34.463333333333331 ], [ 79.27, 34.463333333333331 ], [ 79.27, 34.48 ], [ 79.25, 34.48 ], [ 79.25, 34.49 ], [ 79.24666666666667, 34.49 ], [ 79.24666666666667, 34.49666666666667 ], [ 79.243333333333339, 34.49666666666667 ], [ 79.243333333333339, 34.5 ], [ 79.226666666666659, 34.5 ], [ 79.226666666666659, 34.49666666666667 ], [ 79.223333333333329, 34.49666666666667 ], [ 79.223333333333329, 34.5 ], [ 79.22, 34.5 ], [ 79.22, 34.50333333333333 ], [ 79.216666666666669, 34.50333333333333 ], [ 79.216666666666669, 34.51 ], [ 79.196666666666673, 34.51 ] ], [ [ 79.216666666666669, 34.476666666666667 ], [ 79.22, 34.476666666666667 ], [ 79.22, 34.473333333333336 ], [ 79.216666666666669, 34.473333333333336 ], [ 79.216666666666669, 34.476666666666667 ] ] ] } },
{ "type": "Feature", "properties": { "site_id": "SAFE-SITE-012", "cci_score": 91.199996948242188, "area_sqkm": 11.03, "capacity_families": 882, "capacity_persons": 4410, "suitability_tier": "Optimal Prime Site (CCI ≥ 75)" }, "geometry": { "type": "Polygon", "coordinates": [ [ [ 78.91, 34.326666666666668 ], [ 78.91, 34.313333333333333 ], [ 78.906666666666666, 34.313333333333333 ], [ 78.906666666666666, 34.293333333333337 ], [ 78.936666666666667, 34.293333333333337 ], [ 78.936666666666667, 34.296666666666667 ], [ 78.94, 34.296666666666667 ], [ 78.94, 34.3 ], [ 78.943333333333328, 34.3 ], [ 78.943333333333328, 34.31666666666667 ], [ 78.94, 34.31666666666667 ], [ 78.94, 34.32 ], [ 78.936666666666667, 34.32 ], [ 78.936666666666667, 34.323333333333331 ], [ 78.926666666666662, 34.323333333333331 ], [ 78.926666666666662, 34.326666666666668 ], [ 78.91, 34.326666666666668 ] ] ] } },
{ "type": "Feature", "properties": { "site_id": "SAFE-SITE-013", "cci_score": 91.199996948242188, "area_sqkm": 39.6, "capacity_families": 3167, "capacity_persons": 15835, "suitability_tier": "Optimal Prime Site (CCI ≥ 75)" }, "geometry": { "type": "Polygon", "coordinates": [ [ [ 79.306666666666672, 34.3 ], [ 79.306666666666672, 34.296666666666667 ], [ 79.303333333333327, 34.296666666666667 ], [ 79.303333333333327, 34.28 ], [ 79.306666666666672, 34.28 ], [ 79.306666666666672, 34.276666666666664 ], [ 79.313333333333333, 34.276666666666664 ], [ 79.313333333333333, 34.273333333333333 ], [ 79.333333333333329, 34.273333333333333 ], [ 79.333333333333329, 34.27 ], [ 79.336666666666673, 34.27 ], [ 79.336666666666673, 34.25 ], [ 79.346666666666664, 34.25 ], [ 79.346666666666664, 34.24666666666667 ], [ 79.35, 34.24666666666667 ], [ 79.35, 34.243333333333332 ], [ 79.36, 34.243333333333332 ], [ 79.36, 34.24 ], [ 79.376666666666665, 34.24 ], [ 79.376666666666665, 34.243333333333332 ], [ 79.38, 34.243333333333332 ], [ 79.38, 34.24666666666667 ], [ 79.426666666666662, 34.24666666666667 ], [ 79.426666666666662, 34.25 ], [ 79.436666666666667, 34.25 ], [ 79.436666666666667, 34.263333333333335 ], [ 79.416666666666671, 34.263333333333335 ], [ 79.416666666666671, 34.266666666666666 ], [ 79.4, 34.266666666666666 ], [ 79.4, 34.263333333333335 ], [ 79.38666666666667, 34.263333333333335 ], [ 79.38666666666667, 34.266666666666666 ], [ 79.38333333333334, 34.266666666666666 ], [ 79.38333333333334, 34.273333333333333 ], [ 79.38, 34.273333333333333 ], [ 79.38, 34.276666666666664 ], [ 79.376666666666665, 34.276666666666664 ], [ 79.376666666666665, 34.286666666666669 ], [ 79.36333333333333, 34.286666666666669 ], [ 79.36333333333333, 34.29 ], [ 79.356666666666669, 34.29 ], [ 79.356666666666669, 34.293333333333337 ], [ 79.35, 34.293333333333337 ], [ 79.35, 34.296666666666667 ], [ 79.336666666666673, 34.296666666666667 ], [ 79.336666666666673, 34.293333333333337 ], [ 79.326666666666668, 34.293333333333337 ], [ 79.326666666666668, 34.296666666666667 ], [ 79.323333333333338, 34.296666666666667 ], [ 79.323333333333338, 34.3 ], [ 79.306666666666672, 34.3 ] ], [ [ 79.353333333333339, 34.273333333333333 ], [ 79.356666666666669, 34.273333333333333 ], [ 79.356666666666669, 34.27 ], [ 79.353333333333339, 34.27 ], [ 79.353333333333339, 34.273333333333333 ] ] ] } },
{ "type": "Feature", "properties": { "site_id": "SAFE-SITE-014", "cci_score": 91.199996948242188, "area_sqkm": 12.89, "capacity_families": 1031, "capacity_persons": 5155, "suitability_tier": "Optimal Prime Site (CCI ≥ 75)" }, "geometry": { "type": "Polygon", "coordinates": [ [ [ 77.226666666666674, 34.26 ], [ 77.226666666666674, 34.25 ], [ 77.223333333333329, 34.25 ], [ 77.223333333333329, 34.236666666666665 ], [ 77.233333333333334, 34.236666666666665 ], [ 77.233333333333334, 34.23 ], [ 77.24, 34.23 ], [ 77.24, 34.226666666666667 ], [ 77.24666666666667, 34.226666666666667 ], [ 77.24666666666667, 34.223333333333336 ], [ 77.25333333333333, 34.223333333333336 ], [ 77.25333333333333, 34.216666666666669 ], [ 77.266666666666666, 34.216666666666669 ], [ 77.266666666666666, 34.24666666666667 ], [ 77.256666666666661, 34.24666666666667 ], [ 77.256666666666661, 34.25 ], [ 77.25333333333333, 34.25 ], [ 77.25333333333333, 34.25333333333333 ], [ 77.25, 34.25333333333333 ], [ 77.25, 34.256666666666668 ], [ 77.243333333333339, 34.256666666666668 ], [ 77.243333333333339, 34.26 ], [ 77.226666666666674, 34.26 ] ] ] } },
{ "type": "Feature", "properties": { "site_id": "SAFE-SITE-015", "cci_score": 91.199996948242188, "area_sqkm": 24.39, "capacity_families": 1950, "capacity_persons": 9750, "suitability_tier": "Optimal Prime Site (CCI ≥ 75)" }, "geometry": { "type": "Polygon", "coordinates": [ [ [ 79.943333333333328, 34.216666666666669 ], [ 79.943333333333328, 34.213333333333331 ], [ 79.94, 34.213333333333331 ], [ 79.94, 34.196666666666665 ], [ 79.933333333333337, 34.196666666666665 ], [ 79.933333333333337, 34.193333333333335 ], [ 79.923333333333332, 34.193333333333335 ], [ 79.923333333333332, 34.19 ], [ 79.92, 34.19 ], [ 79.92, 34.176666666666669 ], [ 79.936666666666667, 34.176666666666669 ], [ 79.936666666666667, 34.18 ], [ 79.94, 34.18 ], [ 79.94, 34.18333333333333 ], [ 79.95, 34.18333333333333 ], [ 79.95, 34.18 ], [ 79.953333333333333, 34.18 ], [ 79.953333333333333, 34.176666666666669 ], [ 79.983333333333334, 34.176666666666669 ], [ 79.983333333333334, 34.18 ], [ 80.0, 34.18 ], [ 80.0, 34.206666666666663 ], [ 79.986666666666665, 34.206666666666663 ], [ 79.986666666666665, 34.21 ], [ 79.983333333333334, 34.21 ], [ 79.983333333333334, 34.213333333333331 ], [ 79.97, 34.213333333333331 ], [ 79.97, 34.21 ], [ 79.966666666666669, 34.21 ], [ 79.966666666666669, 34.213333333333331 ], [ 79.956666666666663, 34.213333333333331 ], [ 79.956666666666663, 34.216666666666669 ], [ 79.943333333333328, 34.216666666666669 ] ] ] } },
{ "type": "Feature", "properties": { "site_id": "SAFE-SITE-016", "cci_score": 91.199996948242188, "area_sqkm": 11.03, "capacity_families": 882, "capacity_persons": 4410, "suitability_tier": "Optimal Prime Site (CCI ≥ 75)" }, "geometry": { "type": "Polygon", "coordinates": [ [ [ 78.38333333333334, 34.206666666666663 ], [ 78.38333333333334, 34.2 ], [ 78.38, 34.2 ], [ 78.38, 34.19 ], [ 78.376666666666665, 34.19 ], [ 78.376666666666665, 34.18 ], [ 78.373333333333335, 34.18 ], [ 78.373333333333335, 34.166666666666664 ], [ 78.38333333333334, 34.166666666666664 ], [ 78.38333333333334, 34.163333333333334 ], [ 78.39, 34.163333333333334 ], [ 78.39, 34.156666666666666 ], [ 78.403333333333336, 34.156666666666666 ], [ 78.403333333333336, 34.17 ], [ 78.396666666666661, 34.17 ], [ 78.396666666666661, 34.176666666666669 ], [ 78.393333333333331, 34.176666666666669 ], [ 78.393333333333331, 34.18 ], [ 78.39, 34.18 ], [ 78.39, 34.186666666666667 ], [ 78.406666666666666, 34.186666666666667 ], [ 78.406666666666666, 34.2 ], [ 78.403333333333336, 34.2 ], [ 78.403333333333336, 34.203333333333333 ], [ 78.4, 34.203333333333333 ], [ 78.4, 34.206666666666663 ], [ 78.38333333333334, 34.206666666666663 ] ] ] } },
{ "type": "Feature", "properties": { "site_id": "SAFE-SITE-017", "cci_score": 91.199996948242188, "area_sqkm": 25.2, "capacity_families": 2015, "capacity_persons": 10075, "suitability_tier": "Optimal Prime Site (CCI ≥ 75)" }, "geometry": { "type": "Polygon", "coordinates": [ [ [ 79.323333333333338, 34.1 ], [ 79.323333333333338, 34.096666666666664 ], [ 79.313333333333333, 34.096666666666664 ], [ 79.313333333333333, 34.093333333333334 ], [ 79.31, 34.093333333333334 ], [ 79.31, 34.09 ], [ 79.306666666666672, 34.09 ], [ 79.306666666666672, 34.076666666666668 ], [ 79.313333333333333, 34.076666666666668 ], [ 79.313333333333333, 34.073333333333331 ], [ 79.32, 34.073333333333331 ], [ 79.32, 34.07 ], [ 79.326666666666668, 34.07 ], [ 79.326666666666668, 34.06666666666667 ], [ 79.33, 34.06666666666667 ], [ 79.33, 34.063333333333333 ], [ 79.333333333333329, 34.063333333333333 ], [ 79.333333333333329, 34.06 ], [ 79.33, 34.06 ], [ 79.33, 34.056666666666665 ], [ 79.326666666666668, 34.056666666666665 ], [ 79.326666666666668, 34.053333333333335 ], [ 79.323333333333338, 34.053333333333335 ], [ 79.323333333333338, 34.04 ], [ 79.326666666666668, 34.04 ], [ 79.326666666666668, 34.036666666666669 ], [ 79.33, 34.036666666666669 ], [ 79.33, 34.033333333333331 ], [ 79.333333333333329, 34.033333333333331 ], [ 79.333333333333329, 34.026666666666664 ], [ 79.346666666666664, 34.026666666666664 ], [ 79.346666666666664, 34.03 ], [ 79.35, 34.03 ], [ 79.35, 34.033333333333331 ], [ 79.353333333333339, 34.033333333333331 ], [ 79.353333333333339, 34.05 ], [ 79.356666666666669, 34.05 ], [ 79.356666666666669, 34.056666666666665 ], [ 79.36, 34.056666666666665 ], [ 79.36, 34.06 ], [ 79.36333333333333, 34.06 ], [ 79.36333333333333, 34.063333333333333 ], [ 79.366666666666674, 34.063333333333333 ], [ 79.366666666666674, 34.076666666666668 ], [ 79.36, 34.076666666666668 ], [ 79.36, 34.08 ], [ 79.353333333333339, 34.08 ], [ 79.353333333333339, 34.083333333333336 ], [ 79.346666666666664, 34.083333333333336 ], [ 79.346666666666664, 34.086666666666666 ], [ 79.343333333333334, 34.086666666666666 ], [ 79.343333333333334, 34.096666666666664 ], [ 79.336666666666673, 34.096666666666664 ], [ 79.336666666666673, 34.1 ], [ 79.323333333333338, 34.1 ] ] ] } },
{ "type": "Feature", "properties": { "site_id": "SAFE-SITE-018", "cci_score": 91.199996948242188, "area_sqkm": 15.91, "capacity_families": 1272, "capacity_persons": 6360, "suitability_tier": "Optimal Prime Site (CCI ≥ 75)" }, "geometry": { "type": "Polygon", "coordinates": [ [ [ 75.016666666666666, 34.053333333333335 ], [ 75.016666666666666, 34.04 ], [ 75.013333333333335, 34.04 ], [ 75.013333333333335, 34.036666666666669 ], [ 75.006666666666661, 34.036666666666669 ], [ 75.006666666666661, 34.03 ], [ 75.00333333333333, 34.03 ], [ 75.00333333333333, 34.026666666666664 ], [ 75.0, 34.026666666666664 ], [ 75.0, 33.993333333333332 ], [ 75.013333333333335, 33.993333333333332 ], [ 75.013333333333335, 33.99666666666667 ], [ 75.033333333333331, 33.99666666666667 ], [ 75.033333333333331, 34.01 ], [ 75.03, 34.01 ], [ 75.03, 34.013333333333335 ], [ 75.026666666666671, 34.013333333333335 ], [ 75.026666666666671, 34.023333333333333 ], [ 75.03, 34.023333333333333 ], [ 75.03, 34.026666666666664 ], [ 75.033333333333331, 34.026666666666664 ], [ 75.033333333333331, 34.053333333333335 ], [ 75.016666666666666, 34.053333333333335 ] ] ] } },
{ "type": "Feature", "properties": { "site_id": "SAFE-SITE-019", "cci_score": 91.199996948242188, "area_sqkm": 191.49, "capacity_families": 15319, "capacity_persons": 76595, "suitability_tier": "Optimal Prime Site (CCI ≥ 75)" }, "geometry": { "type": "Polygon", "coordinates": [ [ [ 77.463333333333338, 34.17 ], [ 77.463333333333338, 34.166666666666664 ], [ 77.46, 34.166666666666664 ], [ 77.46, 34.163333333333334 ], [ 77.443333333333328, 34.163333333333334 ], [ 77.443333333333328, 34.166666666666664 ], [ 77.43, 34.166666666666664 ], [ 77.43, 34.153333333333336 ], [ 77.433333333333337, 34.153333333333336 ], [ 77.433333333333337, 34.143333333333331 ], [ 77.436666666666667, 34.143333333333331 ], [ 77.436666666666667, 34.14 ], [ 77.44, 34.14 ], [ 77.44, 34.136666666666663 ], [ 77.443333333333328, 34.136666666666663 ], [ 77.443333333333328, 34.13 ], [ 77.456666666666663, 34.13 ], [ 77.456666666666663, 34.126666666666665 ], [ 77.463333333333338, 34.126666666666665 ], [ 77.463333333333338, 34.123333333333335 ], [ 77.466666666666669, 34.123333333333335 ], [ 77.466666666666669, 34.12 ], [ 77.483333333333334, 34.12 ], [ 77.483333333333334, 34.116666666666667 ], [ 77.49, 34.116666666666667 ], [ 77.49, 34.11333333333333 ], [ 77.5, 34.11333333333333 ], [ 77.5, 34.11 ], [ 77.506666666666661, 34.11 ], [ 77.506666666666661, 34.106666666666669 ], [ 77.513333333333335, 34.106666666666669 ], [ 77.513333333333335, 34.103333333333332 ], [ 77.516666666666666, 34.103333333333332 ], [ 77.516666666666666, 34.1 ], [ 77.52, 34.1 ], [ 77.52, 34.096666666666664 ], [ 77.53, 34.096666666666664 ], [ 77.53, 34.093333333333334 ], [ 77.533333333333331, 34.093333333333334 ], [ 77.533333333333331, 34.09 ], [ 77.536666666666662, 34.09 ], [ 77.536666666666662, 34.083333333333336 ], [ 77.543333333333337, 34.083333333333336 ], [ 77.543333333333337, 34.08 ], [ 77.546666666666667, 34.08 ], [ 77.546666666666667, 34.076666666666668 ], [ 77.55, 34.076666666666668 ], [ 77.55, 34.06666666666667 ], [ 77.576666666666668, 34.06666666666667 ], [ 77.576666666666668, 34.056666666666665 ], [ 77.58, 34.056666666666665 ], [ 77.58, 34.053333333333335 ], [ 77.583333333333329, 34.053333333333335 ], [ 77.583333333333329, 34.05 ], [ 77.586666666666673, 34.05 ], [ 77.586666666666673, 34.046666666666667 ], [ 77.593333333333334, 34.046666666666667 ], [ 77.593333333333334, 34.043333333333337 ], [ 77.596666666666664, 34.043333333333337 ], [ 77.596666666666664, 34.033333333333331 ], [ 77.61, 34.033333333333331 ], [ 77.61, 34.026666666666664 ], [ 77.61333333333333, 34.026666666666664 ], [ 77.61333333333333, 34.023333333333333 ], [ 77.61666666666666, 34.023333333333333 ], [ 77.61666666666666, 34.02 ], [ 77.62, 34.02 ], [ 77.62, 34.016666666666666 ], [ 77.63, 34.016666666666666 ], [ 77.63, 34.00333333333333 ], [ 77.63333333333334, 34.00333333333333 ], [ 77.63333333333334, 33.993333333333332 ], [ 77.643333333333331, 33.993333333333332 ], [ 77.643333333333331, 33.99 ], [ 77.653333333333336, 33.99 ], [ 77.653333333333336, 33.986666666666665 ], [ 77.656666666666666, 33.986666666666665 ], [ 77.656666666666666, 33.983333333333334 ], [ 77.66, 33.983333333333334 ], [ 77.66, 33.98 ], [ 77.673333333333332, 33.98 ], [ 77.673333333333332, 33.976666666666667 ], [ 77.676666666666662, 33.976666666666667 ], [ 77.676666666666662, 33.97 ], [ 77.683333333333337, 33.97 ], [ 77.683333333333337, 33.966666666666669 ], [ 77.693333333333328, 33.966666666666669 ], [ 77.693333333333328, 33.963333333333331 ], [ 77.71, 33.963333333333331 ], [ 77.71, 33.976666666666667 ], [ 77.706666666666663, 33.976666666666667 ], [ 77.706666666666663, 33.98 ], [ 77.703333333333333, 33.98 ], [ 77.703333333333333, 33.986666666666665 ], [ 77.7, 33.986666666666665 ], [ 77.7, 33.99 ], [ 77.703333333333333, 33.99 ], [ 77.703333333333333, 33.993333333333332 ], [ 77.706666666666663, 33.993333333333332 ], [ 77.706666666666663, 33.99666666666667 ], [ 77.713333333333338, 33.99666666666667 ], [ 77.713333333333338, 34.0 ], [ 77.716666666666669, 34.0 ], [ 77.716666666666669, 34.026666666666664 ], [ 77.706666666666663, 34.026666666666664 ], [ 77.706666666666663, 34.03 ], [ 77.693333333333328, 34.03 ], [ 77.693333333333328, 34.026666666666664 ], [ 77.686666666666667, 34.026666666666664 ], [ 77.686666666666667, 34.023333333333333 ], [ 77.683333333333337, 34.023333333333333 ], [ 77.683333333333337, 34.03 ], [ 77.686666666666667, 34.03 ], [ 77.686666666666667, 34.043333333333337 ], [ 77.683333333333337, 34.043333333333337 ], [ 77.683333333333337, 34.056666666666665 ], [ 77.666666666666671, 34.056666666666665 ], [ 77.666666666666671, 34.063333333333333 ], [ 77.67, 34.063333333333333 ], [ 77.67, 34.06666666666667 ], [ 77.673333333333332, 34.06666666666667 ], [ 77.673333333333332, 34.086666666666666 ], [ 77.656666666666666, 34.086666666666666 ], [ 77.656666666666666, 34.083333333333336 ], [ 77.646666666666661, 34.083333333333336 ], [ 77.646666666666661, 34.08 ], [ 77.643333333333331, 34.08 ], [ 77.643333333333331, 34.076666666666668 ], [ 77.63666666666667, 34.076666666666668 ], [ 77.63666666666667, 34.073333333333331 ], [ 77.63333333333334, 34.073333333333331 ], [ 77.63333333333334, 34.076666666666668 ], [ 77.63, 34.076666666666668 ], [ 77.63, 34.083333333333336 ], [ 77.626666666666665, 34.083333333333336 ], [ 77.626666666666665, 34.086666666666666 ], [ 77.61333333333333, 34.086666666666666 ], [ 77.61333333333333, 34.09 ], [ 77.61, 34.09 ], [ 77.61, 34.096666666666664 ], [ 77.61333333333333, 34.096666666666664 ], [ 77.61333333333333, 34.1 ], [ 77.62, 34.1 ], [ 77.62, 34.106666666666669 ], [ 77.623333333333335, 34.106666666666669 ], [ 77.623333333333335, 34.11333333333333 ], [ 77.626666666666665, 34.11333333333333 ], [ 77.626666666666665, 34.126666666666665 ], [ 77.603333333333339, 34.126666666666665 ], [ 77.603333333333339, 34.12 ], [ 77.6, 34.12 ], [ 77.6, 34.13 ], [ 77.586666666666673, 34.13 ], [ 77.586666666666673, 34.126666666666665 ], [ 77.583333333333329, 34.126666666666665 ], [ 77.583333333333329, 34.123333333333335 ], [ 77.58, 34.123333333333335 ], [ 77.58, 34.12 ], [ 77.573333333333338, 34.12 ], [ 77.573333333333338, 34.116666666666667 ], [ 77.57, 34.116666666666667 ], [ 77.57, 34.11333333333333 ], [ 77.566666666666663, 34.11333333333333 ], [ 77.566666666666663, 34.116666666666667 ], [ 77.563333333333333, 34.116666666666667 ], [ 77.563333333333333, 34.123333333333335 ], [ 77.57, 34.123333333333335 ], [ 77.57, 34.136666666666663 ], [ 77.573333333333338, 34.136666666666663 ], [ 77.573333333333338, 34.14 ], [ 77.583333333333329, 34.14 ], [ 77.583333333333329, 34.156666666666666 ], [ 77.586666666666673, 34.156666666666666 ], [ 77.586666666666673, 34.17 ], [ 77.57, 34.17 ], [ 77.57, 34.166666666666664 ], [ 77.566666666666663, 34.166666666666664 ], [ 77.566666666666663, 34.153333333333336 ], [ 77.563333333333333, 34.153333333333336 ], [ 77.563333333333333, 34.15 ], [ 77.556666666666672, 34.15 ], [ 77.556666666666672, 34.153333333333336 ], [ 77.543333333333337, 34.153333333333336 ], [ 77.543333333333337, 34.143333333333331 ], [ 77.536666666666662, 34.143333333333331 ], [ 77.536666666666662, 34.14 ], [ 77.53, 34.14 ], [ 77.53, 34.133333333333333 ], [ 77.526666666666671, 34.133333333333333 ], [ 77.526666666666671, 34.13 ], [ 77.523333333333341, 34.13 ], [ 77.523333333333341, 34.133333333333333 ], [ 77.51, 34.133333333333333 ], [ 77.51, 34.136666666666663 ], [ 77.5, 34.136666666666663 ], [ 77.5, 34.143333333333331 ], [ 77.49666666666667, 34.143333333333331 ], [ 77.49666666666667, 34.153333333333336 ], [ 77.476666666666674, 34.153333333333336 ], [ 77.476666666666674, 34.17 ], [ 77.463333333333338, 34.17 ] ] ] } },
{ "type": "Feature", "properties": { "site_id": "SAFE-SITE-020", "cci_score": 91.199996948242188, "area_sqkm": 954.91, "capacity_families": 76392, "capacity_persons": 381960, "suitability_tier": "Optimal Prime Site (CCI ≥ 75)" }, "geometry": { "type": "Polygon", "coordinates": [ [ [ 79.983333333333334, 34.523333333333333 ], [ 79.983333333333334, 34.51 ], [ 79.98, 34.51 ], [ 79.98, 34.506666666666668 ], [ 79.973333333333329, 34.506666666666668 ], [ 79.973333333333329, 34.51 ], [ 79.953333333333333, 34.51 ], [ 79.953333333333333, 34.5 ], [ 79.94, 34.5 ], [ 79.94, 34.49666666666667 ], [ 79.936666666666667, 34.49666666666667 ], [ 79.936666666666667, 34.486666666666665 ], [ 79.923333333333332, 34.486666666666665 ], [ 79.923333333333332, 34.49666666666667 ], [ 79.93, 34.49666666666667 ], [ 79.93, 34.51 ], [ 79.923333333333332, 34.51 ], [ 79.923333333333332, 34.513333333333335 ], [ 79.91, 34.513333333333335 ], [ 79.91, 34.51 ], [ 79.906666666666666, 34.51 ], [ 79.906666666666666, 34.506666666666668 ], [ 79.893333333333331, 34.506666666666668 ], [ 79.893333333333331, 34.5 ], [ 79.89, 34.5 ], [ 79.89, 34.493333333333332 ], [ 79.88, 34.493333333333332 ], [ 79.88, 34.48 ], [ 79.88333333333334, 34.48 ], [ 79.88333333333334, 34.476666666666667 ], [ 79.896666666666661, 34.476666666666667 ], [ 79.896666666666661, 34.47 ], [ 79.893333333333331, 34.47 ], [ 79.893333333333331, 34.466666666666669 ], [ 79.88666666666667, 34.466666666666669 ], [ 79.88666666666667, 34.463333333333331 ], [ 79.873333333333335, 34.463333333333331 ], [ 79.873333333333335, 34.45 ], [ 79.88, 34.45 ], [ 79.88, 34.446666666666665 ], [ 79.87, 34.446666666666665 ], [ 79.87, 34.46 ], [ 79.843333333333334, 34.46 ], [ 79.843333333333334, 34.456666666666663 ], [ 79.826666666666668, 34.456666666666663 ], [ 79.826666666666668, 34.453333333333333 ], [ 79.803333333333327, 34.453333333333333 ], [ 79.803333333333327, 34.46 ], [ 79.8, 34.46 ], [ 79.8, 34.463333333333331 ], [ 79.793333333333337, 34.463333333333331 ], [ 79.793333333333337, 34.466666666666669 ], [ 79.773333333333341, 34.466666666666669 ], [ 79.773333333333341, 34.463333333333331 ], [ 79.766666666666666, 34.463333333333331 ], [ 79.766666666666666, 34.466666666666669 ], [ 79.75333333333333, 34.466666666666669 ], [ 79.75333333333333, 34.456666666666663 ], [ 79.74, 34.456666666666663 ], [ 79.74, 34.46 ], [ 79.726666666666659, 34.46 ], [ 79.726666666666659, 34.456666666666663 ], [ 79.723333333333329, 34.456666666666663 ], [ 79.723333333333329, 34.453333333333333 ], [ 79.71, 34.453333333333333 ], [ 79.71, 34.45 ], [ 79.703333333333333, 34.45 ], [ 79.703333333333333, 34.446666666666665 ], [ 79.696666666666673, 34.446666666666665 ], [ 79.696666666666673, 34.443333333333335 ], [ 79.693333333333328, 34.443333333333335 ], [ 79.693333333333328, 34.446666666666665 ], [ 79.68, 34.446666666666665 ], [ 79.68, 34.443333333333335 ], [ 79.676666666666662, 34.443333333333335 ], [ 79.676666666666662, 34.43 ], [ 79.67, 34.43 ], [ 79.67, 34.43333333333333 ], [ 79.65, 34.43333333333333 ], [ 79.65, 34.43 ], [ 79.646666666666661, 34.43 ], [ 79.646666666666661, 34.423333333333332 ], [ 79.643333333333331, 34.423333333333332 ], [ 79.643333333333331, 34.426666666666669 ], [ 79.63, 34.426666666666669 ], [ 79.63, 34.43 ], [ 79.616666666666674, 34.43 ], [ 79.616666666666674, 34.426666666666669 ], [ 79.61333333333333, 34.426666666666669 ], [ 79.61333333333333, 34.423333333333332 ], [ 79.61, 34.423333333333332 ], [ 79.61, 34.42 ], [ 79.606666666666669, 34.42 ], [ 79.606666666666669, 34.416666666666664 ], [ 79.583333333333329, 34.416666666666664 ], [ 79.583333333333329, 34.413333333333334 ], [ 79.58, 34.413333333333334 ], [ 79.58, 34.41 ], [ 79.563333333333333, 34.41 ], [ 79.563333333333333, 34.413333333333334 ], [ 79.55, 34.413333333333334 ], [ 79.55, 34.41 ], [ 79.546666666666667, 34.41 ], [ 79.546666666666667, 34.406666666666666 ], [ 79.53, 34.406666666666666 ], [ 79.53, 34.4 ], [ 79.52, 34.4 ], [ 79.52, 34.396666666666668 ], [ 79.49666666666667, 34.396666666666668 ], [ 79.49666666666667, 34.393333333333331 ], [ 79.49, 34.393333333333331 ], [ 79.49, 34.39 ], [ 79.473333333333329, 34.39 ], [ 79.473333333333329, 34.393333333333331 ], [ 79.47, 34.393333333333331 ], [ 79.47, 34.396666666666668 ], [ 79.456666666666663, 34.396666666666668 ], [ 79.456666666666663, 34.39 ], [ 79.453333333333333, 34.39 ], [ 79.453333333333333, 34.386666666666663 ], [ 79.45, 34.386666666666663 ], [ 79.45, 34.383333333333333 ], [ 79.43, 34.383333333333333 ], [ 79.43, 34.38 ], [ 79.406666666666666, 34.38 ], [ 79.406666666666666, 34.376666666666665 ], [ 79.39, 34.376666666666665 ], [ 79.39, 34.38 ], [ 79.373333333333335, 34.38 ], [ 79.373333333333335, 34.376666666666665 ], [ 79.37, 34.376666666666665 ], [ 79.37, 34.373333333333335 ], [ 79.346666666666664, 34.373333333333335 ], [ 79.346666666666664, 34.37 ], [ 79.343333333333334, 34.37 ], [ 79.343333333333334, 34.366666666666667 ], [ 79.34, 34.366666666666667 ], [ 79.34, 34.37 ], [ 79.31, 34.37 ], [ 79.31, 34.366666666666667 ], [ 79.3, 34.366666666666667 ], [ 79.3, 34.36333333333333 ], [ 79.296666666666667, 34.36333333333333 ], [ 79.296666666666667, 34.346666666666664 ], [ 79.3, 34.346666666666664 ], [ 79.3, 34.343333333333334 ], [ 79.293333333333337, 34.343333333333334 ], [ 79.293333333333337, 34.336666666666666 ], [ 79.29, 34.336666666666666 ], [ 79.29, 34.343333333333334 ], [ 79.276666666666671, 34.343333333333334 ], [ 79.276666666666671, 34.336666666666666 ], [ 79.27, 34.336666666666666 ], [ 79.27, 34.34 ], [ 79.266666666666666, 34.34 ], [ 79.266666666666666, 34.343333333333334 ], [ 79.25333333333333, 34.343333333333334 ], [ 79.25333333333333, 34.323333333333331 ], [ 79.263333333333335, 34.323333333333331 ], [ 79.263333333333335, 34.32 ], [ 79.27, 34.32 ], [ 79.27, 34.31666666666667 ], [ 79.276666666666671, 34.31666666666667 ], [ 79.276666666666671, 34.313333333333333 ], [ 79.29, 34.313333333333333 ], [ 79.29, 34.31666666666667 ], [ 79.296666666666667, 34.31666666666667 ], [ 79.296666666666667, 34.32 ], [ 79.313333333333333, 34.32 ], [ 79.313333333333333, 34.323333333333331 ], [ 79.353333333333339, 34.323333333333331 ], [ 79.353333333333339, 34.32 ], [ 79.366666666666674, 34.32 ], [ 79.366666666666674, 34.326666666666668 ], [ 79.373333333333335, 34.326666666666668 ], [ 79.373333333333335, 34.336666666666666 ], [ 79.4, 34.336666666666666 ], [ 79.4, 34.34 ], [ 79.403333333333336, 34.34 ], [ 79.403333333333336, 34.343333333333334 ], [ 79.423333333333332, 34.343333333333334 ], [ 79.423333333333332, 34.36 ], [ 79.426666666666662, 34.36 ], [ 79.426666666666662, 34.36333333333333 ], [ 79.453333333333333, 34.36333333333333 ], [ 79.453333333333333, 34.366666666666667 ], [ 79.456666666666663, 34.366666666666667 ], [ 79.456666666666663, 34.37 ], [ 79.476666666666659, 34.37 ], [ 79.476666666666659, 34.373333333333335 ], [ 79.5, 34.373333333333335 ], [ 79.5, 34.376666666666665 ], [ 79.506666666666661, 34.376666666666665 ], [ 79.506666666666661, 34.373333333333335 ], [ 79.52, 34.373333333333335 ], [ 79.52, 34.376666666666665 ], [ 79.523333333333341, 34.376666666666665 ], [ 79.523333333333341, 34.383333333333333 ], [ 79.543333333333337, 34.383333333333333 ], [ 79.543333333333337, 34.376666666666665 ], [ 79.556666666666672, 34.376666666666665 ], [ 79.556666666666672, 34.38 ], [ 79.563333333333333, 34.38 ], [ 79.563333333333333, 34.376666666666665 ], [ 79.576666666666668, 34.376666666666665 ], [ 79.576666666666668, 34.38 ], [ 79.58, 34.38 ], [ 79.58, 34.383333333333333 ], [ 79.583333333333329, 34.383333333333333 ], [ 79.583333333333329, 34.386666666666663 ], [ 79.59, 34.386666666666663 ], [ 79.59, 34.39 ], [ 79.593333333333334, 34.39 ], [ 79.593333333333334, 34.393333333333331 ], [ 79.603333333333339, 34.393333333333331 ], [ 79.603333333333339, 34.396666666666668 ], [ 79.63333333333334, 34.396666666666668 ], [ 79.63333333333334, 34.4 ], [ 79.65, 34.4 ], [ 79.65, 34.403333333333336 ], [ 79.67, 34.403333333333336 ], [ 79.67, 34.406666666666666 ], [ 79.673333333333332, 34.406666666666666 ], [ 79.673333333333332, 34.41 ], [ 79.683333333333337, 34.41 ], [ 79.683333333333337, 34.406666666666666 ], [ 79.696666666666673, 34.406666666666666 ], [ 79.696666666666673, 34.413333333333334 ], [ 79.7, 34.413333333333334 ], [ 79.7, 34.416666666666664 ], [ 79.716666666666669, 34.416666666666664 ], [ 79.716666666666669, 34.413333333333334 ], [ 79.72, 34.413333333333334 ], [ 79.72, 34.41 ], [ 79.733333333333334, 34.41 ], [ 79.733333333333334, 34.416666666666664 ], [ 79.74, 34.416666666666664 ], [ 79.74, 34.42 ], [ 79.74666666666667, 34.42 ], [ 79.74666666666667, 34.41 ], [ 79.74, 34.41 ], [ 79.74, 34.396666666666668 ], [ 79.733333333333334, 34.396666666666668 ], [ 79.733333333333334, 34.383333333333333 ], [ 79.736666666666665, 34.383333333333333 ], [ 79.736666666666665, 34.373333333333335 ], [ 79.733333333333334, 34.373333333333335 ], [ 79.733333333333334, 34.36333333333333 ], [ 79.73, 34.36333333333333 ], [ 79.73, 34.36 ], [ 79.726666666666659, 34.36 ], [ 79.726666666666659, 34.336666666666666 ], [ 79.73, 34.336666666666666 ], [ 79.73, 34.33 ], [ 79.733333333333334, 34.33 ], [ 79.733333333333334, 34.31666666666667 ], [ 79.726666666666659, 34.31666666666667 ], [ 79.726666666666659, 34.3 ], [ 79.733333333333334, 34.3 ], [ 79.733333333333334, 34.296666666666667 ], [ 79.74, 34.296666666666667 ], [ 79.74, 34.293333333333337 ], [ 79.743333333333339, 34.293333333333337 ], [ 79.743333333333339, 34.29 ], [ 79.74666666666667, 34.29 ], [ 79.74666666666667, 34.286666666666669 ], [ 79.743333333333339, 34.286666666666669 ], [ 79.743333333333339, 34.283333333333331 ], [ 79.72, 34.283333333333331 ], [ 79.72, 34.273333333333333 ], [ 79.716666666666669, 34.273333333333333 ], [ 79.716666666666669, 34.266666666666666 ], [ 79.713333333333338, 34.266666666666666 ], [ 79.713333333333338, 34.25333333333333 ], [ 79.723333333333329, 34.25333333333333 ], [ 79.723333333333329, 34.25 ], [ 79.72, 34.25 ], [ 79.72, 34.243333333333332 ], [ 79.716666666666669, 34.243333333333332 ], [ 79.716666666666669, 34.21 ], [ 79.71, 34.21 ], [ 79.71, 34.206666666666663 ], [ 79.693333333333328, 34.206666666666663 ], [ 79.693333333333328, 34.203333333333333 ], [ 79.683333333333337, 34.203333333333333 ], [ 79.683333333333337, 34.206666666666663 ], [ 79.663333333333327, 34.206666666666663 ], [ 79.663333333333327, 34.203333333333333 ], [ 79.66, 34.203333333333333 ], [ 79.66, 34.2 ], [ 79.656666666666666, 34.2 ], [ 79.656666666666666, 34.196666666666665 ], [ 79.653333333333336, 34.196666666666665 ], [ 79.653333333333336, 34.193333333333335 ], [ 79.65, 34.193333333333335 ], [ 79.65, 34.19 ], [ 79.646666666666661, 34.19 ], [ 79.646666666666661, 34.186666666666667 ], [ 79.64, 34.186666666666667 ], [ 79.64, 34.18333333333333 ], [ 79.63, 34.18333333333333 ], [ 79.63, 34.18 ], [ 79.626666666666665, 34.18 ], [ 79.626666666666665, 34.163333333333334 ], [ 79.623333333333335, 34.163333333333334 ], [ 79.623333333333335, 34.156666666666666 ], [ 79.6, 34.156666666666666 ], [ 79.6, 34.153333333333336 ], [ 79.586666666666673, 34.153333333333336 ], [ 79.586666666666673, 34.15 ], [ 79.583333333333329, 34.15 ], [ 79.583333333333329, 34.146666666666668 ], [ 79.58, 34.146666666666668 ], [ 79.58, 34.15 ], [ 79.563333333333333, 34.15 ], [ 79.563333333333333, 34.123333333333335 ], [ 79.566666666666663, 34.123333333333335 ], [ 79.566666666666663, 34.096666666666664 ], [ 79.56, 34.096666666666664 ], [ 79.56, 34.093333333333334 ], [ 79.553333333333327, 34.093333333333334 ], [ 79.553333333333327, 34.08 ], [ 79.55, 34.08 ], [ 79.55, 34.076666666666668 ], [ 79.54, 34.076666666666668 ], [ 79.54, 34.053333333333335 ], [ 79.533333333333331, 34.053333333333335 ], [ 79.533333333333331, 34.05 ], [ 79.53, 34.05 ], [ 79.53, 34.046666666666667 ], [ 79.523333333333341, 34.046666666666667 ], [ 79.523333333333341, 34.043333333333337 ], [ 79.52, 34.043333333333337 ], [ 79.52, 34.04 ], [ 79.51, 34.04 ], [ 79.51, 34.03 ], [ 79.506666666666661, 34.03 ], [ 79.506666666666661, 34.016666666666666 ], [ 79.51, 34.016666666666666 ], [ 79.51, 34.013333333333335 ], [ 79.513333333333335, 34.013333333333335 ], [ 79.513333333333335, 34.00333333333333 ], [ 79.516666666666666, 34.00333333333333 ], [ 79.516666666666666, 33.99666666666667 ], [ 79.52, 33.99666666666667 ], [ 79.52, 33.993333333333332 ], [ 79.523333333333341, 33.993333333333332 ], [ 79.523333333333341, 33.986666666666665 ], [ 79.526666666666671, 33.986666666666665 ], [ 79.526666666666671, 33.983333333333334 ], [ 79.53, 33.983333333333334 ], [ 79.53, 33.98 ], [ 79.533333333333331, 33.98 ], [ 79.533333333333331, 33.976666666666667 ], [ 79.53, 33.976666666666667 ], [ 79.53, 33.97 ], [ 79.526666666666671, 33.97 ], [ 79.526666666666671, 33.966666666666669 ], [ 79.523333333333341, 33.966666666666669 ], [ 79.523333333333341, 33.95 ], [ 79.516666666666666, 33.95 ], [ 79.516666666666666, 33.926666666666669 ], [ 79.52, 33.926666666666669 ], [ 79.52, 33.92 ], [ 79.543333333333337, 33.92 ], [ 79.543333333333337, 33.923333333333332 ], [ 79.556666666666672, 33.923333333333332 ], [ 79.556666666666672, 33.94 ], [ 79.563333333333333, 33.94 ], [ 79.563333333333333, 33.953333333333333 ], [ 79.56, 33.953333333333333 ], [ 79.56, 33.96 ], [ 79.556666666666672, 33.96 ], [ 79.556666666666672, 33.986666666666665 ], [ 79.56, 33.986666666666665 ], [ 79.56, 34.00333333333333 ], [ 79.563333333333333, 34.00333333333333 ], [ 79.563333333333333, 34.006666666666668 ], [ 79.566666666666663, 34.006666666666668 ], [ 79.566666666666663, 34.01 ], [ 79.573333333333338, 34.01 ], [ 79.573333333333338, 34.016666666666666 ], [ 79.576666666666668, 34.016666666666666 ], [ 79.576666666666668, 34.026666666666664 ], [ 79.58, 34.026666666666664 ], [ 79.58, 34.03 ], [ 79.583333333333329, 34.03 ], [ 79.583333333333329, 34.033333333333331 ], [ 79.596666666666664, 34.033333333333331 ], [ 79.596666666666664, 34.043333333333337 ], [ 79.61, 34.043333333333337 ], [ 79.61, 34.05 ], [ 79.623333333333335, 34.05 ], [ 79.623333333333335, 34.046666666666667 ], [ 79.63, 34.046666666666667 ], [ 79.63, 34.043333333333337 ], [ 79.63333333333334, 34.043333333333337 ], [ 79.63333333333334, 34.036666666666669 ], [ 79.646666666666661, 34.036666666666669 ], [ 79.646666666666661, 34.04 ], [ 79.656666666666666, 34.04 ], [ 79.656666666666666, 34.036666666666669 ], [ 79.663333333333327, 34.036666666666669 ], [ 79.663333333333327, 34.033333333333331 ], [ 79.673333333333332, 34.033333333333331 ], [ 79.673333333333332, 34.026666666666664 ], [ 79.686666666666667, 34.026666666666664 ], [ 79.686666666666667, 34.03 ], [ 79.696666666666673, 34.03 ], [ 79.696666666666673, 34.033333333333331 ], [ 79.7, 34.033333333333331 ], [ 79.7, 34.04 ], [ 79.703333333333333, 34.04 ], [ 79.703333333333333, 34.033333333333331 ], [ 79.713333333333338, 34.033333333333331 ], [ 79.713333333333338, 34.03 ], [ 79.743333333333339, 34.03 ], [ 79.743333333333339, 34.026666666666664 ], [ 79.763333333333335, 34.026666666666664 ], [ 79.763333333333335, 34.03 ], [ 79.77, 34.03 ], [ 79.77, 34.033333333333331 ], [ 79.776666666666671, 34.033333333333331 ], [ 79.776666666666671, 34.036666666666669 ], [ 79.78, 34.036666666666669 ], [ 79.78, 34.043333333333337 ], [ 79.783333333333331, 34.043333333333337 ], [ 79.783333333333331, 34.046666666666667 ], [ 79.786666666666662, 34.046666666666667 ], [ 79.786666666666662, 34.053333333333335 ], [ 79.79, 34.053333333333335 ], [ 79.79, 34.06 ], [ 79.793333333333337, 34.06 ], [ 79.793333333333337, 34.07 ], [ 79.8, 34.07 ], [ 79.8, 34.096666666666664 ], [ 79.796666666666667, 34.096666666666664 ], [ 79.796666666666667, 34.11 ], [ 79.8, 34.11 ], [ 79.8, 34.123333333333335 ], [ 79.796666666666667, 34.123333333333335 ], [ 79.796666666666667, 34.136666666666663 ], [ 79.8, 34.136666666666663 ], [ 79.8, 34.14 ], [ 79.803333333333327, 34.14 ], [ 79.803333333333327, 34.15 ], [ 79.806666666666672, 34.15 ], [ 79.806666666666672, 34.153333333333336 ], [ 79.81, 34.153333333333336 ], [ 79.81, 34.156666666666666 ], [ 79.813333333333333, 34.156666666666666 ], [ 79.813333333333333, 34.16 ], [ 79.816666666666663, 34.16 ], [ 79.816666666666663, 34.163333333333334 ], [ 79.82, 34.163333333333334 ], [ 79.82, 34.17 ], [ 79.826666666666668, 34.17 ], [ 79.826666666666668, 34.173333333333332 ], [ 79.83, 34.173333333333332 ], [ 79.83, 34.18333333333333 ], [ 79.833333333333329, 34.18333333333333 ], [ 79.833333333333329, 34.186666666666667 ], [ 79.836666666666673, 34.186666666666667 ], [ 79.836666666666673, 34.19 ], [ 79.84, 34.19 ], [ 79.84, 34.193333333333335 ], [ 79.843333333333334, 34.193333333333335 ], [ 79.843333333333334, 34.196666666666665 ], [ 79.846666666666664, 34.196666666666665 ], [ 79.846666666666664, 34.24 ], [ 79.843333333333334, 34.24 ], [ 79.843333333333334, 34.266666666666666 ], [ 79.84, 34.266666666666666 ], [ 79.84, 34.273333333333333 ], [ 79.836666666666673, 34.273333333333333 ], [ 79.836666666666673, 34.283333333333331 ], [ 79.833333333333329, 34.283333333333331 ], [ 79.833333333333329, 34.29 ], [ 79.83, 34.29 ], [ 79.83, 34.293333333333337 ], [ 79.826666666666668, 34.293333333333337 ], [ 79.826666666666668, 34.296666666666667 ], [ 79.82, 34.296666666666667 ], [ 79.82, 34.3 ], [ 79.813333333333333, 34.3 ], [ 79.813333333333333, 34.303333333333335 ], [ 79.806666666666672, 34.303333333333335 ], [ 79.806666666666672, 34.306666666666665 ], [ 79.803333333333327, 34.306666666666665 ], [ 79.803333333333327, 34.31 ], [ 79.8, 34.31 ], [ 79.8, 34.313333333333333 ], [ 79.796666666666667, 34.313333333333333 ], [ 79.796666666666667, 34.31666666666667 ], [ 79.793333333333337, 34.31666666666667 ], [ 79.793333333333337, 34.326666666666668 ], [ 79.79, 34.326666666666668 ], [ 79.79, 34.333333333333336 ], [ 79.786666666666662, 34.333333333333336 ], [ 79.786666666666662, 34.34 ], [ 79.783333333333331, 34.34 ], [ 79.783333333333331, 34.343333333333334 ], [ 79.78, 34.343333333333334 ], [ 79.78, 34.35 ], [ 79.776666666666671, 34.35 ], [ 79.776666666666671, 34.366666666666667 ], [ 79.773333333333341, 34.366666666666667 ], [ 79.773333333333341, 34.37 ], [ 79.77, 34.37 ], [ 79.77, 34.39 ], [ 79.766666666666666, 34.39 ], [ 79.766666666666666, 34.396666666666668 ], [ 79.763333333333335, 34.396666666666668 ], [ 79.763333333333335, 34.416666666666664 ], [ 79.766666666666666, 34.416666666666664 ], [ 79.766666666666666, 34.43333333333333 ], [ 79.77, 34.43333333333333 ], [ 79.77, 34.43 ], [ 79.786666666666662, 34.43 ], [ 79.786666666666662, 34.43333333333333 ], [ 79.813333333333333, 34.43333333333333 ], [ 79.813333333333333, 34.436666666666667 ], [ 79.83, 34.436666666666667 ], [ 79.83, 34.44 ], [ 79.836666666666673, 34.44 ], [ 79.836666666666673, 34.443333333333335 ], [ 79.84, 34.443333333333335 ], [ 79.84, 34.44 ], [ 79.843333333333334, 34.44 ], [ 79.843333333333334, 34.43 ], [ 79.846666666666664, 34.43 ], [ 79.846666666666664, 34.426666666666669 ], [ 79.85, 34.426666666666669 ], [ 79.85, 34.423333333333332 ], [ 79.86333333333333, 34.423333333333332 ], [ 79.86333333333333, 34.426666666666669 ], [ 79.876666666666665, 34.426666666666669 ], [ 79.876666666666665, 34.43 ], [ 79.88666666666667, 34.43 ], [ 79.88666666666667, 34.396666666666668 ], [ 79.893333333333331, 34.396666666666668 ], [ 79.893333333333331, 34.39 ], [ 79.896666666666661, 34.39 ], [ 79.896666666666661, 34.376666666666665 ], [ 79.916666666666671, 34.376666666666665 ], [ 79.916666666666671, 34.386666666666663 ], [ 79.92, 34.386666666666663 ], [ 79.92, 34.39 ], [ 79.93, 34.39 ], [ 79.93, 34.393333333333331 ], [ 79.943333333333328, 34.393333333333331 ], [ 79.943333333333328, 34.403333333333336 ], [ 79.946666666666673, 34.403333333333336 ], [ 79.946666666666673, 34.406666666666666 ], [ 79.953333333333333, 34.406666666666666 ], [ 79.953333333333333, 34.413333333333334 ], [ 79.956666666666663, 34.413333333333334 ], [ 79.956666666666663, 34.41 ], [ 79.97, 34.41 ], [ 79.97, 34.413333333333334 ], [ 79.973333333333329, 34.413333333333334 ], [ 79.973333333333329, 34.416666666666664 ], [ 79.99, 34.416666666666664 ], [ 79.99, 34.42 ], [ 79.993333333333339, 34.42 ], [ 79.993333333333339, 34.423333333333332 ], [ 79.99666666666667, 34.423333333333332 ], [ 79.99666666666667, 34.426666666666669 ], [ 80.0, 34.426666666666669 ], [ 80.0, 34.52 ], [ 79.99666666666667, 34.52 ], [ 79.99666666666667, 34.523333333333333 ], [ 79.983333333333334, 34.523333333333333 ] ], [ [ 79.92, 34.483333333333334 ], [ 79.923333333333332, 34.483333333333334 ], [ 79.923333333333332, 34.48 ], [ 79.92, 34.48 ], [ 79.92, 34.483333333333334 ] ], [ [ 79.626666666666665, 34.133333333333333 ], [ 79.63, 34.133333333333333 ], [ 79.63, 34.126666666666665 ], [ 79.626666666666665, 34.126666666666665 ], [ 79.626666666666665, 34.133333333333333 ] ], [ [ 79.7, 34.1 ], [ 79.71, 34.1 ], [ 79.71, 34.096666666666664 ], [ 79.723333333333329, 34.096666666666664 ], [ 79.723333333333329, 34.093333333333334 ], [ 79.726666666666659, 34.093333333333334 ], [ 79.726666666666659, 34.086666666666666 ], [ 79.723333333333329, 34.086666666666666 ], [ 79.723333333333329, 34.073333333333331 ], [ 79.726666666666659, 34.073333333333331 ], [ 79.726666666666659, 34.07 ], [ 79.73, 34.07 ], [ 79.73, 34.063333333333333 ], [ 79.733333333333334, 34.063333333333333 ], [ 79.733333333333334, 34.06 ], [ 79.723333333333329, 34.06 ], [ 79.723333333333329, 34.056666666666665 ], [ 79.716666666666669, 34.056666666666665 ], [ 79.716666666666669, 34.053333333333335 ], [ 79.71, 34.053333333333335 ], [ 79.71, 34.056666666666665 ], [ 79.706666666666663, 34.056666666666665 ], [ 79.706666666666663, 34.06 ], [ 79.693333333333328, 34.06 ], [ 79.693333333333328, 34.05 ], [ 79.686666666666667, 34.05 ], [ 79.686666666666667, 34.06 ], [ 79.69, 34.06 ], [ 79.69, 34.07 ], [ 79.693333333333328, 34.07 ], [ 79.693333333333328, 34.093333333333334 ], [ 79.696666666666673, 34.093333333333334 ], [ 79.696666666666673, 34.096666666666664 ], [ 79.7, 34.096666666666664 ], [ 79.7, 34.1 ] ], [ [ 79.63666666666667, 34.08 ], [ 79.643333333333331, 34.08 ], [ 79.643333333333331, 34.076666666666668 ], [ 79.65, 34.076666666666668 ], [ 79.65, 34.073333333333331 ], [ 79.653333333333336, 34.073333333333331 ], [ 79.653333333333336, 34.06666666666667 ], [ 79.656666666666666, 34.06666666666667 ], [ 79.656666666666666, 34.063333333333333 ], [ 79.67, 34.063333333333333 ], [ 79.67, 34.06 ], [ 79.656666666666666, 34.06 ], [ 79.656666666666666, 34.056666666666665 ], [ 79.653333333333336, 34.056666666666665 ], [ 79.653333333333336, 34.053333333333335 ], [ 79.646666666666661, 34.053333333333335 ], [ 79.646666666666661, 34.056666666666665 ], [ 79.643333333333331, 34.056666666666665 ], [ 79.643333333333331, 34.06 ], [ 79.64, 34.06 ], [ 79.64, 34.063333333333333 ], [ 79.63666666666667, 34.063333333333333 ], [ 79.63666666666667, 34.06666666666667 ], [ 79.63333333333334, 34.06666666666667 ], [ 79.63333333333334, 34.076666666666668 ], [ 79.63666666666667, 34.076666666666668 ], [ 79.63666666666667, 34.08 ] ], [ [ 79.67, 34.06 ], [ 79.673333333333332, 34.06 ], [ 79.673333333333332, 34.056666666666665 ], [ 79.67, 34.056666666666665 ], [ 79.67, 34.06 ] ] ] } },
{ "type": "Feature", "properties": { "site_id": "SAFE-SITE-021", "cci_score": 91.199996948242188, "area_sqkm": 16.72, "capacity_families": 1337, "capacity_persons": 6685, "suitability_tier": "Optimal Prime Site (CCI ≥ 75)" }, "geometry": { "type": "Polygon", "coordinates": [ [ [ 79.576666666666668, 33.85 ], [ 79.576666666666668, 33.846666666666664 ], [ 79.56, 33.846666666666664 ], [ 79.56, 33.836666666666666 ], [ 79.556666666666672, 33.836666666666666 ], [ 79.556666666666672, 33.833333333333336 ], [ 79.553333333333327, 33.833333333333336 ], [ 79.553333333333327, 33.83 ], [ 79.546666666666667, 33.83 ], [ 79.546666666666667, 33.81666666666667 ], [ 79.566666666666663, 33.81666666666667 ], [ 79.566666666666663, 33.82 ], [ 79.57, 33.82 ], [ 79.57, 33.81666666666667 ], [ 79.576666666666668, 33.81666666666667 ], [ 79.576666666666668, 33.813333333333333 ], [ 79.583333333333329, 33.813333333333333 ], [ 79.583333333333329, 33.81 ], [ 79.586666666666673, 33.81 ], [ 79.586666666666673, 33.803333333333335 ], [ 79.6, 33.803333333333335 ], [ 79.6, 33.82 ], [ 79.596666666666664, 33.82 ], [ 79.596666666666664, 33.823333333333331 ], [ 79.593333333333334, 33.823333333333331 ], [ 79.593333333333334, 33.83 ], [ 79.596666666666664, 33.83 ], [ 79.596666666666664, 33.833333333333336 ], [ 79.6, 33.833333333333336 ], [ 79.6, 33.846666666666664 ], [ 79.59, 33.846666666666664 ], [ 79.59, 33.85 ], [ 79.576666666666668, 33.85 ] ] ] } },
{ "type": "Feature", "properties": { "site_id": "SAFE-SITE-022", "cci_score": 91.199996948242188, "area_sqkm": 11.26, "capacity_families": 901, "capacity_persons": 4505, "suitability_tier": "Optimal Prime Site (CCI ≥ 75)" }, "geometry": { "type": "Polygon", "coordinates": [ [ [ 79.67, 33.8 ], [ 79.67, 33.793333333333337 ], [ 79.666666666666671, 33.793333333333337 ], [ 79.666666666666671, 33.776666666666664 ], [ 79.67, 33.776666666666664 ], [ 79.67, 33.77 ], [ 79.69, 33.77 ], [ 79.69, 33.773333333333333 ], [ 79.7, 33.773333333333333 ], [ 79.7, 33.776666666666664 ], [ 79.703333333333333, 33.776666666666664 ], [ 79.703333333333333, 33.78 ], [ 79.706666666666663, 33.78 ], [ 79.706666666666663, 33.783333333333331 ], [ 79.71, 33.783333333333331 ], [ 79.71, 33.796666666666667 ], [ 79.696666666666673, 33.796666666666667 ], [ 79.696666666666673, 33.8 ], [ 79.67, 33.8 ] ] ] } },
{ "type": "Feature", "properties": { "site_id": "SAFE-SITE-023", "cci_score": 91.199996948242188, "area_sqkm": 10.92, "capacity_families": 873, "capacity_persons": 4365, "suitability_tier": "Optimal Prime Site (CCI ≥ 75)" }, "geometry": { "type": "Polygon", "coordinates": [ [ [ 78.36666666666666, 33.8 ], [ 78.36666666666666, 33.783333333333331 ], [ 78.37, 33.783333333333331 ], [ 78.37, 33.773333333333333 ], [ 78.373333333333335, 33.773333333333333 ], [ 78.373333333333335, 33.766666666666666 ], [ 78.376666666666665, 33.766666666666666 ], [ 78.376666666666665, 33.763333333333335 ], [ 78.403333333333336, 33.763333333333335 ], [ 78.403333333333336, 33.78 ], [ 78.4, 33.78 ], [ 78.4, 33.786666666666669 ], [ 78.396666666666661, 33.786666666666669 ], [ 78.396666666666661, 33.79 ], [ 78.393333333333331, 33.79 ], [ 78.393333333333331, 33.793333333333337 ], [ 78.39, 33.793333333333337 ], [ 78.39, 33.796666666666667 ], [ 78.38333333333334, 33.796666666666667 ], [ 78.38333333333334, 33.8 ], [ 78.36666666666666, 33.8 ] ] ] } },
{ "type": "Feature", "properties": { "site_id": "SAFE-SITE-024", "cci_score": 91.199996948242188, "area_sqkm": 21.37, "capacity_families": 1709, "capacity_persons": 8545, "suitability_tier": "Optimal Prime Site (CCI ≥ 75)" }, "geometry": { "type": "Polygon", "coordinates": [ [ [ 79.226666666666659, 33.76 ], [ 79.226666666666659, 33.74666666666667 ], [ 79.23, 33.74666666666667 ], [ 79.23, 33.74 ], [ 79.25, 33.74 ], [ 79.25, 33.736666666666665 ], [ 79.25333333333333, 33.736666666666665 ], [ 79.25333333333333, 33.733333333333334 ], [ 79.27, 33.733333333333334 ], [ 79.27, 33.73 ], [ 79.273333333333341, 33.73 ], [ 79.273333333333341, 33.726666666666667 ], [ 79.276666666666671, 33.726666666666667 ], [ 79.276666666666671, 33.723333333333336 ], [ 79.273333333333341, 33.723333333333336 ], [ 79.273333333333341, 33.71 ], [ 79.276666666666671, 33.71 ], [ 79.276666666666671, 33.69 ], [ 79.293333333333337, 33.69 ], [ 79.293333333333337, 33.706666666666663 ], [ 79.29, 33.706666666666663 ], [ 79.29, 33.72 ], [ 79.293333333333337, 33.72 ], [ 79.293333333333337, 33.723333333333336 ], [ 79.303333333333327, 33.723333333333336 ], [ 79.303333333333327, 33.736666666666665 ], [ 79.3, 33.736666666666665 ], [ 79.3, 33.743333333333332 ], [ 79.28, 33.743333333333332 ], [ 79.28, 33.74666666666667 ], [ 79.276666666666671, 33.74666666666667 ], [ 79.276666666666671, 33.75 ], [ 79.273333333333341, 33.75 ], [ 79.273333333333341, 33.75333333333333 ], [ 79.25333333333333, 33.75333333333333 ], [ 79.25333333333333, 33.756666666666668 ], [ 79.24, 33.756666666666668 ], [ 79.24, 33.76 ], [ 79.226666666666659, 33.76 ] ] ] } },
{ "type": "Feature", "properties": { "site_id": "SAFE-SITE-025", "cci_score": 91.199996948242188, "area_sqkm": 64.33, "capacity_families": 5146, "capacity_persons": 25730, "suitability_tier": "Optimal Prime Site (CCI ≥ 75)" }, "geometry": { "type": "Polygon", "coordinates": [ [ [ 79.49, 33.806666666666665 ], [ 79.49, 33.793333333333337 ], [ 79.493333333333339, 33.793333333333337 ], [ 79.493333333333339, 33.776666666666664 ], [ 79.5, 33.776666666666664 ], [ 79.5, 33.773333333333333 ], [ 79.50333333333333, 33.773333333333333 ], [ 79.50333333333333, 33.74666666666667 ], [ 79.5, 33.74666666666667 ], [ 79.5, 33.743333333333332 ], [ 79.49, 33.743333333333332 ], [ 79.49, 33.74666666666667 ], [ 79.473333333333329, 33.74666666666667 ], [ 79.473333333333329, 33.74 ], [ 79.47, 33.74 ], [ 79.47, 33.726666666666667 ], [ 79.516666666666666, 33.726666666666667 ], [ 79.516666666666666, 33.723333333333336 ], [ 79.526666666666671, 33.723333333333336 ], [ 79.526666666666671, 33.72 ], [ 79.53, 33.72 ], [ 79.53, 33.716666666666669 ], [ 79.536666666666662, 33.716666666666669 ], [ 79.536666666666662, 33.713333333333331 ], [ 79.55, 33.713333333333331 ], [ 79.55, 33.71 ], [ 79.553333333333327, 33.71 ], [ 79.553333333333327, 33.706666666666663 ], [ 79.556666666666672, 33.706666666666663 ], [ 79.556666666666672, 33.703333333333333 ], [ 79.563333333333333, 33.703333333333333 ], [ 79.563333333333333, 33.7 ], [ 79.566666666666663, 33.7 ], [ 79.566666666666663, 33.696666666666665 ], [ 79.583333333333329, 33.696666666666665 ], [ 79.583333333333329, 33.693333333333335 ], [ 79.586666666666673, 33.693333333333335 ], [ 79.586666666666673, 33.69 ], [ 79.593333333333334, 33.69 ], [ 79.593333333333334, 33.686666666666667 ], [ 79.596666666666664, 33.686666666666667 ], [ 79.596666666666664, 33.68333333333333 ], [ 79.6, 33.68333333333333 ], [ 79.6, 33.68 ], [ 79.606666666666669, 33.68 ], [ 79.606666666666669, 33.676666666666669 ], [ 79.61333333333333, 33.676666666666669 ], [ 79.61333333333333, 33.673333333333332 ], [ 79.63, 33.673333333333332 ], [ 79.63, 33.686666666666667 ], [ 79.623333333333335, 33.686666666666667 ], [ 79.623333333333335, 33.693333333333335 ], [ 79.616666666666674, 33.693333333333335 ], [ 79.616666666666674, 33.696666666666665 ], [ 79.61333333333333, 33.696666666666665 ], [ 79.61333333333333, 33.7 ], [ 79.606666666666669, 33.7 ], [ 79.606666666666669, 33.703333333333333 ], [ 79.603333333333339, 33.703333333333333 ], [ 79.603333333333339, 33.706666666666663 ], [ 79.596666666666664, 33.706666666666663 ], [ 79.596666666666664, 33.71 ], [ 79.59, 33.71 ], [ 79.59, 33.713333333333331 ], [ 79.586666666666673, 33.713333333333331 ], [ 79.586666666666673, 33.723333333333336 ], [ 79.573333333333338, 33.723333333333336 ], [ 79.573333333333338, 33.726666666666667 ], [ 79.563333333333333, 33.726666666666667 ], [ 79.563333333333333, 33.73 ], [ 79.553333333333327, 33.73 ], [ 79.553333333333327, 33.733333333333334 ], [ 79.55, 33.733333333333334 ], [ 79.55, 33.743333333333332 ], [ 79.546666666666667, 33.743333333333332 ], [ 79.546666666666667, 33.74666666666667 ], [ 79.543333333333337, 33.74666666666667 ], [ 79.543333333333337, 33.766666666666666 ], [ 79.546666666666667, 33.766666666666666 ], [ 79.546666666666667, 33.77 ], [ 79.55, 33.77 ], [ 79.55, 33.783333333333331 ], [ 79.546666666666667, 33.783333333333331 ], [ 79.546666666666667, 33.786666666666669 ], [ 79.533333333333331, 33.786666666666669 ], [ 79.533333333333331, 33.79 ], [ 79.53, 33.79 ], [ 79.53, 33.796666666666667 ], [ 79.516666666666666, 33.796666666666667 ], [ 79.516666666666666, 33.8 ], [ 79.51, 33.8 ], [ 79.51, 33.803333333333335 ], [ 79.50333333333333, 33.803333333333335 ], [ 79.50333333333333, 33.806666666666665 ], [ 79.49, 33.806666666666665 ] ] ] } },
{ "type": "Feature", "properties": { "site_id": "SAFE-SITE-026", "cci_score": 91.199996948242188, "area_sqkm": 372.77, "capacity_families": 29821, "capacity_persons": 149105, "suitability_tier": "Optimal Prime Site (CCI ≥ 75)" }, "geometry": { "type": "Polygon", "coordinates": [ [ [ 78.416666666666671, 33.98 ], [ 78.416666666666671, 33.966666666666669 ], [ 78.423333333333332, 33.966666666666669 ], [ 78.423333333333332, 33.963333333333331 ], [ 78.426666666666662, 33.963333333333331 ], [ 78.426666666666662, 33.96 ], [ 78.43, 33.96 ], [ 78.43, 33.956666666666663 ], [ 78.433333333333337, 33.956666666666663 ], [ 78.433333333333337, 33.953333333333333 ], [ 78.436666666666667, 33.953333333333333 ], [ 78.436666666666667, 33.95 ], [ 78.44, 33.95 ], [ 78.44, 33.943333333333335 ], [ 78.443333333333328, 33.943333333333335 ], [ 78.443333333333328, 33.926666666666669 ], [ 78.446666666666673, 33.926666666666669 ], [ 78.446666666666673, 33.92 ], [ 78.45, 33.92 ], [ 78.45, 33.916666666666664 ], [ 78.453333333333333, 33.916666666666664 ], [ 78.453333333333333, 33.913333333333334 ], [ 78.456666666666663, 33.913333333333334 ], [ 78.456666666666663, 33.91 ], [ 78.46, 33.91 ], [ 78.46, 33.906666666666666 ], [ 78.463333333333338, 33.906666666666666 ], [ 78.463333333333338, 33.903333333333336 ], [ 78.47, 33.903333333333336 ], [ 78.47, 33.9 ], [ 78.473333333333329, 33.9 ], [ 78.473333333333329, 33.896666666666668 ], [ 78.476666666666674, 33.896666666666668 ], [ 78.476666666666674, 33.893333333333331 ], [ 78.48, 33.893333333333331 ], [ 78.48, 33.89 ], [ 78.483333333333334, 33.89 ], [ 78.483333333333334, 33.886666666666663 ], [ 78.49, 33.886666666666663 ], [ 78.49, 33.883333333333333 ], [ 78.493333333333339, 33.883333333333333 ], [ 78.493333333333339, 33.88 ], [ 78.49666666666667, 33.88 ], [ 78.49666666666667, 33.876666666666665 ], [ 78.5, 33.876666666666665 ], [ 78.5, 33.873333333333335 ], [ 78.50333333333333, 33.873333333333335 ], [ 78.50333333333333, 33.87 ], [ 78.51, 33.87 ], [ 78.51, 33.866666666666667 ], [ 78.516666666666666, 33.866666666666667 ], [ 78.516666666666666, 33.86333333333333 ], [ 78.52, 33.86333333333333 ], [ 78.52, 33.86 ], [ 78.523333333333341, 33.86 ], [ 78.523333333333341, 33.856666666666669 ], [ 78.533333333333331, 33.856666666666669 ], [ 78.533333333333331, 33.853333333333332 ], [ 78.55, 33.853333333333332 ], [ 78.55, 33.85 ], [ 78.563333333333333, 33.85 ], [ 78.563333333333333, 33.846666666666664 ], [ 78.57, 33.846666666666664 ], [ 78.57, 33.843333333333334 ], [ 78.573333333333338, 33.843333333333334 ], [ 78.573333333333338, 33.826666666666668 ], [ 78.576666666666668, 33.826666666666668 ], [ 78.576666666666668, 33.81 ], [ 78.58, 33.81 ], [ 78.58, 33.796666666666667 ], [ 78.583333333333329, 33.796666666666667 ], [ 78.583333333333329, 33.793333333333337 ], [ 78.586666666666673, 33.793333333333337 ], [ 78.586666666666673, 33.79 ], [ 78.59, 33.79 ], [ 78.59, 33.783333333333331 ], [ 78.593333333333334, 33.783333333333331 ], [ 78.593333333333334, 33.78 ], [ 78.6, 33.78 ], [ 78.6, 33.776666666666664 ], [ 78.603333333333339, 33.776666666666664 ], [ 78.603333333333339, 33.773333333333333 ], [ 78.61333333333333, 33.773333333333333 ], [ 78.61333333333333, 33.77 ], [ 78.62, 33.77 ], [ 78.62, 33.763333333333335 ], [ 78.623333333333335, 33.763333333333335 ], [ 78.623333333333335, 33.756666666666668 ], [ 78.626666666666665, 33.756666666666668 ], [ 78.626666666666665, 33.74666666666667 ], [ 78.63, 33.74666666666667 ], [ 78.63, 33.736666666666665 ], [ 78.626666666666665, 33.736666666666665 ], [ 78.626666666666665, 33.723333333333336 ], [ 78.63, 33.723333333333336 ], [ 78.63, 33.72 ], [ 78.63333333333334, 33.72 ], [ 78.63333333333334, 33.69 ], [ 78.63666666666667, 33.69 ], [ 78.63666666666667, 33.68333333333333 ], [ 78.64, 33.68333333333333 ], [ 78.64, 33.68 ], [ 78.656666666666666, 33.68 ], [ 78.656666666666666, 33.696666666666665 ], [ 78.66, 33.696666666666665 ], [ 78.66, 33.7 ], [ 78.683333333333337, 33.7 ], [ 78.683333333333337, 33.696666666666665 ], [ 78.693333333333328, 33.696666666666665 ], [ 78.693333333333328, 33.693333333333335 ], [ 78.696666666666673, 33.693333333333335 ], [ 78.696666666666673, 33.69 ], [ 78.7, 33.69 ], [ 78.7, 33.686666666666667 ], [ 78.713333333333338, 33.686666666666667 ], [ 78.713333333333338, 33.69 ], [ 78.73, 33.69 ], [ 78.73, 33.686666666666667 ], [ 78.733333333333334, 33.686666666666667 ], [ 78.733333333333334, 33.68333333333333 ], [ 78.736666666666665, 33.68333333333333 ], [ 78.736666666666665, 33.68 ], [ 78.733333333333334, 33.68 ], [ 78.733333333333334, 33.666666666666664 ], [ 78.75, 33.666666666666664 ], [ 78.75, 33.676666666666669 ], [ 78.75333333333333, 33.676666666666669 ], [ 78.75333333333333, 33.68 ], [ 78.766666666666666, 33.68 ], [ 78.766666666666666, 33.686666666666667 ], [ 78.773333333333341, 33.686666666666667 ], [ 78.773333333333341, 33.69 ], [ 78.793333333333337, 33.69 ], [ 78.793333333333337, 33.693333333333335 ], [ 78.796666666666667, 33.693333333333335 ], [ 78.796666666666667, 33.696666666666665 ], [ 78.816666666666663, 33.696666666666665 ], [ 78.816666666666663, 33.7 ], [ 78.82, 33.7 ], [ 78.82, 33.703333333333333 ], [ 78.823333333333338, 33.703333333333333 ], [ 78.823333333333338, 33.706666666666663 ], [ 78.83, 33.706666666666663 ], [ 78.83, 33.703333333333333 ], [ 78.833333333333329, 33.703333333333333 ], [ 78.833333333333329, 33.696666666666665 ], [ 78.853333333333339, 33.696666666666665 ], [ 78.853333333333339, 33.693333333333335 ], [ 78.873333333333335, 33.693333333333335 ], [ 78.873333333333335, 33.7 ], [ 78.88, 33.7 ], [ 78.88, 33.703333333333333 ], [ 78.893333333333331, 33.703333333333333 ], [ 78.893333333333331, 33.706666666666663 ], [ 78.906666666666666, 33.706666666666663 ], [ 78.906666666666666, 33.703333333333333 ], [ 78.926666666666662, 33.703333333333333 ], [ 78.926666666666662, 33.7 ], [ 78.94, 33.7 ], [ 78.94, 33.706666666666663 ], [ 78.943333333333328, 33.706666666666663 ], [ 78.943333333333328, 33.71 ], [ 78.966666666666669, 33.71 ], [ 78.966666666666669, 33.723333333333336 ], [ 78.97, 33.723333333333336 ], [ 78.97, 33.726666666666667 ], [ 78.973333333333329, 33.726666666666667 ], [ 78.973333333333329, 33.73 ], [ 78.98, 33.73 ], [ 78.98, 33.733333333333334 ], [ 78.986666666666665, 33.733333333333334 ], [ 78.986666666666665, 33.736666666666665 ], [ 78.993333333333339, 33.736666666666665 ], [ 78.993333333333339, 33.733333333333334 ], [ 79.006666666666661, 33.733333333333334 ], [ 79.006666666666661, 33.74 ], [ 79.01, 33.74 ], [ 79.01, 33.743333333333332 ], [ 79.016666666666666, 33.743333333333332 ], [ 79.016666666666666, 33.74666666666667 ], [ 79.023333333333341, 33.74666666666667 ], [ 79.023333333333341, 33.75 ], [ 79.026666666666671, 33.75 ], [ 79.026666666666671, 33.74666666666667 ], [ 79.03, 33.74666666666667 ], [ 79.03, 33.743333333333332 ], [ 79.033333333333331, 33.743333333333332 ], [ 79.033333333333331, 33.736666666666665 ], [ 79.056666666666672, 33.736666666666665 ], [ 79.056666666666672, 33.74 ], [ 79.066666666666663, 33.74 ], [ 79.066666666666663, 33.743333333333332 ], [ 79.07, 33.743333333333332 ], [ 79.07, 33.74666666666667 ], [ 79.08, 33.74666666666667 ], [ 79.08, 33.743333333333332 ], [ 79.083333333333329, 33.743333333333332 ], [ 79.083333333333329, 33.74 ], [ 79.096666666666664, 33.74 ], [ 79.096666666666664, 33.743333333333332 ], [ 79.103333333333339, 33.743333333333332 ], [ 79.103333333333339, 33.74 ], [ 79.106666666666669, 33.74 ], [ 79.106666666666669, 33.733333333333334 ], [ 79.11, 33.733333333333334 ], [ 79.11, 33.73 ], [ 79.11333333333333, 33.73 ], [ 79.11333333333333, 33.726666666666667 ], [ 79.116666666666674, 33.726666666666667 ], [ 79.116666666666674, 33.723333333333336 ], [ 79.12, 33.723333333333336 ], [ 79.12, 33.72 ], [ 79.123333333333335, 33.72 ], [ 79.123333333333335, 33.716666666666669 ], [ 79.13666666666667, 33.716666666666669 ], [ 79.13666666666667, 33.72 ], [ 79.14, 33.72 ], [ 79.14, 33.723333333333336 ], [ 79.146666666666661, 33.723333333333336 ], [ 79.146666666666661, 33.72 ], [ 79.16, 33.72 ], [ 79.16, 33.733333333333334 ], [ 79.156666666666666, 33.733333333333334 ], [ 79.156666666666666, 33.743333333333332 ], [ 79.143333333333331, 33.743333333333332 ], [ 79.143333333333331, 33.74 ], [ 79.14, 33.74 ], [ 79.14, 33.743333333333332 ], [ 79.12, 33.743333333333332 ], [ 79.12, 33.74666666666667 ], [ 79.116666666666674, 33.74666666666667 ], [ 79.116666666666674, 33.76 ], [ 79.1, 33.76 ], [ 79.1, 33.756666666666668 ], [ 79.093333333333334, 33.756666666666668 ], [ 79.093333333333334, 33.76 ], [ 79.09, 33.76 ], [ 79.09, 33.763333333333335 ], [ 79.086666666666673, 33.763333333333335 ], [ 79.086666666666673, 33.766666666666666 ], [ 79.063333333333333, 33.766666666666666 ], [ 79.063333333333333, 33.763333333333335 ], [ 79.056666666666672, 33.763333333333335 ], [ 79.056666666666672, 33.756666666666668 ], [ 79.04, 33.756666666666668 ], [ 79.04, 33.76 ], [ 79.036666666666662, 33.76 ], [ 79.036666666666662, 33.763333333333335 ], [ 79.033333333333331, 33.763333333333335 ], [ 79.033333333333331, 33.766666666666666 ], [ 79.03, 33.766666666666666 ], [ 79.03, 33.77 ], [ 79.006666666666661, 33.77 ], [ 79.006666666666661, 33.773333333333333 ], [ 79.00333333333333, 33.773333333333333 ], [ 79.00333333333333, 33.776666666666664 ], [ 79.0, 33.776666666666664 ], [ 79.0, 33.786666666666669 ], [ 78.986666666666665, 33.786666666666669 ], [ 78.986666666666665, 33.77 ], [ 78.99, 33.77 ], [ 78.99, 33.763333333333335 ], [ 78.986666666666665, 33.763333333333335 ], [ 78.986666666666665, 33.76 ], [ 78.976666666666674, 33.76 ], [ 78.976666666666674, 33.756666666666668 ], [ 78.97, 33.756666666666668 ], [ 78.97, 33.74666666666667 ], [ 78.966666666666669, 33.74666666666667 ], [ 78.966666666666669, 33.743333333333332 ], [ 78.943333333333328, 33.743333333333332 ], [ 78.943333333333328, 33.736666666666665 ], [ 78.94, 33.736666666666665 ], [ 78.94, 33.733333333333334 ], [ 78.93, 33.733333333333334 ], [ 78.93, 33.73 ], [ 78.926666666666662, 33.73 ], [ 78.926666666666662, 33.726666666666667 ], [ 78.916666666666671, 33.726666666666667 ], [ 78.916666666666671, 33.73 ], [ 78.906666666666666, 33.73 ], [ 78.906666666666666, 33.733333333333334 ], [ 78.903333333333336, 33.733333333333334 ], [ 78.903333333333336, 33.736666666666665 ], [ 78.88666666666667, 33.736666666666665 ], [ 78.88666666666667, 33.74 ], [ 78.876666666666665, 33.74 ], [ 78.876666666666665, 33.743333333333332 ], [ 78.873333333333335, 33.743333333333332 ], [ 78.873333333333335, 33.74666666666667 ], [ 78.86, 33.74666666666667 ], [ 78.86, 33.75 ], [ 78.856666666666669, 33.75 ], [ 78.856666666666669, 33.756666666666668 ], [ 78.84, 33.756666666666668 ], [ 78.84, 33.74666666666667 ], [ 78.82, 33.74666666666667 ], [ 78.82, 33.74 ], [ 78.816666666666663, 33.74 ], [ 78.816666666666663, 33.736666666666665 ], [ 78.796666666666667, 33.736666666666665 ], [ 78.796666666666667, 33.723333333333336 ], [ 78.79, 33.723333333333336 ], [ 78.79, 33.72 ], [ 78.763333333333335, 33.72 ], [ 78.763333333333335, 33.723333333333336 ], [ 78.76, 33.723333333333336 ], [ 78.76, 33.726666666666667 ], [ 78.756666666666661, 33.726666666666667 ], [ 78.756666666666661, 33.73 ], [ 78.74666666666667, 33.73 ], [ 78.74666666666667, 33.733333333333334 ], [ 78.743333333333339, 33.733333333333334 ], [ 78.743333333333339, 33.743333333333332 ], [ 78.74, 33.743333333333332 ], [ 78.74, 33.74666666666667 ], [ 78.72, 33.74666666666667 ], [ 78.72, 33.75 ], [ 78.716666666666669, 33.75 ], [ 78.716666666666669, 33.756666666666668 ], [ 78.693333333333328, 33.756666666666668 ], [ 78.693333333333328, 33.76 ], [ 78.69, 33.76 ], [ 78.69, 33.766666666666666 ], [ 78.68, 33.766666666666666 ], [ 78.68, 33.77 ], [ 78.676666666666662, 33.77 ], [ 78.676666666666662, 33.783333333333331 ], [ 78.663333333333327, 33.783333333333331 ], [ 78.663333333333327, 33.79 ], [ 78.66, 33.79 ], [ 78.66, 33.796666666666667 ], [ 78.656666666666666, 33.796666666666667 ], [ 78.656666666666666, 33.8 ], [ 78.653333333333336, 33.8 ], [ 78.653333333333336, 33.81666666666667 ], [ 78.63666666666667, 33.81666666666667 ], [ 78.63666666666667, 33.82 ], [ 78.63333333333334, 33.82 ], [ 78.63333333333334, 33.823333333333331 ], [ 78.63, 33.823333333333331 ], [ 78.63, 33.833333333333336 ], [ 78.61666666666666, 33.833333333333336 ], [ 78.61666666666666, 33.836666666666666 ], [ 78.61333333333333, 33.836666666666666 ], [ 78.61333333333333, 33.856666666666669 ], [ 78.61, 33.856666666666669 ], [ 78.61, 33.86 ], [ 78.603333333333339, 33.86 ], [ 78.603333333333339, 33.86333333333333 ], [ 78.596666666666664, 33.86333333333333 ], [ 78.596666666666664, 33.866666666666667 ], [ 78.593333333333334, 33.866666666666667 ], [ 78.593333333333334, 33.876666666666665 ], [ 78.58, 33.876666666666665 ], [ 78.58, 33.88 ], [ 78.573333333333338, 33.88 ], [ 78.573333333333338, 33.903333333333336 ], [ 78.56, 33.903333333333336 ], [ 78.56, 33.9 ], [ 78.553333333333327, 33.9 ], [ 78.553333333333327, 33.893333333333331 ], [ 78.55, 33.893333333333331 ], [ 78.55, 33.89 ], [ 78.546666666666667, 33.89 ], [ 78.546666666666667, 33.893333333333331 ], [ 78.54, 33.893333333333331 ], [ 78.54, 33.896666666666668 ], [ 78.536666666666662, 33.896666666666668 ], [ 78.536666666666662, 33.9 ], [ 78.533333333333331, 33.9 ], [ 78.533333333333331, 33.903333333333336 ], [ 78.53, 33.903333333333336 ], [ 78.53, 33.916666666666664 ], [ 78.513333333333335, 33.916666666666664 ], [ 78.513333333333335, 33.92 ], [ 78.51, 33.92 ], [ 78.51, 33.923333333333332 ], [ 78.506666666666661, 33.923333333333332 ], [ 78.506666666666661, 33.926666666666669 ], [ 78.50333333333333, 33.926666666666669 ], [ 78.50333333333333, 33.93 ], [ 78.5, 33.93 ], [ 78.5, 33.93333333333333 ], [ 78.49666666666667, 33.93333333333333 ], [ 78.49666666666667, 33.936666666666667 ], [ 78.49, 33.936666666666667 ], [ 78.49, 33.94 ], [ 78.486666666666665, 33.94 ], [ 78.486666666666665, 33.956666666666663 ], [ 78.49666666666667, 33.956666666666663 ], [ 78.49666666666667, 33.97 ], [ 78.483333333333334, 33.97 ], [ 78.483333333333334, 33.96 ], [ 78.473333333333329, 33.96 ], [ 78.473333333333329, 33.956666666666663 ], [ 78.46, 33.956666666666663 ], [ 78.46, 33.96 ], [ 78.453333333333333, 33.96 ], [ 78.453333333333333, 33.966666666666669 ], [ 78.45, 33.966666666666669 ], [ 78.45, 33.973333333333336 ], [ 78.443333333333328, 33.973333333333336 ], [ 78.443333333333328, 33.976666666666667 ], [ 78.44, 33.976666666666667 ], [ 78.44, 33.98 ], [ 78.416666666666671, 33.98 ] ] ] } },
{ "type": "Feature", "properties": { "site_id": "SAFE-SITE-027", "cci_score": 91.199996948242188, "area_sqkm": 13.7, "capacity_families": 1096, "capacity_persons": 5480, "suitability_tier": "Optimal Prime Site (CCI ≥ 75)" }, "geometry": { "type": "Polygon", "coordinates": [ [ [ 79.426666666666662, 33.63 ], [ 79.426666666666662, 33.616666666666667 ], [ 79.43, 33.616666666666667 ], [ 79.43, 33.61333333333333 ], [ 79.433333333333337, 33.61333333333333 ], [ 79.433333333333337, 33.61 ], [ 79.436666666666667, 33.61 ], [ 79.436666666666667, 33.606666666666669 ], [ 79.453333333333333, 33.606666666666669 ], [ 79.453333333333333, 33.596666666666664 ], [ 79.456666666666663, 33.596666666666664 ], [ 79.456666666666663, 33.593333333333334 ], [ 79.463333333333338, 33.593333333333334 ], [ 79.463333333333338, 33.586666666666666 ], [ 79.466666666666669, 33.586666666666666 ], [ 79.466666666666669, 33.583333333333336 ], [ 79.49, 33.583333333333336 ], [ 79.49, 33.586666666666666 ], [ 79.493333333333339, 33.586666666666666 ], [ 79.493333333333339, 33.6 ], [ 79.476666666666659, 33.6 ], [ 79.476666666666659, 33.603333333333332 ], [ 79.473333333333329, 33.603333333333332 ], [ 79.473333333333329, 33.61 ], [ 79.456666666666663, 33.61 ], [ 79.456666666666663, 33.626666666666665 ], [ 79.44, 33.626666666666665 ], [ 79.44, 33.63 ], [ 79.426666666666662, 33.63 ] ] ] } },
{ "type": "Feature", "properties": { "site_id": "SAFE-SITE-028", "cci_score": 91.199996948242188, "area_sqkm": 19.16, "capacity_families": 1532, "capacity_persons": 7660, "suitability_tier": "Optimal Prime Site (CCI ≥ 75)" }, "geometry": { "type": "Polygon", "coordinates": [ [ [ 79.406666666666666, 33.643333333333331 ], [ 79.406666666666666, 33.64 ], [ 79.403333333333336, 33.64 ], [ 79.403333333333336, 33.62 ], [ 79.4, 33.62 ], [ 79.4, 33.616666666666667 ], [ 79.39, 33.616666666666667 ], [ 79.39, 33.61 ], [ 79.38333333333334, 33.61 ], [ 79.38333333333334, 33.6 ], [ 79.38, 33.6 ], [ 79.38, 33.596666666666664 ], [ 79.373333333333335, 33.596666666666664 ], [ 79.373333333333335, 33.593333333333334 ], [ 79.366666666666674, 33.593333333333334 ], [ 79.366666666666674, 33.59 ], [ 79.36333333333333, 33.59 ], [ 79.36333333333333, 33.583333333333336 ], [ 79.35, 33.583333333333336 ], [ 79.35, 33.57 ], [ 79.353333333333339, 33.57 ], [ 79.353333333333339, 33.56666666666667 ], [ 79.366666666666674, 33.56666666666667 ], [ 79.366666666666674, 33.576666666666668 ], [ 79.39, 33.576666666666668 ], [ 79.39, 33.583333333333336 ], [ 79.393333333333331, 33.583333333333336 ], [ 79.393333333333331, 33.59 ], [ 79.4, 33.59 ], [ 79.4, 33.593333333333334 ], [ 79.403333333333336, 33.593333333333334 ], [ 79.403333333333336, 33.596666666666664 ], [ 79.406666666666666, 33.596666666666664 ], [ 79.406666666666666, 33.6 ], [ 79.41, 33.6 ], [ 79.41, 33.603333333333332 ], [ 79.413333333333327, 33.603333333333332 ], [ 79.413333333333327, 33.62 ], [ 79.416666666666671, 33.62 ], [ 79.416666666666671, 33.623333333333335 ], [ 79.423333333333332, 33.623333333333335 ], [ 79.423333333333332, 33.64 ], [ 79.42, 33.64 ], [ 79.42, 33.643333333333331 ], [ 79.406666666666666, 33.643333333333331 ] ] ] } },
{ "type": "Feature", "properties": { "site_id": "SAFE-SITE-029", "cci_score": 91.199996948242188, "area_sqkm": 998.58, "capacity_families": 79886, "capacity_persons": 399430, "suitability_tier": "Optimal Prime Site (CCI ≥ 75)" }, "geometry": { "type": "Polygon", "coordinates": [ [ [ 75.08, 33.986666666666665 ], [ 75.08, 33.97 ], [ 75.076666666666668, 33.97 ], [ 75.076666666666668, 33.966666666666669 ], [ 75.073333333333338, 33.966666666666669 ], [ 75.073333333333338, 33.963333333333331 ], [ 75.066666666666663, 33.963333333333331 ], [ 75.066666666666663, 33.95 ], [ 75.083333333333329, 33.95 ], [ 75.083333333333329, 33.953333333333333 ], [ 75.086666666666673, 33.953333333333333 ], [ 75.086666666666673, 33.95 ], [ 75.09, 33.95 ], [ 75.09, 33.946666666666665 ], [ 75.093333333333334, 33.946666666666665 ], [ 75.093333333333334, 33.943333333333335 ], [ 75.09, 33.943333333333335 ], [ 75.09, 33.94 ], [ 75.086666666666673, 33.94 ], [ 75.086666666666673, 33.936666666666667 ], [ 75.083333333333329, 33.936666666666667 ], [ 75.083333333333329, 33.93333333333333 ], [ 75.063333333333333, 33.93333333333333 ], [ 75.063333333333333, 33.936666666666667 ], [ 75.043333333333337, 33.936666666666667 ], [ 75.043333333333337, 33.93333333333333 ], [ 75.04, 33.93333333333333 ], [ 75.04, 33.923333333333332 ], [ 75.036666666666662, 33.923333333333332 ], [ 75.036666666666662, 33.92 ], [ 75.026666666666671, 33.92 ], [ 75.026666666666671, 33.916666666666664 ], [ 75.023333333333326, 33.916666666666664 ], [ 75.023333333333326, 33.94 ], [ 75.0, 33.94 ], [ 75.0, 33.603333333333332 ], [ 75.00333333333333, 33.603333333333332 ], [ 75.00333333333333, 33.6 ], [ 75.006666666666661, 33.6 ], [ 75.006666666666661, 33.596666666666664 ], [ 75.03, 33.596666666666664 ], [ 75.03, 33.603333333333332 ], [ 75.033333333333331, 33.603333333333332 ], [ 75.033333333333331, 33.606666666666669 ], [ 75.04, 33.606666666666669 ], [ 75.04, 33.603333333333332 ], [ 75.053333333333327, 33.603333333333332 ], [ 75.053333333333327, 33.606666666666669 ], [ 75.08, 33.606666666666669 ], [ 75.08, 33.61 ], [ 75.086666666666673, 33.61 ], [ 75.086666666666673, 33.606666666666669 ], [ 75.083333333333329, 33.606666666666669 ], [ 75.083333333333329, 33.603333333333332 ], [ 75.076666666666668, 33.603333333333332 ], [ 75.076666666666668, 33.586666666666666 ], [ 75.083333333333329, 33.586666666666666 ], [ 75.083333333333329, 33.583333333333336 ], [ 75.103333333333339, 33.583333333333336 ], [ 75.103333333333339, 33.593333333333334 ], [ 75.106666666666669, 33.593333333333334 ], [ 75.106666666666669, 33.576666666666668 ], [ 75.11, 33.576666666666668 ], [ 75.11, 33.573333333333331 ], [ 75.11333333333333, 33.573333333333331 ], [ 75.11333333333333, 33.56 ], [ 75.11666666666666, 33.56 ], [ 75.11666666666666, 33.556666666666665 ], [ 75.123333333333335, 33.556666666666665 ], [ 75.123333333333335, 33.553333333333335 ], [ 75.146666666666661, 33.553333333333335 ], [ 75.146666666666661, 33.576666666666668 ], [ 75.15, 33.576666666666668 ], [ 75.15, 33.58 ], [ 75.153333333333336, 33.58 ], [ 75.153333333333336, 33.576666666666668 ], [ 75.156666666666666, 33.576666666666668 ], [ 75.156666666666666, 33.56 ], [ 75.16, 33.56 ], [ 75.16, 33.546666666666667 ], [ 75.173333333333332, 33.546666666666667 ], [ 75.173333333333332, 33.55 ], [ 75.176666666666662, 33.55 ], [ 75.176666666666662, 33.553333333333335 ], [ 75.193333333333328, 33.553333333333335 ], [ 75.193333333333328, 33.556666666666665 ], [ 75.203333333333333, 33.556666666666665 ], [ 75.203333333333333, 33.553333333333335 ], [ 75.206666666666663, 33.553333333333335 ], [ 75.206666666666663, 33.55 ], [ 75.213333333333338, 33.55 ], [ 75.213333333333338, 33.546666666666667 ], [ 75.23, 33.546666666666667 ], [ 75.23, 33.543333333333337 ], [ 75.236666666666665, 33.543333333333337 ], [ 75.236666666666665, 33.536666666666669 ], [ 75.26, 33.536666666666669 ], [ 75.26, 33.543333333333337 ], [ 75.263333333333335, 33.543333333333337 ], [ 75.263333333333335, 33.556666666666665 ], [ 75.256666666666661, 33.556666666666665 ], [ 75.256666666666661, 33.56 ], [ 75.243333333333339, 33.56 ], [ 75.243333333333339, 33.563333333333333 ], [ 75.24, 33.563333333333333 ], [ 75.24, 33.56666666666667 ], [ 75.236666666666665, 33.56666666666667 ], [ 75.236666666666665, 33.57 ], [ 75.23, 33.57 ], [ 75.23, 33.59 ], [ 75.22, 33.59 ], [ 75.22, 33.6 ], [ 75.223333333333329, 33.6 ], [ 75.223333333333329, 33.593333333333334 ], [ 75.24666666666667, 33.593333333333334 ], [ 75.24666666666667, 33.596666666666664 ], [ 75.256666666666661, 33.596666666666664 ], [ 75.256666666666661, 33.593333333333334 ], [ 75.27, 33.593333333333334 ], [ 75.27, 33.59 ], [ 75.273333333333326, 33.59 ], [ 75.273333333333326, 33.586666666666666 ], [ 75.296666666666667, 33.586666666666666 ], [ 75.296666666666667, 33.583333333333336 ], [ 75.306666666666672, 33.583333333333336 ], [ 75.306666666666672, 33.58 ], [ 75.32, 33.58 ], [ 75.32, 33.593333333333334 ], [ 75.316666666666663, 33.593333333333334 ], [ 75.316666666666663, 33.596666666666664 ], [ 75.313333333333333, 33.596666666666664 ], [ 75.313333333333333, 33.6 ], [ 75.306666666666672, 33.6 ], [ 75.306666666666672, 33.603333333333332 ], [ 75.303333333333327, 33.603333333333332 ], [ 75.303333333333327, 33.616666666666667 ], [ 75.286666666666662, 33.616666666666667 ], [ 75.286666666666662, 33.62 ], [ 75.28, 33.62 ], [ 75.28, 33.623333333333335 ], [ 75.276666666666671, 33.623333333333335 ], [ 75.276666666666671, 33.626666666666665 ], [ 75.27, 33.626666666666665 ], [ 75.27, 33.636666666666663 ], [ 75.266666666666666, 33.636666666666663 ], [ 75.266666666666666, 33.64 ], [ 75.25333333333333, 33.64 ], [ 75.25333333333333, 33.63 ], [ 75.24666666666667, 33.63 ], [ 75.24666666666667, 33.633333333333333 ], [ 75.243333333333339, 33.633333333333333 ], [ 75.243333333333339, 33.636666666666663 ], [ 75.24, 33.636666666666663 ], [ 75.24, 33.66 ], [ 75.236666666666665, 33.66 ], [ 75.236666666666665, 33.666666666666664 ], [ 75.23, 33.666666666666664 ], [ 75.23, 33.67 ], [ 75.226666666666674, 33.67 ], [ 75.226666666666674, 33.673333333333332 ], [ 75.223333333333329, 33.673333333333332 ], [ 75.223333333333329, 33.68 ], [ 75.226666666666674, 33.68 ], [ 75.226666666666674, 33.68333333333333 ], [ 75.233333333333334, 33.68333333333333 ], [ 75.233333333333334, 33.686666666666667 ], [ 75.24, 33.686666666666667 ], [ 75.24, 33.68333333333333 ], [ 75.243333333333339, 33.68333333333333 ], [ 75.243333333333339, 33.68 ], [ 75.24666666666667, 33.68 ], [ 75.24666666666667, 33.676666666666669 ], [ 75.256666666666661, 33.676666666666669 ], [ 75.256666666666661, 33.67 ], [ 75.27, 33.67 ], [ 75.27, 33.666666666666664 ], [ 75.283333333333331, 33.666666666666664 ], [ 75.283333333333331, 33.68 ], [ 75.3, 33.68 ], [ 75.3, 33.69 ], [ 75.303333333333327, 33.69 ], [ 75.303333333333327, 33.693333333333335 ], [ 75.323333333333338, 33.693333333333335 ], [ 75.323333333333338, 33.706666666666663 ], [ 75.32, 33.706666666666663 ], [ 75.32, 33.716666666666669 ], [ 75.323333333333338, 33.716666666666669 ], [ 75.323333333333338, 33.72 ], [ 75.336666666666673, 33.72 ], [ 75.336666666666673, 33.733333333333334 ], [ 75.343333333333334, 33.733333333333334 ], [ 75.343333333333334, 33.736666666666665 ], [ 75.346666666666664, 33.736666666666665 ], [ 75.346666666666664, 33.75 ], [ 75.35, 33.75 ], [ 75.35, 33.763333333333335 ], [ 75.336666666666673, 33.763333333333335 ], [ 75.336666666666673, 33.76 ], [ 75.333333333333329, 33.76 ], [ 75.333333333333329, 33.756666666666668 ], [ 75.33, 33.756666666666668 ], [ 75.33, 33.74666666666667 ], [ 75.326666666666668, 33.74666666666667 ], [ 75.326666666666668, 33.743333333333332 ], [ 75.323333333333338, 33.743333333333332 ], [ 75.323333333333338, 33.74 ], [ 75.32, 33.74 ], [ 75.32, 33.736666666666665 ], [ 75.306666666666672, 33.736666666666665 ], [ 75.306666666666672, 33.74 ], [ 75.303333333333327, 33.74 ], [ 75.303333333333327, 33.75 ], [ 75.29, 33.75 ], [ 75.29, 33.75333333333333 ], [ 75.273333333333326, 33.75333333333333 ], [ 75.273333333333326, 33.75 ], [ 75.266666666666666, 33.75 ], [ 75.266666666666666, 33.743333333333332 ], [ 75.263333333333335, 33.743333333333332 ], [ 75.263333333333335, 33.74666666666667 ], [ 75.26, 33.74666666666667 ], [ 75.26, 33.756666666666668 ], [ 75.24666666666667, 33.756666666666668 ], [ 75.24666666666667, 33.75333333333333 ], [ 75.23, 33.75333333333333 ], [ 75.23, 33.75 ], [ 75.226666666666674, 33.75 ], [ 75.226666666666674, 33.75333333333333 ], [ 75.22, 33.75333333333333 ], [ 75.22, 33.756666666666668 ], [ 75.216666666666669, 33.756666666666668 ], [ 75.216666666666669, 33.76 ], [ 75.213333333333338, 33.76 ], [ 75.213333333333338, 33.77 ], [ 75.216666666666669, 33.77 ], [ 75.216666666666669, 33.766666666666666 ], [ 75.24666666666667, 33.766666666666666 ], [ 75.24666666666667, 33.77 ], [ 75.25, 33.77 ], [ 75.25, 33.783333333333331 ], [ 75.24666666666667, 33.783333333333331 ], [ 75.24666666666667, 33.79 ], [ 75.25, 33.79 ], [ 75.25, 33.793333333333337 ], [ 75.256666666666661, 33.793333333333337 ], [ 75.256666666666661, 33.79 ], [ 75.266666666666666, 33.79 ], [ 75.266666666666666, 33.786666666666669 ], [ 75.27, 33.786666666666669 ], [ 75.27, 33.783333333333331 ], [ 75.276666666666671, 33.783333333333331 ], [ 75.276666666666671, 33.78 ], [ 75.28, 33.78 ], [ 75.28, 33.776666666666664 ], [ 75.293333333333337, 33.776666666666664 ], [ 75.293333333333337, 33.79 ], [ 75.29, 33.79 ], [ 75.29, 33.793333333333337 ], [ 75.293333333333337, 33.793333333333337 ], [ 75.293333333333337, 33.806666666666665 ], [ 75.306666666666672, 33.806666666666665 ], [ 75.306666666666672, 33.81 ], [ 75.313333333333333, 33.81 ], [ 75.313333333333333, 33.813333333333333 ], [ 75.316666666666663, 33.813333333333333 ], [ 75.316666666666663, 33.81666666666667 ], [ 75.32, 33.81666666666667 ], [ 75.32, 33.83 ], [ 75.306666666666672, 33.83 ], [ 75.306666666666672, 33.833333333333336 ], [ 75.286666666666662, 33.833333333333336 ], [ 75.286666666666662, 33.846666666666664 ], [ 75.3, 33.846666666666664 ], [ 75.3, 33.85 ], [ 75.303333333333327, 33.85 ], [ 75.303333333333327, 33.86333333333333 ], [ 75.283333333333331, 33.86333333333333 ], [ 75.283333333333331, 33.866666666666667 ], [ 75.28, 33.866666666666667 ], [ 75.28, 33.873333333333335 ], [ 75.283333333333331, 33.873333333333335 ], [ 75.283333333333331, 33.913333333333334 ], [ 75.286666666666662, 33.913333333333334 ], [ 75.286666666666662, 33.92 ], [ 75.29, 33.92 ], [ 75.29, 33.93333333333333 ], [ 75.276666666666671, 33.93333333333333 ], [ 75.276666666666671, 33.93 ], [ 75.273333333333326, 33.93 ], [ 75.273333333333326, 33.92 ], [ 75.27, 33.92 ], [ 75.27, 33.916666666666664 ], [ 75.26, 33.916666666666664 ], [ 75.26, 33.906666666666666 ], [ 75.256666666666661, 33.906666666666666 ], [ 75.256666666666661, 33.903333333333336 ], [ 75.25, 33.903333333333336 ], [ 75.25, 33.906666666666666 ], [ 75.236666666666665, 33.906666666666666 ], [ 75.236666666666665, 33.9 ], [ 75.233333333333334, 33.9 ], [ 75.233333333333334, 33.896666666666668 ], [ 75.223333333333329, 33.896666666666668 ], [ 75.223333333333329, 33.883333333333333 ], [ 75.226666666666674, 33.883333333333333 ], [ 75.226666666666674, 33.88 ], [ 75.23, 33.88 ], [ 75.23, 33.866666666666667 ], [ 75.233333333333334, 33.866666666666667 ], [ 75.233333333333334, 33.86333333333333 ], [ 75.23, 33.86333333333333 ], [ 75.23, 33.833333333333336 ], [ 75.233333333333334, 33.833333333333336 ], [ 75.233333333333334, 33.826666666666668 ], [ 75.23, 33.826666666666668 ], [ 75.23, 33.823333333333331 ], [ 75.226666666666674, 33.823333333333331 ], [ 75.226666666666674, 33.82 ], [ 75.21, 33.82 ], [ 75.21, 33.823333333333331 ], [ 75.206666666666663, 33.823333333333331 ], [ 75.206666666666663, 33.826666666666668 ], [ 75.196666666666673, 33.826666666666668 ], [ 75.196666666666673, 33.83 ], [ 75.193333333333328, 33.83 ], [ 75.193333333333328, 33.833333333333336 ], [ 75.19, 33.833333333333336 ], [ 75.19, 33.836666666666666 ], [ 75.183333333333337, 33.836666666666666 ], [ 75.183333333333337, 33.84 ], [ 75.18, 33.84 ], [ 75.18, 33.856666666666669 ], [ 75.186666666666667, 33.856666666666669 ], [ 75.186666666666667, 33.876666666666665 ], [ 75.166666666666671, 33.876666666666665 ], [ 75.166666666666671, 33.873333333333335 ], [ 75.16, 33.873333333333335 ], [ 75.16, 33.86 ], [ 75.156666666666666, 33.86 ], [ 75.156666666666666, 33.856666666666669 ], [ 75.13333333333334, 33.856666666666669 ], [ 75.13333333333334, 33.853333333333332 ], [ 75.13, 33.853333333333332 ], [ 75.13, 33.85 ], [ 75.11333333333333, 33.85 ], [ 75.11333333333333, 33.853333333333332 ], [ 75.11, 33.853333333333332 ], [ 75.11, 33.856666666666669 ], [ 75.106666666666669, 33.856666666666669 ], [ 75.106666666666669, 33.86 ], [ 75.1, 33.86 ], [ 75.1, 33.86333333333333 ], [ 75.093333333333334, 33.86333333333333 ], [ 75.093333333333334, 33.866666666666667 ], [ 75.09, 33.866666666666667 ], [ 75.09, 33.87 ], [ 75.086666666666673, 33.87 ], [ 75.086666666666673, 33.873333333333335 ], [ 75.083333333333329, 33.873333333333335 ], [ 75.083333333333329, 33.876666666666665 ], [ 75.08, 33.876666666666665 ], [ 75.08, 33.883333333333333 ], [ 75.083333333333329, 33.883333333333333 ], [ 75.083333333333329, 33.886666666666663 ], [ 75.09, 33.886666666666663 ], [ 75.09, 33.883333333333333 ], [ 75.11, 33.883333333333333 ], [ 75.11, 33.89 ], [ 75.11333333333333, 33.89 ], [ 75.11333333333333, 33.893333333333331 ], [ 75.11666666666666, 33.893333333333331 ], [ 75.11666666666666, 33.896666666666668 ], [ 75.14, 33.896666666666668 ], [ 75.14, 33.913333333333334 ], [ 75.13666666666667, 33.913333333333334 ], [ 75.13666666666667, 33.916666666666664 ], [ 75.14, 33.916666666666664 ], [ 75.14, 33.92 ], [ 75.143333333333331, 33.92 ], [ 75.143333333333331, 33.926666666666669 ], [ 75.15, 33.926666666666669 ], [ 75.15, 33.93 ], [ 75.163333333333327, 33.93 ], [ 75.163333333333327, 33.943333333333335 ], [ 75.16, 33.943333333333335 ], [ 75.16, 33.946666666666665 ], [ 75.156666666666666, 33.946666666666665 ], [ 75.156666666666666, 33.95 ], [ 75.153333333333336, 33.95 ], [ 75.153333333333336, 33.953333333333333 ], [ 75.156666666666666, 33.953333333333333 ], [ 75.156666666666666, 33.966666666666669 ], [ 75.143333333333331, 33.966666666666669 ], [ 75.143333333333331, 33.963333333333331 ], [ 75.13666666666667, 33.963333333333331 ], [ 75.13666666666667, 33.96 ], [ 75.123333333333335, 33.96 ], [ 75.123333333333335, 33.963333333333331 ], [ 75.11666666666666, 33.963333333333331 ], [ 75.11666666666666, 33.966666666666669 ], [ 75.11333333333333, 33.966666666666669 ], [ 75.11333333333333, 33.97 ], [ 75.11, 33.97 ], [ 75.11, 33.973333333333336 ], [ 75.106666666666669, 33.973333333333336 ], [ 75.106666666666669, 33.976666666666667 ], [ 75.103333333333339, 33.976666666666667 ], [ 75.103333333333339, 33.98 ], [ 75.096666666666664, 33.98 ], [ 75.096666666666664, 33.983333333333334 ], [ 75.093333333333334, 33.983333333333334 ], [ 75.093333333333334, 33.986666666666665 ], [ 75.08, 33.986666666666665 ] ], [ [ 75.106666666666669, 33.596666666666664 ], [ 75.11, 33.596666666666664 ], [ 75.11, 33.593333333333334 ], [ 75.106666666666669, 33.593333333333334 ], [ 75.106666666666669, 33.596666666666664 ] ] ] } },
{ "type": "Feature", "properties": { "site_id": "SAFE-SITE-030", "cci_score": 91.199996948242188, "area_sqkm": 50.75, "capacity_families": 4059, "capacity_persons": 20295, "suitability_tier": "Optimal Prime Site (CCI ≥ 75)" }, "geometry": { "type": "Polygon", "coordinates": [ [ [ 76.936666666666667, 33.53 ], [ 76.936666666666667, 33.526666666666664 ], [ 76.93, 33.526666666666664 ], [ 76.93, 33.523333333333333 ], [ 76.89, 33.523333333333333 ], [ 76.89, 33.52 ], [ 76.86666666666666, 33.52 ], [ 76.86666666666666, 33.516666666666666 ], [ 76.86, 33.516666666666666 ], [ 76.86, 33.513333333333335 ], [ 76.853333333333339, 33.513333333333335 ], [ 76.853333333333339, 33.51 ], [ 76.843333333333334, 33.51 ], [ 76.843333333333334, 33.506666666666668 ], [ 76.82, 33.506666666666668 ], [ 76.82, 33.493333333333332 ], [ 76.823333333333338, 33.493333333333332 ], [ 76.823333333333338, 33.49 ], [ 76.83, 33.49 ], [ 76.83, 33.486666666666665 ], [ 76.836666666666673, 33.486666666666665 ], [ 76.836666666666673, 33.483333333333334 ], [ 76.843333333333334, 33.483333333333334 ], [ 76.843333333333334, 33.48 ], [ 76.846666666666664, 33.48 ], [ 76.846666666666664, 33.476666666666667 ], [ 76.853333333333339, 33.476666666666667 ], [ 76.853333333333339, 33.473333333333336 ], [ 76.856666666666669, 33.473333333333336 ], [ 76.856666666666669, 33.47 ], [ 76.86666666666666, 33.47 ], [ 76.86666666666666, 33.466666666666669 ], [ 76.87, 33.466666666666669 ], [ 76.87, 33.463333333333331 ], [ 76.873333333333335, 33.463333333333331 ], [ 76.873333333333335, 33.46 ], [ 76.88666666666667, 33.46 ], [ 76.88666666666667, 33.463333333333331 ], [ 76.89, 33.463333333333331 ], [ 76.89, 33.466666666666669 ], [ 76.893333333333331, 33.466666666666669 ], [ 76.893333333333331, 33.47 ], [ 76.896666666666661, 33.47 ], [ 76.896666666666661, 33.473333333333336 ], [ 76.9, 33.473333333333336 ], [ 76.9, 33.483333333333334 ], [ 76.903333333333336, 33.483333333333334 ], [ 76.903333333333336, 33.486666666666665 ], [ 76.906666666666666, 33.486666666666665 ], [ 76.906666666666666, 33.49 ], [ 76.91, 33.49 ], [ 76.91, 33.493333333333332 ], [ 76.916666666666671, 33.493333333333332 ], [ 76.916666666666671, 33.49666666666667 ], [ 76.926666666666662, 33.49666666666667 ], [ 76.926666666666662, 33.5 ], [ 76.936666666666667, 33.5 ], [ 76.936666666666667, 33.50333333333333 ], [ 76.943333333333328, 33.50333333333333 ], [ 76.943333333333328, 33.506666666666668 ], [ 76.95, 33.506666666666668 ], [ 76.95, 33.51 ], [ 76.96, 33.51 ], [ 76.96, 33.526666666666664 ], [ 76.956666666666663, 33.526666666666664 ], [ 76.956666666666663, 33.53 ], [ 76.936666666666667, 33.53 ] ] ] } },
{ "type": "Feature", "properties": { "site_id": "SAFE-SITE-031", "cci_score": 91.199996948242188, "area_sqkm": 17.65, "capacity_families": 1412, "capacity_persons": 7060, "suitability_tier": "Optimal Prime Site (CCI ≥ 75)" }, "geometry": { "type": "Polygon", "coordinates": [ [ [ 79.986666666666665, 33.44 ], [ 79.986666666666665, 33.436666666666667 ], [ 79.973333333333329, 33.436666666666667 ], [ 79.973333333333329, 33.43333333333333 ], [ 79.97, 33.43333333333333 ], [ 79.97, 33.43 ], [ 79.96, 33.43 ], [ 79.96, 33.43333333333333 ], [ 79.953333333333333, 33.43333333333333 ], [ 79.953333333333333, 33.436666666666667 ], [ 79.936666666666667, 33.436666666666667 ], [ 79.936666666666667, 33.423333333333332 ], [ 79.94, 33.423333333333332 ], [ 79.94, 33.42 ], [ 79.943333333333328, 33.42 ], [ 79.943333333333328, 33.416666666666664 ], [ 79.946666666666673, 33.416666666666664 ], [ 79.946666666666673, 33.413333333333334 ], [ 79.95, 33.413333333333334 ], [ 79.95, 33.41 ], [ 79.96, 33.41 ], [ 79.96, 33.406666666666666 ], [ 79.966666666666669, 33.406666666666666 ], [ 79.966666666666669, 33.403333333333336 ], [ 79.983333333333334, 33.403333333333336 ], [ 79.983333333333334, 33.406666666666666 ], [ 79.993333333333339, 33.406666666666666 ], [ 79.993333333333339, 33.41 ], [ 80.0, 33.41 ], [ 80.0, 33.44 ], [ 79.986666666666665, 33.44 ] ] ] } },
{ "type": "Feature", "properties": { "site_id": "SAFE-SITE-032", "cci_score": 91.199996948242188, "area_sqkm": 21.83, "capacity_families": 1746, "capacity_persons": 8730, "suitability_tier": "Optimal Prime Site (CCI ≥ 75)" }, "geometry": { "type": "Polygon", "coordinates": [ [ [ 79.826666666666668, 33.44 ], [ 79.826666666666668, 33.436666666666667 ], [ 79.82, 33.436666666666667 ], [ 79.82, 33.43333333333333 ], [ 79.813333333333333, 33.43333333333333 ], [ 79.813333333333333, 33.416666666666664 ], [ 79.81, 33.416666666666664 ], [ 79.81, 33.413333333333334 ], [ 79.806666666666672, 33.413333333333334 ], [ 79.806666666666672, 33.41 ], [ 79.8, 33.41 ], [ 79.8, 33.406666666666666 ], [ 79.796666666666667, 33.406666666666666 ], [ 79.796666666666667, 33.41 ], [ 79.78, 33.41 ], [ 79.78, 33.406666666666666 ], [ 79.776666666666671, 33.406666666666666 ], [ 79.776666666666671, 33.39 ], [ 79.79, 33.39 ], [ 79.79, 33.386666666666663 ], [ 79.803333333333327, 33.386666666666663 ], [ 79.803333333333327, 33.39 ], [ 79.806666666666672, 33.39 ], [ 79.806666666666672, 33.393333333333331 ], [ 79.81, 33.393333333333331 ], [ 79.81, 33.396666666666668 ], [ 79.84, 33.396666666666668 ], [ 79.84, 33.41 ], [ 79.843333333333334, 33.41 ], [ 79.843333333333334, 33.413333333333334 ], [ 79.846666666666664, 33.413333333333334 ], [ 79.846666666666664, 33.42 ], [ 79.853333333333339, 33.42 ], [ 79.853333333333339, 33.43333333333333 ], [ 79.843333333333334, 33.43333333333333 ], [ 79.843333333333334, 33.436666666666667 ], [ 79.84, 33.436666666666667 ], [ 79.84, 33.44 ], [ 79.826666666666668, 33.44 ] ] ] } },
{ "type": "Feature", "properties": { "site_id": "SAFE-SITE-033", "cci_score": 91.199996948242188, "area_sqkm": 584.82, "capacity_families": 46785, "capacity_persons": 233925, "suitability_tier": "Optimal Prime Site (CCI ≥ 75)" }, "geometry": { "type": "Polygon", "coordinates": [ [ [ 79.63333333333334, 33.663333333333334 ], [ 79.63333333333334, 33.64 ], [ 79.643333333333331, 33.64 ], [ 79.643333333333331, 33.636666666666663 ], [ 79.666666666666671, 33.636666666666663 ], [ 79.666666666666671, 33.64 ], [ 79.68, 33.64 ], [ 79.68, 33.636666666666663 ], [ 79.683333333333337, 33.636666666666663 ], [ 79.683333333333337, 33.633333333333333 ], [ 79.686666666666667, 33.633333333333333 ], [ 79.686666666666667, 33.63 ], [ 79.69, 33.63 ], [ 79.69, 33.626666666666665 ], [ 79.683333333333337, 33.626666666666665 ], [ 79.683333333333337, 33.623333333333335 ], [ 79.64, 33.623333333333335 ], [ 79.64, 33.62 ], [ 79.63666666666667, 33.62 ], [ 79.63666666666667, 33.616666666666667 ], [ 79.62, 33.616666666666667 ], [ 79.62, 33.61 ], [ 79.61333333333333, 33.61 ], [ 79.61333333333333, 33.606666666666669 ], [ 79.606666666666669, 33.606666666666669 ], [ 79.606666666666669, 33.593333333333334 ], [ 79.61333333333333, 33.593333333333334 ], [ 79.61333333333333, 33.59 ], [ 79.61, 33.59 ], [ 79.61, 33.583333333333336 ], [ 79.606666666666669, 33.583333333333336 ], [ 79.606666666666669, 33.58 ], [ 79.6, 33.58 ], [ 79.6, 33.576666666666668 ], [ 79.586666666666673, 33.576666666666668 ], [ 79.586666666666673, 33.57 ], [ 79.583333333333329, 33.57 ], [ 79.583333333333329, 33.56666666666667 ], [ 79.58, 33.56666666666667 ], [ 79.58, 33.563333333333333 ], [ 79.556666666666672, 33.563333333333333 ], [ 79.556666666666672, 33.546666666666667 ], [ 79.576666666666668, 33.546666666666667 ], [ 79.576666666666668, 33.543333333333337 ], [ 79.58, 33.543333333333337 ], [ 79.58, 33.54 ], [ 79.576666666666668, 33.54 ], [ 79.576666666666668, 33.536666666666669 ], [ 79.573333333333338, 33.536666666666669 ], [ 79.573333333333338, 33.516666666666666 ], [ 79.576666666666668, 33.516666666666666 ], [ 79.576666666666668, 33.513333333333335 ], [ 79.58, 33.513333333333335 ], [ 79.58, 33.51 ], [ 79.593333333333334, 33.51 ], [ 79.593333333333334, 33.536666666666669 ], [ 79.596666666666664, 33.536666666666669 ], [ 79.596666666666664, 33.546666666666667 ], [ 79.6, 33.546666666666667 ], [ 79.6, 33.55 ], [ 79.603333333333339, 33.55 ], [ 79.603333333333339, 33.553333333333335 ], [ 79.606666666666669, 33.553333333333335 ], [ 79.606666666666669, 33.56 ], [ 79.61333333333333, 33.56 ], [ 79.61333333333333, 33.563333333333333 ], [ 79.616666666666674, 33.563333333333333 ], [ 79.616666666666674, 33.56666666666667 ], [ 79.62, 33.56666666666667 ], [ 79.62, 33.57 ], [ 79.623333333333335, 33.57 ], [ 79.623333333333335, 33.573333333333331 ], [ 79.626666666666665, 33.573333333333331 ], [ 79.626666666666665, 33.576666666666668 ], [ 79.63, 33.576666666666668 ], [ 79.63, 33.58 ], [ 79.63333333333334, 33.58 ], [ 79.63333333333334, 33.586666666666666 ], [ 79.63666666666667, 33.586666666666666 ], [ 79.63666666666667, 33.59 ], [ 79.64, 33.59 ], [ 79.64, 33.593333333333334 ], [ 79.643333333333331, 33.593333333333334 ], [ 79.643333333333331, 33.596666666666664 ], [ 79.65, 33.596666666666664 ], [ 79.65, 33.593333333333334 ], [ 79.656666666666666, 33.593333333333334 ], [ 79.656666666666666, 33.586666666666666 ], [ 79.653333333333336, 33.586666666666666 ], [ 79.653333333333336, 33.583333333333336 ], [ 79.65, 33.583333333333336 ], [ 79.65, 33.576666666666668 ], [ 79.646666666666661, 33.576666666666668 ], [ 79.646666666666661, 33.573333333333331 ], [ 79.64, 33.573333333333331 ], [ 79.64, 33.546666666666667 ], [ 79.646666666666661, 33.546666666666667 ], [ 79.646666666666661, 33.543333333333337 ], [ 79.663333333333327, 33.543333333333337 ], [ 79.663333333333327, 33.546666666666667 ], [ 79.666666666666671, 33.546666666666667 ], [ 79.666666666666671, 33.543333333333337 ], [ 79.68, 33.543333333333337 ], [ 79.68, 33.546666666666667 ], [ 79.69, 33.546666666666667 ], [ 79.69, 33.56 ], [ 79.68, 33.56 ], [ 79.68, 33.563333333333333 ], [ 79.676666666666662, 33.563333333333333 ], [ 79.676666666666662, 33.56666666666667 ], [ 79.686666666666667, 33.56666666666667 ], [ 79.686666666666667, 33.57 ], [ 79.693333333333328, 33.57 ], [ 79.693333333333328, 33.56666666666667 ], [ 79.696666666666673, 33.56666666666667 ], [ 79.696666666666673, 33.563333333333333 ], [ 79.7, 33.563333333333333 ], [ 79.7, 33.56 ], [ 79.696666666666673, 33.56 ], [ 79.696666666666673, 33.543333333333337 ], [ 79.7, 33.543333333333337 ], [ 79.7, 33.54 ], [ 79.703333333333333, 33.54 ], [ 79.703333333333333, 33.536666666666669 ], [ 79.7, 33.536666666666669 ], [ 79.7, 33.523333333333333 ], [ 79.706666666666663, 33.523333333333333 ], [ 79.706666666666663, 33.52 ], [ 79.723333333333329, 33.52 ], [ 79.723333333333329, 33.523333333333333 ], [ 79.726666666666659, 33.523333333333333 ], [ 79.726666666666659, 33.52 ], [ 79.733333333333334, 33.52 ], [ 79.733333333333334, 33.516666666666666 ], [ 79.73, 33.516666666666666 ], [ 79.73, 33.50333333333333 ], [ 79.733333333333334, 33.50333333333333 ], [ 79.733333333333334, 33.5 ], [ 79.736666666666665, 33.5 ], [ 79.736666666666665, 33.493333333333332 ], [ 79.74666666666667, 33.493333333333332 ], [ 79.74666666666667, 33.49 ], [ 79.75, 33.49 ], [ 79.75, 33.476666666666667 ], [ 79.763333333333335, 33.476666666666667 ], [ 79.763333333333335, 33.47 ], [ 79.766666666666666, 33.47 ], [ 79.766666666666666, 33.466666666666669 ], [ 79.763333333333335, 33.466666666666669 ], [ 79.763333333333335, 33.463333333333331 ], [ 79.76, 33.463333333333331 ], [ 79.76, 33.46 ], [ 79.756666666666661, 33.46 ], [ 79.756666666666661, 33.453333333333333 ], [ 79.75, 33.453333333333333 ], [ 79.75, 33.456666666666663 ], [ 79.74666666666667, 33.456666666666663 ], [ 79.74666666666667, 33.47 ], [ 79.743333333333339, 33.47 ], [ 79.743333333333339, 33.473333333333336 ], [ 79.716666666666669, 33.473333333333336 ], [ 79.716666666666669, 33.46 ], [ 79.713333333333338, 33.46 ], [ 79.713333333333338, 33.463333333333331 ], [ 79.693333333333328, 33.463333333333331 ], [ 79.693333333333328, 33.453333333333333 ], [ 79.683333333333337, 33.453333333333333 ], [ 79.683333333333337, 33.463333333333331 ], [ 79.676666666666662, 33.463333333333331 ], [ 79.676666666666662, 33.466666666666669 ], [ 79.663333333333327, 33.466666666666669 ], [ 79.663333333333327, 33.463333333333331 ], [ 79.66, 33.463333333333331 ], [ 79.66, 33.46 ], [ 79.65, 33.46 ], [ 79.65, 33.486666666666665 ], [ 79.646666666666661, 33.486666666666665 ], [ 79.646666666666661, 33.49 ], [ 79.63333333333334, 33.49 ], [ 79.63333333333334, 33.483333333333334 ], [ 79.623333333333335, 33.483333333333334 ], [ 79.623333333333335, 33.486666666666665 ], [ 79.61333333333333, 33.486666666666665 ], [ 79.61333333333333, 33.49 ], [ 79.59, 33.49 ], [ 79.59, 33.476666666666667 ], [ 79.596666666666664, 33.476666666666667 ], [ 79.596666666666664, 33.47 ], [ 79.6, 33.47 ], [ 79.6, 33.46 ], [ 79.606666666666669, 33.46 ], [ 79.606666666666669, 33.456666666666663 ], [ 79.61, 33.456666666666663 ], [ 79.61, 33.453333333333333 ], [ 79.63, 33.453333333333333 ], [ 79.63, 33.45 ], [ 79.63333333333334, 33.45 ], [ 79.63333333333334, 33.446666666666665 ], [ 79.63666666666667, 33.446666666666665 ], [ 79.63666666666667, 33.44 ], [ 79.646666666666661, 33.44 ], [ 79.646666666666661, 33.436666666666667 ], [ 79.65, 33.436666666666667 ], [ 79.65, 33.43 ], [ 79.646666666666661, 33.43 ], [ 79.646666666666661, 33.426666666666669 ], [ 79.64, 33.426666666666669 ], [ 79.64, 33.423333333333332 ], [ 79.63666666666667, 33.423333333333332 ], [ 79.63666666666667, 33.42 ], [ 79.63, 33.42 ], [ 79.63, 33.423333333333332 ], [ 79.616666666666674, 33.423333333333332 ], [ 79.616666666666674, 33.403333333333336 ], [ 79.623333333333335, 33.403333333333336 ], [ 79.623333333333335, 33.4 ], [ 79.63666666666667, 33.4 ], [ 79.63666666666667, 33.396666666666668 ], [ 79.64, 33.396666666666668 ], [ 79.64, 33.393333333333331 ], [ 79.646666666666661, 33.393333333333331 ], [ 79.646666666666661, 33.39 ], [ 79.663333333333327, 33.39 ], [ 79.663333333333327, 33.38 ], [ 79.676666666666662, 33.38 ], [ 79.676666666666662, 33.376666666666665 ], [ 79.683333333333337, 33.376666666666665 ], [ 79.683333333333337, 33.373333333333335 ], [ 79.69, 33.373333333333335 ], [ 79.69, 33.37 ], [ 79.693333333333328, 33.37 ], [ 79.693333333333328, 33.366666666666667 ], [ 79.713333333333338, 33.366666666666667 ], [ 79.713333333333338, 33.37 ], [ 79.72, 33.37 ], [ 79.72, 33.366666666666667 ], [ 79.74, 33.366666666666667 ], [ 79.74, 33.37 ], [ 79.74666666666667, 33.37 ], [ 79.74666666666667, 33.383333333333333 ], [ 79.74, 33.383333333333333 ], [ 79.74, 33.386666666666663 ], [ 79.733333333333334, 33.386666666666663 ], [ 79.733333333333334, 33.39 ], [ 79.73, 33.39 ], [ 79.73, 33.393333333333331 ], [ 79.726666666666659, 33.393333333333331 ], [ 79.726666666666659, 33.4 ], [ 79.73, 33.4 ], [ 79.73, 33.403333333333336 ], [ 79.733333333333334, 33.403333333333336 ], [ 79.733333333333334, 33.406666666666666 ], [ 79.74, 33.406666666666666 ], [ 79.74, 33.42 ], [ 79.743333333333339, 33.42 ], [ 79.743333333333339, 33.426666666666669 ], [ 79.74666666666667, 33.426666666666669 ], [ 79.74666666666667, 33.43 ], [ 79.756666666666661, 33.43 ], [ 79.756666666666661, 33.43333333333333 ], [ 79.76, 33.43333333333333 ], [ 79.76, 33.436666666666667 ], [ 79.77, 33.436666666666667 ], [ 79.77, 33.44 ], [ 79.783333333333331, 33.44 ], [ 79.783333333333331, 33.443333333333335 ], [ 79.803333333333327, 33.443333333333335 ], [ 79.803333333333327, 33.446666666666665 ], [ 79.806666666666672, 33.446666666666665 ], [ 79.806666666666672, 33.45 ], [ 79.82, 33.45 ], [ 79.82, 33.453333333333333 ], [ 79.826666666666668, 33.453333333333333 ], [ 79.826666666666668, 33.456666666666663 ], [ 79.83, 33.456666666666663 ], [ 79.83, 33.46 ], [ 79.833333333333329, 33.46 ], [ 79.833333333333329, 33.47 ], [ 79.836666666666673, 33.47 ], [ 79.836666666666673, 33.473333333333336 ], [ 79.853333333333339, 33.473333333333336 ], [ 79.853333333333339, 33.47 ], [ 79.86, 33.47 ], [ 79.86, 33.466666666666669 ], [ 79.873333333333335, 33.466666666666669 ], [ 79.873333333333335, 33.463333333333331 ], [ 79.88, 33.463333333333331 ], [ 79.88, 33.46 ], [ 79.896666666666661, 33.46 ], [ 79.896666666666661, 33.473333333333336 ], [ 79.9, 33.473333333333336 ], [ 79.9, 33.48 ], [ 79.903333333333336, 33.48 ], [ 79.903333333333336, 33.483333333333334 ], [ 79.923333333333332, 33.483333333333334 ], [ 79.923333333333332, 33.486666666666665 ], [ 79.94, 33.486666666666665 ], [ 79.94, 33.493333333333332 ], [ 79.946666666666673, 33.493333333333332 ], [ 79.946666666666673, 33.49 ], [ 79.943333333333328, 33.49 ], [ 79.943333333333328, 33.473333333333336 ], [ 79.946666666666673, 33.473333333333336 ], [ 79.946666666666673, 33.47 ], [ 79.953333333333333, 33.47 ], [ 79.953333333333333, 33.466666666666669 ], [ 79.956666666666663, 33.466666666666669 ], [ 79.956666666666663, 33.46 ], [ 79.97, 33.46 ], [ 79.97, 33.456666666666663 ], [ 79.966666666666669, 33.456666666666663 ], [ 79.966666666666669, 33.443333333333335 ], [ 79.98, 33.443333333333335 ], [ 79.98, 33.45 ], [ 79.993333333333339, 33.45 ], [ 79.993333333333339, 33.456666666666663 ], [ 79.99666666666667, 33.456666666666663 ], [ 79.99666666666667, 33.46 ], [ 80.0, 33.46 ], [ 80.0, 33.483333333333334 ], [ 79.986666666666665, 33.483333333333334 ], [ 79.986666666666665, 33.476666666666667 ], [ 79.98, 33.476666666666667 ], [ 79.98, 33.48 ], [ 79.963333333333338, 33.48 ], [ 79.963333333333338, 33.483333333333334 ], [ 79.966666666666669, 33.483333333333334 ], [ 79.966666666666669, 33.49666666666667 ], [ 79.946666666666673, 33.49666666666667 ], [ 79.946666666666673, 33.50333333333333 ], [ 79.953333333333333, 33.50333333333333 ], [ 79.953333333333333, 33.506666666666668 ], [ 79.96, 33.506666666666668 ], [ 79.96, 33.523333333333333 ], [ 79.956666666666663, 33.523333333333333 ], [ 79.956666666666663, 33.526666666666664 ], [ 79.95, 33.526666666666664 ], [ 79.95, 33.53 ], [ 79.946666666666673, 33.53 ], [ 79.946666666666673, 33.536666666666669 ], [ 79.943333333333328, 33.536666666666669 ], [ 79.943333333333328, 33.54 ], [ 79.94, 33.54 ], [ 79.94, 33.553333333333335 ], [ 79.933333333333337, 33.553333333333335 ], [ 79.933333333333337, 33.563333333333333 ], [ 79.94, 33.563333333333333 ], [ 79.94, 33.56666666666667 ], [ 79.946666666666673, 33.56666666666667 ], [ 79.946666666666673, 33.563333333333333 ], [ 79.95, 33.563333333333333 ], [ 79.95, 33.56 ], [ 79.963333333333338, 33.56 ], [ 79.963333333333338, 33.556666666666665 ], [ 79.97, 33.556666666666665 ], [ 79.97, 33.553333333333335 ], [ 79.973333333333329, 33.553333333333335 ], [ 79.973333333333329, 33.55 ], [ 79.976666666666659, 33.55 ], [ 79.976666666666659, 33.543333333333337 ], [ 79.99, 33.543333333333337 ], [ 79.99, 33.55 ], [ 80.0, 33.55 ], [ 80.0, 33.56666666666667 ], [ 79.986666666666665, 33.56666666666667 ], [ 79.986666666666665, 33.57 ], [ 79.98, 33.57 ], [ 79.98, 33.573333333333331 ], [ 79.966666666666669, 33.573333333333331 ], [ 79.966666666666669, 33.576666666666668 ], [ 79.963333333333338, 33.576666666666668 ], [ 79.963333333333338, 33.58 ], [ 79.926666666666662, 33.58 ], [ 79.926666666666662, 33.56666666666667 ], [ 79.916666666666671, 33.56666666666667 ], [ 79.916666666666671, 33.57 ], [ 79.896666666666661, 33.57 ], [ 79.896666666666661, 33.573333333333331 ], [ 79.876666666666665, 33.573333333333331 ], [ 79.876666666666665, 33.576666666666668 ], [ 79.866666666666674, 33.576666666666668 ], [ 79.866666666666674, 33.58 ], [ 79.86333333333333, 33.58 ], [ 79.86333333333333, 33.583333333333336 ], [ 79.86, 33.583333333333336 ], [ 79.86, 33.586666666666666 ], [ 79.853333333333339, 33.586666666666666 ], [ 79.853333333333339, 33.59 ], [ 79.85, 33.59 ], [ 79.85, 33.593333333333334 ], [ 79.843333333333334, 33.593333333333334 ], [ 79.843333333333334, 33.596666666666664 ], [ 79.84, 33.596666666666664 ], [ 79.84, 33.6 ], [ 79.833333333333329, 33.6 ], [ 79.833333333333329, 33.603333333333332 ], [ 79.83, 33.603333333333332 ], [ 79.83, 33.606666666666669 ], [ 79.826666666666668, 33.606666666666669 ], [ 79.826666666666668, 33.61 ], [ 79.82, 33.61 ], [ 79.82, 33.61333333333333 ], [ 79.813333333333333, 33.61333333333333 ], [ 79.813333333333333, 33.63 ], [ 79.796666666666667, 33.63 ], [ 79.796666666666667, 33.623333333333335 ], [ 79.776666666666671, 33.623333333333335 ], [ 79.776666666666671, 33.626666666666665 ], [ 79.76, 33.626666666666665 ], [ 79.76, 33.63 ], [ 79.75333333333333, 33.63 ], [ 79.75333333333333, 33.633333333333333 ], [ 79.75, 33.633333333333333 ], [ 79.75, 33.636666666666663 ], [ 79.74666666666667, 33.636666666666663 ], [ 79.74666666666667, 33.64 ], [ 79.72, 33.64 ], [ 79.72, 33.636666666666663 ], [ 79.713333333333338, 33.636666666666663 ], [ 79.713333333333338, 33.64 ], [ 79.706666666666663, 33.64 ], [ 79.706666666666663, 33.65 ], [ 79.703333333333333, 33.65 ], [ 79.703333333333333, 33.653333333333336 ], [ 79.696666666666673, 33.653333333333336 ], [ 79.696666666666673, 33.656666666666666 ], [ 79.693333333333328, 33.656666666666666 ], [ 79.693333333333328, 33.66 ], [ 79.67, 33.66 ], [ 79.67, 33.656666666666666 ], [ 79.653333333333336, 33.656666666666666 ], [ 79.653333333333336, 33.66 ], [ 79.65, 33.66 ], [ 79.65, 33.663333333333334 ], [ 79.63333333333334, 33.663333333333334 ] ], [ [ 79.906666666666666, 33.53 ], [ 79.92, 33.53 ], [ 79.92, 33.526666666666664 ], [ 79.923333333333332, 33.526666666666664 ], [ 79.923333333333332, 33.523333333333333 ], [ 79.926666666666662, 33.523333333333333 ], [ 79.926666666666662, 33.52 ], [ 79.92, 33.52 ], [ 79.92, 33.516666666666666 ], [ 79.91, 33.516666666666666 ], [ 79.91, 33.52 ], [ 79.903333333333336, 33.52 ], [ 79.903333333333336, 33.523333333333333 ], [ 79.9, 33.523333333333333 ], [ 79.9, 33.526666666666664 ], [ 79.906666666666666, 33.526666666666664 ], [ 79.906666666666666, 33.53 ] ] ] } },
{ "type": "Feature", "properties": { "site_id": "SAFE-SITE-034", "cci_score": 91.199996948242188, "area_sqkm": 298.56, "capacity_families": 23884, "capacity_persons": 119420, "suitability_tier": "Optimal Prime Site (CCI ≥ 75)" }, "geometry": { "type": "Polygon", "coordinates": [ [ [ 78.66, 33.653333333333336 ], [ 78.66, 33.646666666666668 ], [ 78.656666666666666, 33.646666666666668 ], [ 78.656666666666666, 33.636666666666663 ], [ 78.653333333333336, 33.636666666666663 ], [ 78.653333333333336, 33.626666666666665 ], [ 78.65, 33.626666666666665 ], [ 78.65, 33.62 ], [ 78.646666666666661, 33.62 ], [ 78.646666666666661, 33.616666666666667 ], [ 78.64, 33.616666666666667 ], [ 78.64, 33.61333333333333 ], [ 78.63666666666667, 33.61333333333333 ], [ 78.63666666666667, 33.61 ], [ 78.63333333333334, 33.61 ], [ 78.63333333333334, 33.606666666666669 ], [ 78.62, 33.606666666666669 ], [ 78.62, 33.603333333333332 ], [ 78.606666666666669, 33.603333333333332 ], [ 78.606666666666669, 33.586666666666666 ], [ 78.61333333333333, 33.586666666666666 ], [ 78.61333333333333, 33.583333333333336 ], [ 78.61666666666666, 33.583333333333336 ], [ 78.61666666666666, 33.58 ], [ 78.62, 33.58 ], [ 78.62, 33.576666666666668 ], [ 78.623333333333335, 33.576666666666668 ], [ 78.623333333333335, 33.563333333333333 ], [ 78.626666666666665, 33.563333333333333 ], [ 78.626666666666665, 33.56 ], [ 78.64, 33.56 ], [ 78.64, 33.563333333333333 ], [ 78.643333333333331, 33.563333333333333 ], [ 78.643333333333331, 33.58 ], [ 78.64, 33.58 ], [ 78.64, 33.583333333333336 ], [ 78.63666666666667, 33.583333333333336 ], [ 78.63666666666667, 33.586666666666666 ], [ 78.63333333333334, 33.586666666666666 ], [ 78.63333333333334, 33.59 ], [ 78.63666666666667, 33.59 ], [ 78.63666666666667, 33.593333333333334 ], [ 78.643333333333331, 33.593333333333334 ], [ 78.643333333333331, 33.596666666666664 ], [ 78.646666666666661, 33.596666666666664 ], [ 78.646666666666661, 33.593333333333334 ], [ 78.66, 33.593333333333334 ], [ 78.66, 33.59 ], [ 78.663333333333327, 33.59 ], [ 78.663333333333327, 33.586666666666666 ], [ 78.666666666666671, 33.586666666666666 ], [ 78.666666666666671, 33.583333333333336 ], [ 78.67, 33.583333333333336 ], [ 78.67, 33.573333333333331 ], [ 78.673333333333332, 33.573333333333331 ], [ 78.673333333333332, 33.563333333333333 ], [ 78.676666666666662, 33.563333333333333 ], [ 78.676666666666662, 33.56 ], [ 78.68, 33.56 ], [ 78.68, 33.556666666666665 ], [ 78.686666666666667, 33.556666666666665 ], [ 78.686666666666667, 33.553333333333335 ], [ 78.69, 33.553333333333335 ], [ 78.69, 33.55 ], [ 78.696666666666673, 33.55 ], [ 78.696666666666673, 33.546666666666667 ], [ 78.7, 33.546666666666667 ], [ 78.7, 33.54 ], [ 78.703333333333333, 33.54 ], [ 78.703333333333333, 33.536666666666669 ], [ 78.706666666666663, 33.536666666666669 ], [ 78.706666666666663, 33.533333333333331 ], [ 78.71, 33.533333333333331 ], [ 78.71, 33.53 ], [ 78.713333333333338, 33.53 ], [ 78.713333333333338, 33.526666666666664 ], [ 78.716666666666669, 33.526666666666664 ], [ 78.716666666666669, 33.52 ], [ 78.72, 33.52 ], [ 78.72, 33.516666666666666 ], [ 78.723333333333329, 33.516666666666666 ], [ 78.723333333333329, 33.5 ], [ 78.726666666666674, 33.5 ], [ 78.726666666666674, 33.49666666666667 ], [ 78.73, 33.49666666666667 ], [ 78.73, 33.493333333333332 ], [ 78.733333333333334, 33.493333333333332 ], [ 78.733333333333334, 33.49 ], [ 78.736666666666665, 33.49 ], [ 78.736666666666665, 33.486666666666665 ], [ 78.74, 33.486666666666665 ], [ 78.74, 33.483333333333334 ], [ 78.743333333333339, 33.483333333333334 ], [ 78.743333333333339, 33.476666666666667 ], [ 78.74666666666667, 33.476666666666667 ], [ 78.74666666666667, 33.47 ], [ 78.75, 33.47 ], [ 78.75, 33.463333333333331 ], [ 78.75333333333333, 33.463333333333331 ], [ 78.75333333333333, 33.46 ], [ 78.756666666666661, 33.46 ], [ 78.756666666666661, 33.44 ], [ 78.76, 33.44 ], [ 78.76, 33.436666666666667 ], [ 78.763333333333335, 33.436666666666667 ], [ 78.763333333333335, 33.43 ], [ 78.766666666666666, 33.43 ], [ 78.766666666666666, 33.426666666666669 ], [ 78.783333333333331, 33.426666666666669 ], [ 78.783333333333331, 33.423333333333332 ], [ 78.786666666666662, 33.423333333333332 ], [ 78.786666666666662, 33.42 ], [ 78.79, 33.42 ], [ 78.79, 33.416666666666664 ], [ 78.793333333333337, 33.416666666666664 ], [ 78.793333333333337, 33.413333333333334 ], [ 78.796666666666667, 33.413333333333334 ], [ 78.796666666666667, 33.406666666666666 ], [ 78.8, 33.406666666666666 ], [ 78.8, 33.403333333333336 ], [ 78.803333333333327, 33.403333333333336 ], [ 78.803333333333327, 33.4 ], [ 78.806666666666672, 33.4 ], [ 78.806666666666672, 33.396666666666668 ], [ 78.81, 33.396666666666668 ], [ 78.81, 33.393333333333331 ], [ 78.813333333333333, 33.393333333333331 ], [ 78.813333333333333, 33.39 ], [ 78.816666666666663, 33.39 ], [ 78.816666666666663, 33.383333333333333 ], [ 78.84, 33.383333333333333 ], [ 78.84, 33.38 ], [ 78.843333333333334, 33.38 ], [ 78.843333333333334, 33.376666666666665 ], [ 78.846666666666664, 33.376666666666665 ], [ 78.846666666666664, 33.373333333333335 ], [ 78.85, 33.373333333333335 ], [ 78.85, 33.36333333333333 ], [ 78.853333333333339, 33.36333333333333 ], [ 78.853333333333339, 33.36 ], [ 78.86666666666666, 33.36 ], [ 78.86666666666666, 33.373333333333335 ], [ 78.86333333333333, 33.373333333333335 ], [ 78.86333333333333, 33.39 ], [ 78.856666666666669, 33.39 ], [ 78.856666666666669, 33.393333333333331 ], [ 78.853333333333339, 33.393333333333331 ], [ 78.853333333333339, 33.396666666666668 ], [ 78.85, 33.396666666666668 ], [ 78.85, 33.4 ], [ 78.843333333333334, 33.4 ], [ 78.843333333333334, 33.403333333333336 ], [ 78.833333333333329, 33.403333333333336 ], [ 78.833333333333329, 33.406666666666666 ], [ 78.826666666666668, 33.406666666666666 ], [ 78.826666666666668, 33.41 ], [ 78.823333333333338, 33.41 ], [ 78.823333333333338, 33.413333333333334 ], [ 78.82, 33.413333333333334 ], [ 78.82, 33.416666666666664 ], [ 78.816666666666663, 33.416666666666664 ], [ 78.816666666666663, 33.426666666666669 ], [ 78.813333333333333, 33.426666666666669 ], [ 78.813333333333333, 33.43 ], [ 78.806666666666672, 33.43 ], [ 78.806666666666672, 33.43333333333333 ], [ 78.8, 33.43333333333333 ], [ 78.8, 33.436666666666667 ], [ 78.796666666666667, 33.436666666666667 ], [ 78.796666666666667, 33.44 ], [ 78.793333333333337, 33.44 ], [ 78.793333333333337, 33.443333333333335 ], [ 78.79, 33.443333333333335 ], [ 78.79, 33.453333333333333 ], [ 78.783333333333331, 33.453333333333333 ], [ 78.783333333333331, 33.456666666666663 ], [ 78.776666666666671, 33.456666666666663 ], [ 78.776666666666671, 33.46 ], [ 78.773333333333341, 33.46 ], [ 78.773333333333341, 33.463333333333331 ], [ 78.77, 33.463333333333331 ], [ 78.77, 33.466666666666669 ], [ 78.766666666666666, 33.466666666666669 ], [ 78.766666666666666, 33.473333333333336 ], [ 78.763333333333335, 33.473333333333336 ], [ 78.763333333333335, 33.476666666666667 ], [ 78.76, 33.476666666666667 ], [ 78.76, 33.493333333333332 ], [ 78.756666666666661, 33.493333333333332 ], [ 78.756666666666661, 33.49666666666667 ], [ 78.75333333333333, 33.49666666666667 ], [ 78.75333333333333, 33.5 ], [ 78.75, 33.5 ], [ 78.75, 33.506666666666668 ], [ 78.74666666666667, 33.506666666666668 ], [ 78.74666666666667, 33.52 ], [ 78.743333333333339, 33.52 ], [ 78.743333333333339, 33.53 ], [ 78.74666666666667, 33.53 ], [ 78.74666666666667, 33.536666666666669 ], [ 78.75, 33.536666666666669 ], [ 78.75, 33.543333333333337 ], [ 78.756666666666661, 33.543333333333337 ], [ 78.756666666666661, 33.546666666666667 ], [ 78.763333333333335, 33.546666666666667 ], [ 78.763333333333335, 33.55 ], [ 78.77, 33.55 ], [ 78.77, 33.553333333333335 ], [ 78.78, 33.553333333333335 ], [ 78.78, 33.563333333333333 ], [ 78.783333333333331, 33.563333333333333 ], [ 78.783333333333331, 33.56666666666667 ], [ 78.803333333333327, 33.56666666666667 ], [ 78.803333333333327, 33.563333333333333 ], [ 78.806666666666672, 33.563333333333333 ], [ 78.806666666666672, 33.56 ], [ 78.81, 33.56 ], [ 78.81, 33.556666666666665 ], [ 78.816666666666663, 33.556666666666665 ], [ 78.816666666666663, 33.553333333333335 ], [ 78.82, 33.553333333333335 ], [ 78.82, 33.55 ], [ 78.823333333333338, 33.55 ], [ 78.823333333333338, 33.546666666666667 ], [ 78.83, 33.546666666666667 ], [ 78.83, 33.543333333333337 ], [ 78.836666666666673, 33.543333333333337 ], [ 78.836666666666673, 33.54 ], [ 78.84, 33.54 ], [ 78.84, 33.536666666666669 ], [ 78.843333333333334, 33.536666666666669 ], [ 78.843333333333334, 33.526666666666664 ], [ 78.85, 33.526666666666664 ], [ 78.85, 33.523333333333333 ], [ 78.853333333333339, 33.523333333333333 ], [ 78.853333333333339, 33.506666666666668 ], [ 78.856666666666669, 33.506666666666668 ], [ 78.856666666666669, 33.5 ], [ 78.87, 33.5 ], [ 78.87, 33.51 ], [ 78.873333333333335, 33.51 ], [ 78.873333333333335, 33.513333333333335 ], [ 78.88, 33.513333333333335 ], [ 78.88, 33.51 ], [ 78.88333333333334, 33.51 ], [ 78.88333333333334, 33.50333333333333 ], [ 78.896666666666661, 33.50333333333333 ], [ 78.896666666666661, 33.506666666666668 ], [ 78.9, 33.506666666666668 ], [ 78.9, 33.51 ], [ 78.906666666666666, 33.51 ], [ 78.906666666666666, 33.506666666666668 ], [ 78.936666666666667, 33.506666666666668 ], [ 78.936666666666667, 33.51 ], [ 78.943333333333328, 33.51 ], [ 78.943333333333328, 33.513333333333335 ], [ 78.956666666666663, 33.513333333333335 ], [ 78.956666666666663, 33.516666666666666 ], [ 78.96, 33.516666666666666 ], [ 78.96, 33.52 ], [ 78.963333333333338, 33.52 ], [ 78.963333333333338, 33.523333333333333 ], [ 78.966666666666669, 33.523333333333333 ], [ 78.966666666666669, 33.52 ], [ 78.976666666666674, 33.52 ], [ 78.976666666666674, 33.516666666666666 ], [ 78.983333333333334, 33.516666666666666 ], [ 78.983333333333334, 33.513333333333335 ], [ 78.986666666666665, 33.513333333333335 ], [ 78.986666666666665, 33.51 ], [ 78.99, 33.51 ], [ 78.99, 33.506666666666668 ], [ 79.00333333333333, 33.506666666666668 ], [ 79.00333333333333, 33.50333333333333 ], [ 79.013333333333335, 33.50333333333333 ], [ 79.013333333333335, 33.5 ], [ 79.016666666666666, 33.5 ], [ 79.016666666666666, 33.49 ], [ 79.03, 33.49 ], [ 79.03, 33.493333333333332 ], [ 79.036666666666662, 33.493333333333332 ], [ 79.036666666666662, 33.49666666666667 ], [ 79.04, 33.49666666666667 ], [ 79.04, 33.50333333333333 ], [ 79.046666666666667, 33.50333333333333 ], [ 79.046666666666667, 33.5 ], [ 79.05, 33.5 ], [ 79.05, 33.49 ], [ 79.053333333333327, 33.49 ], [ 79.053333333333327, 33.48 ], [ 79.066666666666663, 33.48 ], [ 79.066666666666663, 33.476666666666667 ], [ 79.076666666666668, 33.476666666666667 ], [ 79.076666666666668, 33.47 ], [ 79.09, 33.47 ], [ 79.09, 33.466666666666669 ], [ 79.093333333333334, 33.466666666666669 ], [ 79.093333333333334, 33.463333333333331 ], [ 79.116666666666674, 33.463333333333331 ], [ 79.116666666666674, 33.466666666666669 ], [ 79.123333333333335, 33.466666666666669 ], [ 79.123333333333335, 33.47 ], [ 79.126666666666665, 33.47 ], [ 79.126666666666665, 33.466666666666669 ], [ 79.13333333333334, 33.466666666666669 ], [ 79.13333333333334, 33.456666666666663 ], [ 79.13666666666667, 33.456666666666663 ], [ 79.13666666666667, 33.446666666666665 ], [ 79.14, 33.446666666666665 ], [ 79.14, 33.44 ], [ 79.143333333333331, 33.44 ], [ 79.143333333333331, 33.436666666666667 ], [ 79.146666666666661, 33.436666666666667 ], [ 79.146666666666661, 33.43333333333333 ], [ 79.15, 33.43333333333333 ], [ 79.15, 33.423333333333332 ], [ 79.166666666666671, 33.423333333333332 ], [ 79.166666666666671, 33.42 ], [ 79.18, 33.42 ], [ 79.18, 33.416666666666664 ], [ 79.183333333333337, 33.416666666666664 ], [ 79.183333333333337, 33.406666666666666 ], [ 79.206666666666663, 33.406666666666666 ], [ 79.206666666666663, 33.403333333333336 ], [ 79.21, 33.403333333333336 ], [ 79.21, 33.4 ], [ 79.22, 33.4 ], [ 79.22, 33.393333333333331 ], [ 79.223333333333329, 33.393333333333331 ], [ 79.223333333333329, 33.383333333333333 ], [ 79.236666666666665, 33.383333333333333 ], [ 79.236666666666665, 33.386666666666663 ], [ 79.24, 33.386666666666663 ], [ 79.24, 33.39 ], [ 79.263333333333335, 33.39 ], [ 79.263333333333335, 33.393333333333331 ], [ 79.27, 33.393333333333331 ], [ 79.27, 33.396666666666668 ], [ 79.283333333333331, 33.396666666666668 ], [ 79.283333333333331, 33.39 ], [ 79.296666666666667, 33.39 ], [ 79.296666666666667, 33.393333333333331 ], [ 79.3, 33.393333333333331 ], [ 79.3, 33.396666666666668 ], [ 79.31, 33.396666666666668 ], [ 79.31, 33.393333333333331 ], [ 79.316666666666663, 33.393333333333331 ], [ 79.316666666666663, 33.39 ], [ 79.336666666666673, 33.39 ], [ 79.336666666666673, 33.386666666666663 ], [ 79.36333333333333, 33.386666666666663 ], [ 79.36333333333333, 33.4 ], [ 79.346666666666664, 33.4 ], [ 79.346666666666664, 33.403333333333336 ], [ 79.34, 33.403333333333336 ], [ 79.34, 33.406666666666666 ], [ 79.326666666666668, 33.406666666666666 ], [ 79.326666666666668, 33.416666666666664 ], [ 79.313333333333333, 33.416666666666664 ], [ 79.313333333333333, 33.413333333333334 ], [ 79.306666666666672, 33.413333333333334 ], [ 79.306666666666672, 33.41 ], [ 79.303333333333327, 33.41 ], [ 79.303333333333327, 33.413333333333334 ], [ 79.28, 33.413333333333334 ], [ 79.28, 33.416666666666664 ], [ 79.276666666666671, 33.416666666666664 ], [ 79.276666666666671, 33.42 ], [ 79.263333333333335, 33.42 ], [ 79.263333333333335, 33.41 ], [ 79.26, 33.41 ], [ 79.26, 33.406666666666666 ], [ 79.223333333333329, 33.406666666666666 ], [ 79.223333333333329, 33.413333333333334 ], [ 79.22, 33.413333333333334 ], [ 79.22, 33.416666666666664 ], [ 79.216666666666669, 33.416666666666664 ], [ 79.216666666666669, 33.426666666666669 ], [ 79.203333333333333, 33.426666666666669 ], [ 79.203333333333333, 33.423333333333332 ], [ 79.2, 33.423333333333332 ], [ 79.2, 33.426666666666669 ], [ 79.196666666666673, 33.426666666666669 ], [ 79.196666666666673, 33.43 ], [ 79.19, 33.43 ], [ 79.19, 33.43333333333333 ], [ 79.18, 33.43333333333333 ], [ 79.18, 33.436666666666667 ], [ 79.176666666666662, 33.436666666666667 ], [ 79.176666666666662, 33.44 ], [ 79.17, 33.44 ], [ 79.17, 33.443333333333335 ], [ 79.166666666666671, 33.443333333333335 ], [ 79.166666666666671, 33.446666666666665 ], [ 79.163333333333327, 33.446666666666665 ], [ 79.163333333333327, 33.45 ], [ 79.16, 33.45 ], [ 79.16, 33.456666666666663 ], [ 79.163333333333327, 33.456666666666663 ], [ 79.163333333333327, 33.47 ], [ 79.146666666666661, 33.47 ], [ 79.146666666666661, 33.473333333333336 ], [ 79.14, 33.473333333333336 ], [ 79.14, 33.48 ], [ 79.13666666666667, 33.48 ], [ 79.13666666666667, 33.486666666666665 ], [ 79.13333333333334, 33.486666666666665 ], [ 79.13333333333334, 33.493333333333332 ], [ 79.12, 33.493333333333332 ], [ 79.12, 33.483333333333334 ], [ 79.11333333333333, 33.483333333333334 ], [ 79.11333333333333, 33.48 ], [ 79.1, 33.48 ], [ 79.1, 33.483333333333334 ], [ 79.08, 33.483333333333334 ], [ 79.08, 33.49666666666667 ], [ 79.083333333333329, 33.49666666666667 ], [ 79.083333333333329, 33.50333333333333 ], [ 79.086666666666673, 33.50333333333333 ], [ 79.086666666666673, 33.533333333333331 ], [ 79.073333333333338, 33.533333333333331 ], [ 79.073333333333338, 33.51 ], [ 79.066666666666663, 33.51 ], [ 79.066666666666663, 33.506666666666668 ], [ 79.063333333333333, 33.506666666666668 ], [ 79.063333333333333, 33.51 ], [ 79.06, 33.51 ], [ 79.06, 33.516666666666666 ], [ 79.056666666666672, 33.516666666666666 ], [ 79.056666666666672, 33.52 ], [ 79.036666666666662, 33.52 ], [ 79.036666666666662, 33.523333333333333 ], [ 79.03, 33.523333333333333 ], [ 79.03, 33.526666666666664 ], [ 79.026666666666671, 33.526666666666664 ], [ 79.026666666666671, 33.53 ], [ 79.03, 33.53 ], [ 79.03, 33.543333333333337 ], [ 79.016666666666666, 33.543333333333337 ], [ 79.016666666666666, 33.533333333333331 ], [ 79.013333333333335, 33.533333333333331 ], [ 79.013333333333335, 33.523333333333333 ], [ 79.006666666666661, 33.523333333333333 ], [ 79.006666666666661, 33.526666666666664 ], [ 79.00333333333333, 33.526666666666664 ], [ 79.00333333333333, 33.53 ], [ 78.99666666666667, 33.53 ], [ 78.99666666666667, 33.533333333333331 ], [ 78.993333333333339, 33.533333333333331 ], [ 78.993333333333339, 33.536666666666669 ], [ 78.986666666666665, 33.536666666666669 ], [ 78.986666666666665, 33.54 ], [ 78.983333333333334, 33.54 ], [ 78.983333333333334, 33.543333333333337 ], [ 78.98, 33.543333333333337 ], [ 78.98, 33.55 ], [ 78.966666666666669, 33.55 ], [ 78.966666666666669, 33.546666666666667 ], [ 78.963333333333338, 33.546666666666667 ], [ 78.963333333333338, 33.55 ], [ 78.96, 33.55 ], [ 78.96, 33.553333333333335 ], [ 78.946666666666673, 33.553333333333335 ], [ 78.946666666666673, 33.546666666666667 ], [ 78.943333333333328, 33.546666666666667 ], [ 78.943333333333328, 33.543333333333337 ], [ 78.94, 33.543333333333337 ], [ 78.94, 33.54 ], [ 78.936666666666667, 33.54 ], [ 78.936666666666667, 33.536666666666669 ], [ 78.93, 33.536666666666669 ], [ 78.93, 33.533333333333331 ], [ 78.926666666666662, 33.533333333333331 ], [ 78.926666666666662, 33.53 ], [ 78.923333333333332, 33.53 ], [ 78.923333333333332, 33.526666666666664 ], [ 78.906666666666666, 33.526666666666664 ], [ 78.906666666666666, 33.53 ], [ 78.903333333333336, 33.53 ], [ 78.903333333333336, 33.533333333333331 ], [ 78.893333333333331, 33.533333333333331 ], [ 78.893333333333331, 33.536666666666669 ], [ 78.88666666666667, 33.536666666666669 ], [ 78.88666666666667, 33.54 ], [ 78.88, 33.54 ], [ 78.88, 33.543333333333337 ], [ 78.87, 33.543333333333337 ], [ 78.87, 33.546666666666667 ], [ 78.86666666666666, 33.546666666666667 ], [ 78.86666666666666, 33.55 ], [ 78.86333333333333, 33.55 ], [ 78.86333333333333, 33.553333333333335 ], [ 78.86, 33.553333333333335 ], [ 78.86, 33.556666666666665 ], [ 78.853333333333339, 33.556666666666665 ], [ 78.853333333333339, 33.56 ], [ 78.85, 33.56 ], [ 78.85, 33.563333333333333 ], [ 78.846666666666664, 33.563333333333333 ], [ 78.846666666666664, 33.56666666666667 ], [ 78.843333333333334, 33.56666666666667 ], [ 78.843333333333334, 33.57 ], [ 78.84, 33.57 ], [ 78.84, 33.573333333333331 ], [ 78.836666666666673, 33.573333333333331 ], [ 78.836666666666673, 33.576666666666668 ], [ 78.833333333333329, 33.576666666666668 ], [ 78.833333333333329, 33.583333333333336 ], [ 78.83, 33.583333333333336 ], [ 78.83, 33.586666666666666 ], [ 78.813333333333333, 33.586666666666666 ], [ 78.813333333333333, 33.583333333333336 ], [ 78.783333333333331, 33.583333333333336 ], [ 78.783333333333331, 33.586666666666666 ], [ 78.77, 33.586666666666666 ], [ 78.77, 33.583333333333336 ], [ 78.766666666666666, 33.583333333333336 ], [ 78.766666666666666, 33.58 ], [ 78.76, 33.58 ], [ 78.76, 33.573333333333331 ], [ 78.756666666666661, 33.573333333333331 ], [ 78.756666666666661, 33.57 ], [ 78.75, 33.57 ], [ 78.75, 33.56666666666667 ], [ 78.74666666666667, 33.56666666666667 ], [ 78.74666666666667, 33.563333333333333 ], [ 78.74, 33.563333333333333 ], [ 78.74, 33.56 ], [ 78.73, 33.56 ], [ 78.73, 33.563333333333333 ], [ 78.726666666666674, 33.563333333333333 ], [ 78.726666666666674, 33.56666666666667 ], [ 78.723333333333329, 33.56666666666667 ], [ 78.723333333333329, 33.576666666666668 ], [ 78.726666666666674, 33.576666666666668 ], [ 78.726666666666674, 33.593333333333334 ], [ 78.706666666666663, 33.593333333333334 ], [ 78.706666666666663, 33.596666666666664 ], [ 78.703333333333333, 33.596666666666664 ], [ 78.703333333333333, 33.6 ], [ 78.7, 33.6 ], [ 78.7, 33.603333333333332 ], [ 78.696666666666673, 33.603333333333332 ], [ 78.696666666666673, 33.61333333333333 ], [ 78.693333333333328, 33.61333333333333 ], [ 78.693333333333328, 33.623333333333335 ], [ 78.69, 33.623333333333335 ], [ 78.69, 33.626666666666665 ], [ 78.683333333333337, 33.626666666666665 ], [ 78.683333333333337, 33.63 ], [ 78.68, 33.63 ], [ 78.68, 33.64 ], [ 78.676666666666662, 33.64 ], [ 78.676666666666662, 33.646666666666668 ], [ 78.673333333333332, 33.646666666666668 ], [ 78.673333333333332, 33.653333333333336 ], [ 78.66, 33.653333333333336 ] ] ] } },
{ "type": "Feature", "properties": { "site_id": "SAFE-SITE-035", "cci_score": 91.199996948242188, "area_sqkm": 143.07, "capacity_families": 11445, "capacity_persons": 57225, "suitability_tier": "Optimal Prime Site (CCI ≥ 75)" }, "geometry": { "type": "Polygon", "coordinates": [ [ [ 78.01, 33.446666666666665 ], [ 78.01, 33.436666666666667 ], [ 77.986666666666665, 33.436666666666667 ], [ 77.986666666666665, 33.43 ], [ 77.983333333333334, 33.43 ], [ 77.983333333333334, 33.423333333333332 ], [ 77.98, 33.423333333333332 ], [ 77.98, 33.406666666666666 ], [ 77.976666666666674, 33.406666666666666 ], [ 77.976666666666674, 33.403333333333336 ], [ 77.973333333333329, 33.403333333333336 ], [ 77.973333333333329, 33.4 ], [ 77.97, 33.4 ], [ 77.97, 33.386666666666663 ], [ 77.973333333333329, 33.386666666666663 ], [ 77.973333333333329, 33.38 ], [ 77.97, 33.38 ], [ 77.97, 33.376666666666665 ], [ 77.966666666666669, 33.376666666666665 ], [ 77.966666666666669, 33.373333333333335 ], [ 77.963333333333338, 33.373333333333335 ], [ 77.963333333333338, 33.37 ], [ 77.956666666666663, 33.37 ], [ 77.956666666666663, 33.353333333333332 ], [ 77.96, 33.353333333333332 ], [ 77.96, 33.34 ], [ 77.963333333333338, 33.34 ], [ 77.963333333333338, 33.336666666666666 ], [ 77.96, 33.336666666666666 ], [ 77.96, 33.33 ], [ 77.956666666666663, 33.33 ], [ 77.956666666666663, 33.306666666666665 ], [ 77.96, 33.306666666666665 ], [ 77.96, 33.303333333333335 ], [ 77.963333333333338, 33.303333333333335 ], [ 77.963333333333338, 33.3 ], [ 77.966666666666669, 33.3 ], [ 77.966666666666669, 33.296666666666667 ], [ 77.97, 33.296666666666667 ], [ 77.97, 33.293333333333337 ], [ 77.973333333333329, 33.293333333333337 ], [ 77.973333333333329, 33.29 ], [ 77.976666666666674, 33.29 ], [ 77.976666666666674, 33.286666666666669 ], [ 77.97, 33.286666666666669 ], [ 77.97, 33.273333333333333 ], [ 77.973333333333329, 33.273333333333333 ], [ 77.973333333333329, 33.266666666666666 ], [ 77.976666666666674, 33.266666666666666 ], [ 77.976666666666674, 33.256666666666668 ], [ 77.99666666666667, 33.256666666666668 ], [ 77.99666666666667, 33.26 ], [ 78.00333333333333, 33.26 ], [ 78.00333333333333, 33.256666666666668 ], [ 78.006666666666661, 33.256666666666668 ], [ 78.006666666666661, 33.25333333333333 ], [ 78.01, 33.25333333333333 ], [ 78.01, 33.25 ], [ 78.02, 33.25 ], [ 78.02, 33.24666666666667 ], [ 78.03, 33.24666666666667 ], [ 78.03, 33.243333333333332 ], [ 78.06, 33.243333333333332 ], [ 78.06, 33.24666666666667 ], [ 78.063333333333333, 33.24666666666667 ], [ 78.063333333333333, 33.25 ], [ 78.066666666666663, 33.25 ], [ 78.066666666666663, 33.25333333333333 ], [ 78.07, 33.25333333333333 ], [ 78.07, 33.256666666666668 ], [ 78.073333333333338, 33.256666666666668 ], [ 78.073333333333338, 33.26 ], [ 78.076666666666668, 33.26 ], [ 78.076666666666668, 33.263333333333335 ], [ 78.08, 33.263333333333335 ], [ 78.08, 33.266666666666666 ], [ 78.083333333333329, 33.266666666666666 ], [ 78.083333333333329, 33.28 ], [ 78.076666666666668, 33.28 ], [ 78.076666666666668, 33.283333333333331 ], [ 78.073333333333338, 33.283333333333331 ], [ 78.073333333333338, 33.286666666666669 ], [ 78.07, 33.286666666666669 ], [ 78.07, 33.29 ], [ 78.066666666666663, 33.29 ], [ 78.066666666666663, 33.296666666666667 ], [ 78.063333333333333, 33.296666666666667 ], [ 78.063333333333333, 33.303333333333335 ], [ 78.06, 33.303333333333335 ], [ 78.06, 33.306666666666665 ], [ 78.056666666666672, 33.306666666666665 ], [ 78.056666666666672, 33.313333333333333 ], [ 78.05, 33.313333333333333 ], [ 78.05, 33.31666666666667 ], [ 78.046666666666667, 33.31666666666667 ], [ 78.046666666666667, 33.32 ], [ 78.043333333333337, 33.32 ], [ 78.043333333333337, 33.323333333333331 ], [ 78.04, 33.323333333333331 ], [ 78.04, 33.326666666666668 ], [ 78.036666666666662, 33.326666666666668 ], [ 78.036666666666662, 33.356666666666669 ], [ 78.023333333333341, 33.356666666666669 ], [ 78.023333333333341, 33.36 ], [ 78.016666666666666, 33.36 ], [ 78.016666666666666, 33.36333333333333 ], [ 78.013333333333335, 33.36333333333333 ], [ 78.013333333333335, 33.366666666666667 ], [ 78.01, 33.366666666666667 ], [ 78.01, 33.38 ], [ 78.016666666666666, 33.38 ], [ 78.016666666666666, 33.383333333333333 ], [ 78.023333333333341, 33.383333333333333 ], [ 78.023333333333341, 33.396666666666668 ], [ 78.02, 33.396666666666668 ], [ 78.02, 33.42 ], [ 78.016666666666666, 33.42 ], [ 78.016666666666666, 33.43 ], [ 78.023333333333341, 33.43 ], [ 78.023333333333341, 33.446666666666665 ], [ 78.01, 33.446666666666665 ] ] ] } },
{ "type": "Feature", "properties": { "site_id": "SAFE-SITE-036", "cci_score": 91.199996948242188, "area_sqkm": 17.42, "capacity_families": 1393, "capacity_persons": 6965, "suitability_tier": "Optimal Prime Site (CCI ≥ 75)" }, "geometry": { "type": "Polygon", "coordinates": [ [ [ 79.776666666666671, 33.24 ], [ 79.776666666666671, 33.223333333333336 ], [ 79.786666666666662, 33.223333333333336 ], [ 79.786666666666662, 33.22 ], [ 79.79, 33.22 ], [ 79.79, 33.193333333333335 ], [ 79.803333333333327, 33.193333333333335 ], [ 79.803333333333327, 33.196666666666665 ], [ 79.806666666666672, 33.196666666666665 ], [ 79.806666666666672, 33.193333333333335 ], [ 79.81, 33.193333333333335 ], [ 79.81, 33.19 ], [ 79.813333333333333, 33.19 ], [ 79.813333333333333, 33.18 ], [ 79.826666666666668, 33.18 ], [ 79.826666666666668, 33.17 ], [ 79.84, 33.17 ], [ 79.84, 33.18333333333333 ], [ 79.83, 33.18333333333333 ], [ 79.83, 33.193333333333335 ], [ 79.826666666666668, 33.193333333333335 ], [ 79.826666666666668, 33.2 ], [ 79.823333333333338, 33.2 ], [ 79.823333333333338, 33.203333333333333 ], [ 79.82, 33.203333333333333 ], [ 79.82, 33.206666666666663 ], [ 79.816666666666663, 33.206666666666663 ], [ 79.816666666666663, 33.21 ], [ 79.813333333333333, 33.21 ], [ 79.813333333333333, 33.213333333333331 ], [ 79.81, 33.213333333333331 ], [ 79.81, 33.226666666666667 ], [ 79.806666666666672, 33.226666666666667 ], [ 79.806666666666672, 33.233333333333334 ], [ 79.803333333333327, 33.233333333333334 ], [ 79.803333333333327, 33.236666666666665 ], [ 79.79, 33.236666666666665 ], [ 79.79, 33.24 ], [ 79.776666666666671, 33.24 ] ] ] } },
{ "type": "Feature", "properties": { "site_id": "SAFE-SITE-037", "cci_score": 91.199996948242188, "area_sqkm": 30.89, "capacity_families": 2471, "capacity_persons": 12355, "suitability_tier": "Optimal Prime Site (CCI ≥ 75)" }, "geometry": { "type": "Polygon", "coordinates": [ [ [ 77.776666666666671, 33.233333333333334 ], [ 77.776666666666671, 33.22 ], [ 77.78, 33.22 ], [ 77.78, 33.206666666666663 ], [ 77.783333333333331, 33.206666666666663 ], [ 77.783333333333331, 33.203333333333333 ], [ 77.786666666666662, 33.203333333333333 ], [ 77.786666666666662, 33.2 ], [ 77.79, 33.2 ], [ 77.79, 33.19 ], [ 77.793333333333337, 33.19 ], [ 77.793333333333337, 33.18 ], [ 77.796666666666667, 33.18 ], [ 77.796666666666667, 33.146666666666668 ], [ 77.803333333333327, 33.146666666666668 ], [ 77.803333333333327, 33.143333333333331 ], [ 77.82, 33.143333333333331 ], [ 77.82, 33.14 ], [ 77.833333333333329, 33.14 ], [ 77.833333333333329, 33.153333333333336 ], [ 77.826666666666668, 33.153333333333336 ], [ 77.826666666666668, 33.156666666666666 ], [ 77.83, 33.156666666666666 ], [ 77.83, 33.18333333333333 ], [ 77.826666666666668, 33.18333333333333 ], [ 77.826666666666668, 33.186666666666667 ], [ 77.823333333333338, 33.186666666666667 ], [ 77.823333333333338, 33.19 ], [ 77.82, 33.19 ], [ 77.82, 33.193333333333335 ], [ 77.816666666666663, 33.193333333333335 ], [ 77.816666666666663, 33.226666666666667 ], [ 77.803333333333327, 33.226666666666667 ], [ 77.803333333333327, 33.223333333333336 ], [ 77.8, 33.223333333333336 ], [ 77.8, 33.226666666666667 ], [ 77.796666666666667, 33.226666666666667 ], [ 77.796666666666667, 33.23 ], [ 77.793333333333337, 33.23 ], [ 77.793333333333337, 33.233333333333334 ], [ 77.776666666666671, 33.233333333333334 ] ] ] } },
{ "type": "Feature", "properties": { "site_id": "SAFE-SITE-038", "cci_score": 91.199996948242188, "area_sqkm": 16.26, "capacity_families": 1300, "capacity_persons": 6500, "suitability_tier": "Optimal Prime Site (CCI ≥ 75)" }, "geometry": { "type": "Polygon", "coordinates": [ [ [ 78.31, 33.126666666666665 ], [ 78.31, 33.123333333333335 ], [ 78.296666666666667, 33.123333333333335 ], [ 78.296666666666667, 33.12 ], [ 78.29, 33.12 ], [ 78.29, 33.116666666666667 ], [ 78.256666666666661, 33.116666666666667 ], [ 78.256666666666661, 33.1 ], [ 78.273333333333341, 33.1 ], [ 78.273333333333341, 33.093333333333334 ], [ 78.29, 33.093333333333334 ], [ 78.29, 33.096666666666664 ], [ 78.31, 33.096666666666664 ], [ 78.31, 33.1 ], [ 78.316666666666663, 33.1 ], [ 78.316666666666663, 33.103333333333332 ], [ 78.32, 33.103333333333332 ], [ 78.32, 33.106666666666669 ], [ 78.323333333333338, 33.106666666666669 ], [ 78.323333333333338, 33.11 ], [ 78.326666666666668, 33.11 ], [ 78.326666666666668, 33.126666666666665 ], [ 78.31, 33.126666666666665 ] ] ] } },
{ "type": "Feature", "properties": { "site_id": "SAFE-SITE-039", "cci_score": 91.199996948242188, "area_sqkm": 103.47, "capacity_families": 8277, "capacity_persons": 41385, "suitability_tier": "Optimal Prime Site (CCI ≥ 75)" }, "geometry": { "type": "Polygon", "coordinates": [ [ [ 78.576666666666668, 33.213333333333331 ], [ 78.576666666666668, 33.2 ], [ 78.593333333333334, 33.2 ], [ 78.593333333333334, 33.19 ], [ 78.606666666666669, 33.19 ], [ 78.606666666666669, 33.18333333333333 ], [ 78.61, 33.18333333333333 ], [ 78.61, 33.18 ], [ 78.61333333333333, 33.18 ], [ 78.61333333333333, 33.176666666666669 ], [ 78.63, 33.176666666666669 ], [ 78.63, 33.18 ], [ 78.64, 33.18 ], [ 78.64, 33.176666666666669 ], [ 78.643333333333331, 33.176666666666669 ], [ 78.643333333333331, 33.173333333333332 ], [ 78.653333333333336, 33.173333333333332 ], [ 78.653333333333336, 33.17 ], [ 78.656666666666666, 33.17 ], [ 78.656666666666666, 33.166666666666664 ], [ 78.66, 33.166666666666664 ], [ 78.66, 33.163333333333334 ], [ 78.67, 33.163333333333334 ], [ 78.67, 33.156666666666666 ], [ 78.706666666666663, 33.156666666666666 ], [ 78.706666666666663, 33.153333333333336 ], [ 78.71, 33.153333333333336 ], [ 78.71, 33.15 ], [ 78.716666666666669, 33.15 ], [ 78.716666666666669, 33.146666666666668 ], [ 78.72, 33.146666666666668 ], [ 78.72, 33.143333333333331 ], [ 78.723333333333329, 33.143333333333331 ], [ 78.723333333333329, 33.14 ], [ 78.73, 33.14 ], [ 78.73, 33.136666666666663 ], [ 78.74, 33.136666666666663 ], [ 78.74, 33.133333333333333 ], [ 78.743333333333339, 33.133333333333333 ], [ 78.743333333333339, 33.13 ], [ 78.733333333333334, 33.13 ], [ 78.733333333333334, 33.12 ], [ 78.73, 33.12 ], [ 78.73, 33.116666666666667 ], [ 78.723333333333329, 33.116666666666667 ], [ 78.723333333333329, 33.11333333333333 ], [ 78.72, 33.11333333333333 ], [ 78.72, 33.11 ], [ 78.706666666666663, 33.11 ], [ 78.706666666666663, 33.116666666666667 ], [ 78.693333333333328, 33.116666666666667 ], [ 78.693333333333328, 33.103333333333332 ], [ 78.706666666666663, 33.103333333333332 ], [ 78.706666666666663, 33.096666666666664 ], [ 78.71, 33.096666666666664 ], [ 78.71, 33.086666666666666 ], [ 78.703333333333333, 33.086666666666666 ], [ 78.703333333333333, 33.06666666666667 ], [ 78.716666666666669, 33.06666666666667 ], [ 78.716666666666669, 33.086666666666666 ], [ 78.726666666666674, 33.086666666666666 ], [ 78.726666666666674, 33.083333333333336 ], [ 78.74, 33.083333333333336 ], [ 78.74, 33.096666666666664 ], [ 78.736666666666665, 33.096666666666664 ], [ 78.736666666666665, 33.1 ], [ 78.74, 33.1 ], [ 78.74, 33.103333333333332 ], [ 78.75, 33.103333333333332 ], [ 78.75, 33.11 ], [ 78.75333333333333, 33.11 ], [ 78.75333333333333, 33.11333333333333 ], [ 78.756666666666661, 33.11333333333333 ], [ 78.756666666666661, 33.11 ], [ 78.76, 33.11 ], [ 78.76, 33.1 ], [ 78.763333333333335, 33.1 ], [ 78.763333333333335, 33.096666666666664 ], [ 78.75333333333333, 33.096666666666664 ], [ 78.75333333333333, 33.083333333333336 ], [ 78.76, 33.083333333333336 ], [ 78.76, 33.08 ], [ 78.763333333333335, 33.08 ], [ 78.763333333333335, 33.076666666666668 ], [ 78.773333333333341, 33.076666666666668 ], [ 78.773333333333341, 33.073333333333331 ], [ 78.793333333333337, 33.073333333333331 ], [ 78.793333333333337, 33.083333333333336 ], [ 78.796666666666667, 33.083333333333336 ], [ 78.796666666666667, 33.096666666666664 ], [ 78.793333333333337, 33.096666666666664 ], [ 78.793333333333337, 33.1 ], [ 78.79, 33.1 ], [ 78.79, 33.106666666666669 ], [ 78.786666666666662, 33.106666666666669 ], [ 78.786666666666662, 33.11333333333333 ], [ 78.783333333333331, 33.11333333333333 ], [ 78.783333333333331, 33.116666666666667 ], [ 78.78, 33.116666666666667 ], [ 78.78, 33.133333333333333 ], [ 78.783333333333331, 33.133333333333333 ], [ 78.783333333333331, 33.136666666666663 ], [ 78.786666666666662, 33.136666666666663 ], [ 78.786666666666662, 33.156666666666666 ], [ 78.78, 33.156666666666666 ], [ 78.78, 33.16 ], [ 78.77, 33.16 ], [ 78.77, 33.163333333333334 ], [ 78.76, 33.163333333333334 ], [ 78.76, 33.166666666666664 ], [ 78.756666666666661, 33.166666666666664 ], [ 78.756666666666661, 33.173333333333332 ], [ 78.75333333333333, 33.173333333333332 ], [ 78.75333333333333, 33.176666666666669 ], [ 78.74, 33.176666666666669 ], [ 78.74, 33.18 ], [ 78.733333333333334, 33.18 ], [ 78.733333333333334, 33.18333333333333 ], [ 78.73, 33.18333333333333 ], [ 78.73, 33.186666666666667 ], [ 78.726666666666674, 33.186666666666667 ], [ 78.726666666666674, 33.193333333333335 ], [ 78.706666666666663, 33.193333333333335 ], [ 78.706666666666663, 33.19 ], [ 78.68, 33.19 ], [ 78.68, 33.186666666666667 ], [ 78.676666666666662, 33.186666666666667 ], [ 78.676666666666662, 33.18333333333333 ], [ 78.673333333333332, 33.18333333333333 ], [ 78.673333333333332, 33.18 ], [ 78.666666666666671, 33.18 ], [ 78.666666666666671, 33.18333333333333 ], [ 78.663333333333327, 33.18333333333333 ], [ 78.663333333333327, 33.19 ], [ 78.653333333333336, 33.19 ], [ 78.653333333333336, 33.193333333333335 ], [ 78.65, 33.193333333333335 ], [ 78.65, 33.206666666666663 ], [ 78.646666666666661, 33.206666666666663 ], [ 78.646666666666661, 33.21 ], [ 78.626666666666665, 33.21 ], [ 78.626666666666665, 33.203333333333333 ], [ 78.623333333333335, 33.203333333333333 ], [ 78.623333333333335, 33.2 ], [ 78.61666666666666, 33.2 ], [ 78.61666666666666, 33.196666666666665 ], [ 78.606666666666669, 33.196666666666665 ], [ 78.606666666666669, 33.203333333333333 ], [ 78.593333333333334, 33.203333333333333 ], [ 78.593333333333334, 33.213333333333331 ], [ 78.576666666666668, 33.213333333333331 ] ] ] } },
{ "type": "Feature", "properties": { "site_id": "SAFE-SITE-040", "cci_score": 91.199996948242188, "area_sqkm": 11.38, "capacity_families": 910, "capacity_persons": 4550, "suitability_tier": "Optimal Prime Site (CCI ≥ 75)" }, "geometry": { "type": "Polygon", "coordinates": [ [ [ 78.403333333333336, 33.056666666666665 ], [ 78.403333333333336, 33.05 ], [ 78.4, 33.05 ], [ 78.4, 33.033333333333331 ], [ 78.41, 33.033333333333331 ], [ 78.41, 33.03 ], [ 78.416666666666671, 33.03 ], [ 78.416666666666671, 33.026666666666664 ], [ 78.42, 33.026666666666664 ], [ 78.42, 33.02 ], [ 78.443333333333328, 33.02 ], [ 78.443333333333328, 33.033333333333331 ], [ 78.436666666666667, 33.033333333333331 ], [ 78.436666666666667, 33.05 ], [ 78.426666666666662, 33.05 ], [ 78.426666666666662, 33.053333333333335 ], [ 78.416666666666671, 33.053333333333335 ], [ 78.416666666666671, 33.056666666666665 ], [ 78.403333333333336, 33.056666666666665 ] ] ] } },
{ "type": "Feature", "properties": { "site_id": "SAFE-SITE-041", "cci_score": 91.199996948242188, "area_sqkm": 15.21, "capacity_families": 1217, "capacity_persons": 6085, "suitability_tier": "Optimal Prime Site (CCI ≥ 75)" }, "geometry": { "type": "Polygon", "coordinates": [ [ [ 78.716666666666669, 33.06 ], [ 78.716666666666669, 33.043333333333337 ], [ 78.713333333333338, 33.043333333333337 ], [ 78.713333333333338, 33.016666666666666 ], [ 78.73, 33.016666666666666 ], [ 78.73, 33.02 ], [ 78.74, 33.02 ], [ 78.74, 33.016666666666666 ], [ 78.763333333333335, 33.016666666666666 ], [ 78.763333333333335, 33.03 ], [ 78.756666666666661, 33.03 ], [ 78.756666666666661, 33.033333333333331 ], [ 78.75333333333333, 33.033333333333331 ], [ 78.75333333333333, 33.036666666666669 ], [ 78.75, 33.036666666666669 ], [ 78.75, 33.04 ], [ 78.74666666666667, 33.04 ], [ 78.74666666666667, 33.043333333333337 ], [ 78.743333333333339, 33.043333333333337 ], [ 78.743333333333339, 33.046666666666667 ], [ 78.74, 33.046666666666667 ], [ 78.74, 33.05 ], [ 78.733333333333334, 33.05 ], [ 78.733333333333334, 33.053333333333335 ], [ 78.73, 33.053333333333335 ], [ 78.73, 33.06 ], [ 78.716666666666669, 33.06 ] ] ] } },
{ "type": "Feature", "properties": { "site_id": "SAFE-SITE-042", "cci_score": 91.199996948242188, "area_sqkm": 16.72, "capacity_families": 1337, "capacity_persons": 6685, "suitability_tier": "Optimal Prime Site (CCI ≥ 75)" }, "geometry": { "type": "Polygon", "coordinates": [ [ [ 77.923333333333332, 33.05 ], [ 77.923333333333332, 33.033333333333331 ], [ 77.92, 33.033333333333331 ], [ 77.92, 33.02 ], [ 77.916666666666671, 33.02 ], [ 77.916666666666671, 33.016666666666666 ], [ 77.913333333333327, 33.016666666666666 ], [ 77.913333333333327, 33.00333333333333 ], [ 77.92, 33.00333333333333 ], [ 77.92, 33.0 ], [ 77.923333333333332, 33.0 ], [ 77.923333333333332, 32.99666666666667 ], [ 77.926666666666662, 32.99666666666667 ], [ 77.926666666666662, 32.993333333333332 ], [ 77.93, 32.993333333333332 ], [ 77.93, 32.99 ], [ 77.95, 32.99 ], [ 77.95, 33.016666666666666 ], [ 77.943333333333328, 33.016666666666666 ], [ 77.943333333333328, 33.026666666666664 ], [ 77.946666666666673, 33.026666666666664 ], [ 77.946666666666673, 33.04 ], [ 77.943333333333328, 33.04 ], [ 77.943333333333328, 33.05 ], [ 77.923333333333332, 33.05 ] ] ] } },
{ "type": "Feature", "properties": { "site_id": "SAFE-SITE-043", "cci_score": 91.199996948242188, "area_sqkm": 14.17, "capacity_families": 1133, "capacity_persons": 5665, "suitability_tier": "Optimal Prime Site (CCI ≥ 75)" }, "geometry": { "type": "Polygon", "coordinates": [ [ [ 78.023333333333341, 32.98 ], [ 78.023333333333341, 32.956666666666663 ], [ 78.026666666666671, 32.956666666666663 ], [ 78.026666666666671, 32.953333333333333 ], [ 78.03, 32.953333333333333 ], [ 78.03, 32.95 ], [ 78.033333333333331, 32.95 ], [ 78.033333333333331, 32.946666666666665 ], [ 78.036666666666662, 32.946666666666665 ], [ 78.036666666666662, 32.943333333333335 ], [ 78.04, 32.943333333333335 ], [ 78.04, 32.94 ], [ 78.043333333333337, 32.94 ], [ 78.043333333333337, 32.93 ], [ 78.05, 32.93 ], [ 78.05, 32.926666666666669 ], [ 78.053333333333327, 32.926666666666669 ], [ 78.053333333333327, 32.923333333333332 ], [ 78.066666666666663, 32.923333333333332 ], [ 78.066666666666663, 32.94 ], [ 78.063333333333333, 32.94 ], [ 78.063333333333333, 32.943333333333335 ], [ 78.06, 32.943333333333335 ], [ 78.06, 32.96 ], [ 78.05, 32.96 ], [ 78.05, 32.963333333333331 ], [ 78.046666666666667, 32.963333333333331 ], [ 78.046666666666667, 32.973333333333336 ], [ 78.043333333333337, 32.973333333333336 ], [ 78.043333333333337, 32.976666666666667 ], [ 78.04, 32.976666666666667 ], [ 78.04, 32.98 ], [ 78.023333333333341, 32.98 ] ] ] } },
{ "type": "Feature", "properties": { "site_id": "SAFE-SITE-044", "cci_score": 91.199996948242188, "area_sqkm": 79.78, "capacity_families": 6382, "capacity_persons": 31910, "suitability_tier": "Optimal Prime Site (CCI ≥ 75)" }, "geometry": { "type": "Polygon", "coordinates": [ [ [ 78.573333333333338, 33.01 ], [ 78.573333333333338, 33.006666666666668 ], [ 78.56, 33.006666666666668 ], [ 78.56, 32.98 ], [ 78.563333333333333, 32.98 ], [ 78.563333333333333, 32.97 ], [ 78.56, 32.97 ], [ 78.56, 32.966666666666669 ], [ 78.556666666666672, 32.966666666666669 ], [ 78.556666666666672, 32.96 ], [ 78.553333333333327, 32.96 ], [ 78.553333333333327, 32.953333333333333 ], [ 78.55, 32.953333333333333 ], [ 78.55, 32.95 ], [ 78.543333333333337, 32.95 ], [ 78.543333333333337, 32.936666666666667 ], [ 78.546666666666667, 32.936666666666667 ], [ 78.546666666666667, 32.93333333333333 ], [ 78.553333333333327, 32.93333333333333 ], [ 78.553333333333327, 32.93 ], [ 78.556666666666672, 32.93 ], [ 78.556666666666672, 32.916666666666664 ], [ 78.553333333333327, 32.916666666666664 ], [ 78.553333333333327, 32.906666666666666 ], [ 78.55, 32.906666666666666 ], [ 78.55, 32.893333333333331 ], [ 78.563333333333333, 32.893333333333331 ], [ 78.563333333333333, 32.9 ], [ 78.566666666666663, 32.9 ], [ 78.566666666666663, 32.903333333333336 ], [ 78.58, 32.903333333333336 ], [ 78.58, 32.88 ], [ 78.593333333333334, 32.88 ], [ 78.593333333333334, 32.88666666666667 ], [ 78.596666666666664, 32.88666666666667 ], [ 78.596666666666664, 32.9 ], [ 78.6, 32.9 ], [ 78.6, 32.903333333333336 ], [ 78.606666666666669, 32.903333333333336 ], [ 78.606666666666669, 32.913333333333334 ], [ 78.61, 32.913333333333334 ], [ 78.61, 32.916666666666664 ], [ 78.61333333333333, 32.916666666666664 ], [ 78.61333333333333, 32.906666666666666 ], [ 78.626666666666665, 32.906666666666666 ], [ 78.626666666666665, 32.913333333333334 ], [ 78.63, 32.913333333333334 ], [ 78.63, 32.916666666666664 ], [ 78.63333333333334, 32.916666666666664 ], [ 78.63333333333334, 32.92 ], [ 78.64, 32.92 ], [ 78.64, 32.923333333333332 ], [ 78.65, 32.923333333333332 ], [ 78.65, 32.943333333333335 ], [ 78.63, 32.943333333333335 ], [ 78.63, 32.946666666666665 ], [ 78.61333333333333, 32.946666666666665 ], [ 78.61333333333333, 32.95 ], [ 78.61, 32.95 ], [ 78.61, 32.963333333333331 ], [ 78.61333333333333, 32.963333333333331 ], [ 78.61333333333333, 32.966666666666669 ], [ 78.62, 32.966666666666669 ], [ 78.62, 32.98 ], [ 78.61666666666666, 32.98 ], [ 78.61666666666666, 32.99666666666667 ], [ 78.61, 32.99666666666667 ], [ 78.61, 33.00333333333333 ], [ 78.603333333333339, 33.00333333333333 ], [ 78.603333333333339, 33.006666666666668 ], [ 78.586666666666673, 33.006666666666668 ], [ 78.586666666666673, 33.01 ], [ 78.573333333333338, 33.01 ] ] ] } },
{ "type": "Feature", "properties": { "site_id": "SAFE-SITE-045", "cci_score": 91.199996948242188, "area_sqkm": 407.61, "capacity_families": 32608, "capacity_persons": 163040, "suitability_tier": "Optimal Prime Site (CCI ≥ 75)" }, "geometry": { "type": "Polygon", "coordinates": [ [ [ 78.88666666666667, 33.31666666666667 ], [ 78.88666666666667, 33.313333333333333 ], [ 78.876666666666665, 33.313333333333333 ], [ 78.876666666666665, 33.3 ], [ 78.88, 33.3 ], [ 78.88, 33.296666666666667 ], [ 78.88333333333334, 33.296666666666667 ], [ 78.88333333333334, 33.283333333333331 ], [ 78.88666666666667, 33.283333333333331 ], [ 78.88666666666667, 33.276666666666664 ], [ 78.89, 33.276666666666664 ], [ 78.89, 33.273333333333333 ], [ 78.893333333333331, 33.273333333333333 ], [ 78.893333333333331, 33.27 ], [ 78.896666666666661, 33.27 ], [ 78.896666666666661, 33.266666666666666 ], [ 78.9, 33.266666666666666 ], [ 78.9, 33.26 ], [ 78.903333333333336, 33.26 ], [ 78.903333333333336, 33.256666666666668 ], [ 78.9, 33.256666666666668 ], [ 78.9, 33.25333333333333 ], [ 78.896666666666661, 33.25333333333333 ], [ 78.896666666666661, 33.25 ], [ 78.88333333333334, 33.25 ], [ 78.88333333333334, 33.24 ], [ 78.88, 33.24 ], [ 78.88, 33.236666666666665 ], [ 78.876666666666665, 33.236666666666665 ], [ 78.876666666666665, 33.223333333333336 ], [ 78.88, 33.223333333333336 ], [ 78.88, 33.22 ], [ 78.88333333333334, 33.22 ], [ 78.88333333333334, 33.213333333333331 ], [ 78.88, 33.213333333333331 ], [ 78.88, 33.21 ], [ 78.873333333333335, 33.21 ], [ 78.873333333333335, 33.206666666666663 ], [ 78.87, 33.206666666666663 ], [ 78.87, 33.176666666666669 ], [ 78.88666666666667, 33.176666666666669 ], [ 78.88666666666667, 33.193333333333335 ], [ 78.89, 33.193333333333335 ], [ 78.89, 33.196666666666665 ], [ 78.896666666666661, 33.196666666666665 ], [ 78.896666666666661, 33.2 ], [ 78.9, 33.2 ], [ 78.9, 33.203333333333333 ], [ 78.906666666666666, 33.203333333333333 ], [ 78.906666666666666, 33.206666666666663 ], [ 78.91, 33.206666666666663 ], [ 78.91, 33.213333333333331 ], [ 78.913333333333327, 33.213333333333331 ], [ 78.913333333333327, 33.216666666666669 ], [ 78.93, 33.216666666666669 ], [ 78.93, 33.213333333333331 ], [ 78.94, 33.213333333333331 ], [ 78.94, 33.21 ], [ 78.943333333333328, 33.21 ], [ 78.943333333333328, 33.203333333333333 ], [ 78.95, 33.203333333333333 ], [ 78.95, 33.2 ], [ 78.953333333333333, 33.2 ], [ 78.953333333333333, 33.196666666666665 ], [ 78.956666666666663, 33.196666666666665 ], [ 78.956666666666663, 33.193333333333335 ], [ 78.96, 33.193333333333335 ], [ 78.96, 33.19 ], [ 78.963333333333338, 33.19 ], [ 78.963333333333338, 33.186666666666667 ], [ 78.966666666666669, 33.186666666666667 ], [ 78.966666666666669, 33.18333333333333 ], [ 78.97, 33.18333333333333 ], [ 78.97, 33.18 ], [ 78.973333333333329, 33.18 ], [ 78.973333333333329, 33.176666666666669 ], [ 78.976666666666674, 33.176666666666669 ], [ 78.976666666666674, 33.173333333333332 ], [ 78.98, 33.173333333333332 ], [ 78.98, 33.17 ], [ 78.986666666666665, 33.17 ], [ 78.986666666666665, 33.166666666666664 ], [ 78.99, 33.166666666666664 ], [ 78.99, 33.16 ], [ 78.993333333333339, 33.16 ], [ 78.993333333333339, 33.156666666666666 ], [ 79.0, 33.156666666666666 ], [ 79.0, 33.153333333333336 ], [ 79.006666666666661, 33.153333333333336 ], [ 79.006666666666661, 33.15 ], [ 79.01, 33.15 ], [ 79.01, 33.143333333333331 ], [ 79.013333333333335, 33.143333333333331 ], [ 79.013333333333335, 33.14 ], [ 79.03, 33.14 ], [ 79.03, 33.126666666666665 ], [ 79.033333333333331, 33.126666666666665 ], [ 79.033333333333331, 33.123333333333335 ], [ 79.04, 33.123333333333335 ], [ 79.04, 33.12 ], [ 79.043333333333337, 33.12 ], [ 79.043333333333337, 33.116666666666667 ], [ 79.046666666666667, 33.116666666666667 ], [ 79.046666666666667, 33.11333333333333 ], [ 79.05, 33.11333333333333 ], [ 79.05, 33.11 ], [ 79.06, 33.11 ], [ 79.06, 33.106666666666669 ], [ 79.063333333333333, 33.106666666666669 ], [ 79.063333333333333, 33.1 ], [ 79.066666666666663, 33.1 ], [ 79.066666666666663, 33.093333333333334 ], [ 79.073333333333338, 33.093333333333334 ], [ 79.073333333333338, 33.09 ], [ 79.076666666666668, 33.09 ], [ 79.076666666666668, 33.083333333333336 ], [ 79.08, 33.083333333333336 ], [ 79.08, 33.08 ], [ 79.083333333333329, 33.08 ], [ 79.083333333333329, 33.076666666666668 ], [ 79.086666666666673, 33.076666666666668 ], [ 79.086666666666673, 33.07 ], [ 79.09, 33.07 ], [ 79.09, 33.063333333333333 ], [ 79.093333333333334, 33.063333333333333 ], [ 79.093333333333334, 33.06 ], [ 79.096666666666664, 33.06 ], [ 79.096666666666664, 33.053333333333335 ], [ 79.1, 33.053333333333335 ], [ 79.1, 33.05 ], [ 79.103333333333339, 33.05 ], [ 79.103333333333339, 33.046666666666667 ], [ 79.11, 33.046666666666667 ], [ 79.11, 33.043333333333337 ], [ 79.11333333333333, 33.043333333333337 ], [ 79.11333333333333, 33.04 ], [ 79.116666666666674, 33.04 ], [ 79.116666666666674, 33.036666666666669 ], [ 79.12, 33.036666666666669 ], [ 79.12, 33.033333333333331 ], [ 79.123333333333335, 33.033333333333331 ], [ 79.123333333333335, 33.02 ], [ 79.126666666666665, 33.02 ], [ 79.126666666666665, 32.99666666666667 ], [ 79.13666666666667, 32.99666666666667 ], [ 79.13666666666667, 32.993333333333332 ], [ 79.14, 32.993333333333332 ], [ 79.14, 32.986666666666665 ], [ 79.153333333333336, 32.986666666666665 ], [ 79.153333333333336, 32.983333333333334 ], [ 79.16, 32.983333333333334 ], [ 79.16, 32.966666666666669 ], [ 79.173333333333332, 32.966666666666669 ], [ 79.173333333333332, 32.963333333333331 ], [ 79.163333333333327, 32.963333333333331 ], [ 79.163333333333327, 32.926666666666669 ], [ 79.166666666666671, 32.926666666666669 ], [ 79.166666666666671, 32.923333333333332 ], [ 79.16, 32.923333333333332 ], [ 79.16, 32.92 ], [ 79.153333333333336, 32.92 ], [ 79.153333333333336, 32.906666666666666 ], [ 79.156666666666666, 32.906666666666666 ], [ 79.156666666666666, 32.896666666666668 ], [ 79.16, 32.896666666666668 ], [ 79.16, 32.88666666666667 ], [ 79.163333333333327, 32.88666666666667 ], [ 79.163333333333327, 32.88 ], [ 79.18, 32.88 ], [ 79.18, 32.93333333333333 ], [ 79.183333333333337, 32.93333333333333 ], [ 79.183333333333337, 32.936666666666667 ], [ 79.2, 32.936666666666667 ], [ 79.2, 32.93333333333333 ], [ 79.206666666666663, 32.93333333333333 ], [ 79.206666666666663, 32.93 ], [ 79.21, 32.93 ], [ 79.21, 32.916666666666664 ], [ 79.223333333333329, 32.916666666666664 ], [ 79.223333333333329, 32.92 ], [ 79.226666666666659, 32.92 ], [ 79.226666666666659, 32.916666666666664 ], [ 79.236666666666665, 32.916666666666664 ], [ 79.236666666666665, 32.913333333333334 ], [ 79.243333333333339, 32.913333333333334 ], [ 79.243333333333339, 32.91 ], [ 79.25, 32.91 ], [ 79.25, 32.906666666666666 ], [ 79.25333333333333, 32.906666666666666 ], [ 79.25333333333333, 32.9 ], [ 79.263333333333335, 32.9 ], [ 79.263333333333335, 32.896666666666668 ], [ 79.266666666666666, 32.896666666666668 ], [ 79.266666666666666, 32.883333333333333 ], [ 79.27, 32.883333333333333 ], [ 79.27, 32.88 ], [ 79.273333333333341, 32.88 ], [ 79.273333333333341, 32.876666666666665 ], [ 79.286666666666662, 32.876666666666665 ], [ 79.286666666666662, 32.87 ], [ 79.29, 32.87 ], [ 79.29, 32.86333333333333 ], [ 79.293333333333337, 32.86333333333333 ], [ 79.293333333333337, 32.843333333333334 ], [ 79.296666666666667, 32.843333333333334 ], [ 79.296666666666667, 32.84 ], [ 79.32, 32.84 ], [ 79.32, 32.853333333333332 ], [ 79.316666666666663, 32.853333333333332 ], [ 79.316666666666663, 32.866666666666667 ], [ 79.33, 32.866666666666667 ], [ 79.33, 32.883333333333333 ], [ 79.326666666666668, 32.883333333333333 ], [ 79.326666666666668, 32.89 ], [ 79.323333333333338, 32.89 ], [ 79.323333333333338, 32.913333333333334 ], [ 79.316666666666663, 32.913333333333334 ], [ 79.316666666666663, 32.923333333333332 ], [ 79.303333333333327, 32.923333333333332 ], [ 79.303333333333327, 32.903333333333336 ], [ 79.306666666666672, 32.903333333333336 ], [ 79.306666666666672, 32.896666666666668 ], [ 79.303333333333327, 32.896666666666668 ], [ 79.303333333333327, 32.893333333333331 ], [ 79.293333333333337, 32.893333333333331 ], [ 79.293333333333337, 32.896666666666668 ], [ 79.283333333333331, 32.896666666666668 ], [ 79.283333333333331, 32.9 ], [ 79.28, 32.9 ], [ 79.28, 32.903333333333336 ], [ 79.276666666666671, 32.903333333333336 ], [ 79.276666666666671, 32.91 ], [ 79.273333333333341, 32.91 ], [ 79.273333333333341, 32.916666666666664 ], [ 79.27, 32.916666666666664 ], [ 79.27, 32.93 ], [ 79.26, 32.93 ], [ 79.26, 32.93333333333333 ], [ 79.256666666666661, 32.93333333333333 ], [ 79.256666666666661, 32.94 ], [ 79.24666666666667, 32.94 ], [ 79.24666666666667, 32.943333333333335 ], [ 79.243333333333339, 32.943333333333335 ], [ 79.243333333333339, 32.946666666666665 ], [ 79.24, 32.946666666666665 ], [ 79.24, 32.95 ], [ 79.236666666666665, 32.95 ], [ 79.236666666666665, 32.953333333333333 ], [ 79.23, 32.953333333333333 ], [ 79.23, 32.956666666666663 ], [ 79.223333333333329, 32.956666666666663 ], [ 79.223333333333329, 32.966666666666669 ], [ 79.216666666666669, 32.966666666666669 ], [ 79.216666666666669, 32.97 ], [ 79.213333333333338, 32.97 ], [ 79.213333333333338, 32.976666666666667 ], [ 79.216666666666669, 32.976666666666667 ], [ 79.216666666666669, 32.973333333333336 ], [ 79.226666666666659, 32.973333333333336 ], [ 79.226666666666659, 32.97 ], [ 79.23, 32.97 ], [ 79.23, 32.966666666666669 ], [ 79.243333333333339, 32.966666666666669 ], [ 79.243333333333339, 32.96 ], [ 79.25, 32.96 ], [ 79.25, 32.956666666666663 ], [ 79.26, 32.956666666666663 ], [ 79.26, 32.953333333333333 ], [ 79.263333333333335, 32.953333333333333 ], [ 79.263333333333335, 32.943333333333335 ], [ 79.27, 32.943333333333335 ], [ 79.27, 32.94 ], [ 79.286666666666662, 32.94 ], [ 79.286666666666662, 32.93 ], [ 79.29, 32.93 ], [ 79.29, 32.926666666666669 ], [ 79.31, 32.926666666666669 ], [ 79.31, 32.936666666666667 ], [ 79.323333333333338, 32.936666666666667 ], [ 79.323333333333338, 32.95 ], [ 79.31, 32.95 ], [ 79.31, 32.94 ], [ 79.303333333333327, 32.94 ], [ 79.303333333333327, 32.943333333333335 ], [ 79.3, 32.943333333333335 ], [ 79.3, 32.946666666666665 ], [ 79.293333333333337, 32.946666666666665 ], [ 79.293333333333337, 32.966666666666669 ], [ 79.29, 32.966666666666669 ], [ 79.29, 32.97 ], [ 79.283333333333331, 32.97 ], [ 79.283333333333331, 32.973333333333336 ], [ 79.28, 32.973333333333336 ], [ 79.28, 32.976666666666667 ], [ 79.263333333333335, 32.976666666666667 ], [ 79.263333333333335, 32.98 ], [ 79.256666666666661, 32.98 ], [ 79.256666666666661, 32.993333333333332 ], [ 79.24666666666667, 32.993333333333332 ], [ 79.24666666666667, 33.0 ], [ 79.24, 33.0 ], [ 79.24, 33.00333333333333 ], [ 79.236666666666665, 33.00333333333333 ], [ 79.236666666666665, 33.006666666666668 ], [ 79.233333333333334, 33.006666666666668 ], [ 79.233333333333334, 33.01 ], [ 79.236666666666665, 33.01 ], [ 79.236666666666665, 33.013333333333335 ], [ 79.24666666666667, 33.013333333333335 ], [ 79.24666666666667, 33.026666666666664 ], [ 79.223333333333329, 33.026666666666664 ], [ 79.223333333333329, 33.023333333333333 ], [ 79.213333333333338, 33.023333333333333 ], [ 79.213333333333338, 33.026666666666664 ], [ 79.203333333333333, 33.026666666666664 ], [ 79.203333333333333, 33.03 ], [ 79.2, 33.03 ], [ 79.2, 33.036666666666669 ], [ 79.196666666666673, 33.036666666666669 ], [ 79.196666666666673, 33.04 ], [ 79.19, 33.04 ], [ 79.19, 33.05 ], [ 79.186666666666667, 33.05 ], [ 79.186666666666667, 33.053333333333335 ], [ 79.183333333333337, 33.053333333333335 ], [ 79.183333333333337, 33.056666666666665 ], [ 79.18, 33.056666666666665 ], [ 79.18, 33.063333333333333 ], [ 79.203333333333333, 33.063333333333333 ], [ 79.203333333333333, 33.06 ], [ 79.22, 33.06 ], [ 79.22, 33.056666666666665 ], [ 79.233333333333334, 33.056666666666665 ], [ 79.233333333333334, 33.053333333333335 ], [ 79.256666666666661, 33.053333333333335 ], [ 79.256666666666661, 33.036666666666669 ], [ 79.276666666666671, 33.036666666666669 ], [ 79.276666666666671, 33.053333333333335 ], [ 79.273333333333341, 33.053333333333335 ], [ 79.273333333333341, 33.056666666666665 ], [ 79.256666666666661, 33.056666666666665 ], [ 79.256666666666661, 33.06666666666667 ], [ 79.25333333333333, 33.06666666666667 ], [ 79.25333333333333, 33.07 ], [ 79.243333333333339, 33.07 ], [ 79.243333333333339, 33.073333333333331 ], [ 79.24, 33.073333333333331 ], [ 79.24, 33.076666666666668 ], [ 79.23, 33.076666666666668 ], [ 79.23, 33.08 ], [ 79.226666666666659, 33.08 ], [ 79.226666666666659, 33.083333333333336 ], [ 79.216666666666669, 33.083333333333336 ], [ 79.216666666666669, 33.086666666666666 ], [ 79.2, 33.086666666666666 ], [ 79.2, 33.083333333333336 ], [ 79.196666666666673, 33.083333333333336 ], [ 79.196666666666673, 33.08 ], [ 79.186666666666667, 33.08 ], [ 79.186666666666667, 33.09 ], [ 79.19, 33.09 ], [ 79.19, 33.106666666666669 ], [ 79.186666666666667, 33.106666666666669 ], [ 79.186666666666667, 33.11 ], [ 79.18, 33.11 ], [ 79.18, 33.11333333333333 ], [ 79.156666666666666, 33.11333333333333 ], [ 79.156666666666666, 33.11 ], [ 79.153333333333336, 33.11 ], [ 79.153333333333336, 33.106666666666669 ], [ 79.14, 33.106666666666669 ], [ 79.14, 33.11 ], [ 79.123333333333335, 33.11 ], [ 79.123333333333335, 33.11333333333333 ], [ 79.116666666666674, 33.11333333333333 ], [ 79.116666666666674, 33.116666666666667 ], [ 79.11, 33.116666666666667 ], [ 79.11, 33.12 ], [ 79.103333333333339, 33.12 ], [ 79.103333333333339, 33.123333333333335 ], [ 79.1, 33.123333333333335 ], [ 79.1, 33.126666666666665 ], [ 79.096666666666664, 33.126666666666665 ], [ 79.096666666666664, 33.13 ], [ 79.093333333333334, 33.13 ], [ 79.093333333333334, 33.136666666666663 ], [ 79.09, 33.136666666666663 ], [ 79.09, 33.14 ], [ 79.083333333333329, 33.14 ], [ 79.083333333333329, 33.143333333333331 ], [ 79.076666666666668, 33.143333333333331 ], [ 79.076666666666668, 33.146666666666668 ], [ 79.073333333333338, 33.146666666666668 ], [ 79.073333333333338, 33.15 ], [ 79.07, 33.15 ], [ 79.07, 33.156666666666666 ], [ 79.066666666666663, 33.156666666666666 ], [ 79.066666666666663, 33.16 ], [ 79.056666666666672, 33.16 ], [ 79.056666666666672, 33.163333333333334 ], [ 79.053333333333327, 33.163333333333334 ], [ 79.053333333333327, 33.166666666666664 ], [ 79.05, 33.166666666666664 ], [ 79.05, 33.17 ], [ 79.043333333333337, 33.17 ], [ 79.043333333333337, 33.18333333333333 ], [ 79.023333333333341, 33.18333333333333 ], [ 79.023333333333341, 33.186666666666667 ], [ 79.02, 33.186666666666667 ], [ 79.02, 33.19 ], [ 79.016666666666666, 33.19 ], [ 79.016666666666666, 33.193333333333335 ], [ 79.01, 33.193333333333335 ], [ 79.01, 33.196666666666665 ], [ 79.006666666666661, 33.196666666666665 ], [ 79.006666666666661, 33.2 ], [ 79.00333333333333, 33.2 ], [ 79.00333333333333, 33.21 ], [ 79.0, 33.21 ], [ 79.0, 33.213333333333331 ], [ 78.986666666666665, 33.213333333333331 ], [ 78.986666666666665, 33.216666666666669 ], [ 78.98, 33.216666666666669 ], [ 78.98, 33.22 ], [ 78.976666666666674, 33.22 ], [ 78.976666666666674, 33.223333333333336 ], [ 78.973333333333329, 33.223333333333336 ], [ 78.973333333333329, 33.226666666666667 ], [ 78.966666666666669, 33.226666666666667 ], [ 78.966666666666669, 33.23 ], [ 78.96, 33.23 ], [ 78.96, 33.233333333333334 ], [ 78.956666666666663, 33.233333333333334 ], [ 78.956666666666663, 33.24 ], [ 78.953333333333333, 33.24 ], [ 78.953333333333333, 33.25 ], [ 78.95, 33.25 ], [ 78.95, 33.25333333333333 ], [ 78.946666666666673, 33.25333333333333 ], [ 78.946666666666673, 33.276666666666664 ], [ 78.933333333333337, 33.276666666666664 ], [ 78.933333333333337, 33.28 ], [ 78.926666666666662, 33.28 ], [ 78.926666666666662, 33.283333333333331 ], [ 78.92, 33.283333333333331 ], [ 78.92, 33.286666666666669 ], [ 78.916666666666671, 33.286666666666669 ], [ 78.916666666666671, 33.29 ], [ 78.913333333333327, 33.29 ], [ 78.913333333333327, 33.293333333333337 ], [ 78.91, 33.293333333333337 ], [ 78.91, 33.296666666666667 ], [ 78.906666666666666, 33.296666666666667 ], [ 78.906666666666666, 33.3 ], [ 78.903333333333336, 33.3 ], [ 78.903333333333336, 33.303333333333335 ], [ 78.9, 33.303333333333335 ], [ 78.9, 33.31666666666667 ], [ 78.88666666666667, 33.31666666666667 ] ], [ [ 79.03, 33.156666666666666 ], [ 79.033333333333331, 33.156666666666666 ], [ 79.033333333333331, 33.153333333333336 ], [ 79.03, 33.153333333333336 ], [ 79.03, 33.156666666666666 ] ], [ [ 79.033333333333331, 33.153333333333336 ], [ 79.04, 33.153333333333336 ], [ 79.04, 33.15 ], [ 79.043333333333337, 33.15 ], [ 79.043333333333337, 33.146666666666668 ], [ 79.046666666666667, 33.146666666666668 ], [ 79.046666666666667, 33.143333333333331 ], [ 79.033333333333331, 33.143333333333331 ], [ 79.033333333333331, 33.153333333333336 ] ], [ [ 79.046666666666667, 33.143333333333331 ], [ 79.05, 33.143333333333331 ], [ 79.05, 33.14 ], [ 79.046666666666667, 33.14 ], [ 79.046666666666667, 33.143333333333331 ] ] ] } },
{ "type": "Feature", "properties": { "site_id": "SAFE-SITE-046", "cci_score": 91.199996948242188, "area_sqkm": 20.09, "capacity_families": 1607, "capacity_persons": 8035, "suitability_tier": "Optimal Prime Site (CCI ≥ 75)" }, "geometry": { "type": "Polygon", "coordinates": [ [ [ 78.89, 32.85 ], [ 78.89, 32.846666666666664 ], [ 78.88666666666667, 32.846666666666664 ], [ 78.88666666666667, 32.843333333333334 ], [ 78.88333333333334, 32.843333333333334 ], [ 78.88333333333334, 32.836666666666666 ], [ 78.88, 32.836666666666666 ], [ 78.88, 32.833333333333336 ], [ 78.873333333333335, 32.833333333333336 ], [ 78.873333333333335, 32.83 ], [ 78.856666666666669, 32.83 ], [ 78.856666666666669, 32.81 ], [ 78.86333333333333, 32.81 ], [ 78.86333333333333, 32.806666666666665 ], [ 78.88, 32.806666666666665 ], [ 78.88, 32.803333333333335 ], [ 78.88333333333334, 32.803333333333335 ], [ 78.88333333333334, 32.8 ], [ 78.903333333333336, 32.8 ], [ 78.903333333333336, 32.803333333333335 ], [ 78.906666666666666, 32.803333333333335 ], [ 78.906666666666666, 32.806666666666665 ], [ 78.913333333333327, 32.806666666666665 ], [ 78.913333333333327, 32.81 ], [ 78.916666666666671, 32.81 ], [ 78.916666666666671, 32.826666666666668 ], [ 78.9, 32.826666666666668 ], [ 78.9, 32.83 ], [ 78.906666666666666, 32.83 ], [ 78.906666666666666, 32.843333333333334 ], [ 78.903333333333336, 32.843333333333334 ], [ 78.903333333333336, 32.85 ], [ 78.89, 32.85 ] ] ] } },
{ "type": "Feature", "properties": { "site_id": "SAFE-SITE-047", "cci_score": 91.199996948242188, "area_sqkm": 335.49, "capacity_families": 26839, "capacity_persons": 134195, "suitability_tier": "Optimal Prime Site (CCI ≥ 75)" }, "geometry": { "type": "Polygon", "coordinates": [ [ [ 79.38666666666667, 33.013333333333335 ], [ 79.38666666666667, 33.01 ], [ 79.37, 33.01 ], [ 79.37, 32.993333333333332 ], [ 79.36333333333333, 32.993333333333332 ], [ 79.36333333333333, 32.99 ], [ 79.356666666666669, 32.99 ], [ 79.356666666666669, 32.976666666666667 ], [ 79.373333333333335, 32.976666666666667 ], [ 79.373333333333335, 32.973333333333336 ], [ 79.376666666666665, 32.973333333333336 ], [ 79.376666666666665, 32.963333333333331 ], [ 79.38, 32.963333333333331 ], [ 79.38, 32.96 ], [ 79.38333333333334, 32.96 ], [ 79.38333333333334, 32.95 ], [ 79.396666666666661, 32.95 ], [ 79.396666666666661, 32.953333333333333 ], [ 79.4, 32.953333333333333 ], [ 79.4, 32.956666666666663 ], [ 79.41, 32.956666666666663 ], [ 79.41, 32.953333333333333 ], [ 79.413333333333327, 32.953333333333333 ], [ 79.413333333333327, 32.95 ], [ 79.416666666666671, 32.95 ], [ 79.416666666666671, 32.943333333333335 ], [ 79.42, 32.943333333333335 ], [ 79.42, 32.94 ], [ 79.426666666666662, 32.94 ], [ 79.426666666666662, 32.93333333333333 ], [ 79.43, 32.93333333333333 ], [ 79.43, 32.92 ], [ 79.446666666666673, 32.92 ], [ 79.446666666666673, 32.916666666666664 ], [ 79.45, 32.916666666666664 ], [ 79.45, 32.913333333333334 ], [ 79.456666666666663, 32.913333333333334 ], [ 79.456666666666663, 32.91 ], [ 79.466666666666669, 32.91 ], [ 79.466666666666669, 32.906666666666666 ], [ 79.47, 32.906666666666666 ], [ 79.47, 32.903333333333336 ], [ 79.473333333333329, 32.903333333333336 ], [ 79.473333333333329, 32.9 ], [ 79.476666666666659, 32.9 ], [ 79.476666666666659, 32.896666666666668 ], [ 79.483333333333334, 32.896666666666668 ], [ 79.483333333333334, 32.893333333333331 ], [ 79.486666666666665, 32.893333333333331 ], [ 79.486666666666665, 32.88666666666667 ], [ 79.50333333333333, 32.88666666666667 ], [ 79.50333333333333, 32.883333333333333 ], [ 79.506666666666661, 32.883333333333333 ], [ 79.506666666666661, 32.88 ], [ 79.50333333333333, 32.88 ], [ 79.50333333333333, 32.873333333333335 ], [ 79.5, 32.873333333333335 ], [ 79.5, 32.87 ], [ 79.49666666666667, 32.87 ], [ 79.49666666666667, 32.853333333333332 ], [ 79.523333333333341, 32.853333333333332 ], [ 79.523333333333341, 32.856666666666669 ], [ 79.526666666666671, 32.856666666666669 ], [ 79.526666666666671, 32.86 ], [ 79.543333333333337, 32.86 ], [ 79.543333333333337, 32.866666666666667 ], [ 79.546666666666667, 32.866666666666667 ], [ 79.546666666666667, 32.87 ], [ 79.56, 32.87 ], [ 79.56, 32.873333333333335 ], [ 79.573333333333338, 32.873333333333335 ], [ 79.573333333333338, 32.86 ], [ 79.566666666666663, 32.86 ], [ 79.566666666666663, 32.846666666666664 ], [ 79.573333333333338, 32.846666666666664 ], [ 79.573333333333338, 32.83 ], [ 79.566666666666663, 32.83 ], [ 79.566666666666663, 32.826666666666668 ], [ 79.56, 32.826666666666668 ], [ 79.56, 32.823333333333331 ], [ 79.553333333333327, 32.823333333333331 ], [ 79.553333333333327, 32.816666666666663 ], [ 79.536666666666662, 32.816666666666663 ], [ 79.536666666666662, 32.82 ], [ 79.523333333333341, 32.82 ], [ 79.523333333333341, 32.806666666666665 ], [ 79.526666666666671, 32.806666666666665 ], [ 79.526666666666671, 32.803333333333335 ], [ 79.533333333333331, 32.803333333333335 ], [ 79.533333333333331, 32.8 ], [ 79.536666666666662, 32.8 ], [ 79.536666666666662, 32.796666666666667 ], [ 79.543333333333337, 32.796666666666667 ], [ 79.543333333333337, 32.793333333333337 ], [ 79.556666666666672, 32.793333333333337 ], [ 79.556666666666672, 32.81 ], [ 79.563333333333333, 32.81 ], [ 79.563333333333333, 32.806666666666665 ], [ 79.57, 32.806666666666665 ], [ 79.57, 32.8 ], [ 79.573333333333338, 32.8 ], [ 79.573333333333338, 32.796666666666667 ], [ 79.57, 32.796666666666667 ], [ 79.57, 32.776666666666664 ], [ 79.573333333333338, 32.776666666666664 ], [ 79.573333333333338, 32.773333333333333 ], [ 79.59, 32.773333333333333 ], [ 79.59, 32.77 ], [ 79.593333333333334, 32.77 ], [ 79.593333333333334, 32.76 ], [ 79.61, 32.76 ], [ 79.61, 32.783333333333331 ], [ 79.606666666666669, 32.783333333333331 ], [ 79.606666666666669, 32.796666666666667 ], [ 79.603333333333339, 32.796666666666667 ], [ 79.603333333333339, 32.8 ], [ 79.6, 32.8 ], [ 79.6, 32.803333333333335 ], [ 79.596666666666664, 32.803333333333335 ], [ 79.596666666666664, 32.813333333333333 ], [ 79.593333333333334, 32.813333333333333 ], [ 79.593333333333334, 32.816666666666663 ], [ 79.603333333333339, 32.816666666666663 ], [ 79.603333333333339, 32.82 ], [ 79.61, 32.82 ], [ 79.61, 32.823333333333331 ], [ 79.61333333333333, 32.823333333333331 ], [ 79.61333333333333, 32.813333333333333 ], [ 79.62, 32.813333333333333 ], [ 79.62, 32.81 ], [ 79.623333333333335, 32.81 ], [ 79.623333333333335, 32.79 ], [ 79.626666666666665, 32.79 ], [ 79.626666666666665, 32.786666666666669 ], [ 79.63, 32.786666666666669 ], [ 79.63, 32.783333333333331 ], [ 79.63333333333334, 32.783333333333331 ], [ 79.63333333333334, 32.78 ], [ 79.646666666666661, 32.78 ], [ 79.646666666666661, 32.79 ], [ 79.65, 32.79 ], [ 79.65, 32.793333333333337 ], [ 79.656666666666666, 32.793333333333337 ], [ 79.656666666666666, 32.796666666666667 ], [ 79.666666666666671, 32.796666666666667 ], [ 79.666666666666671, 32.81 ], [ 79.66, 32.81 ], [ 79.66, 32.813333333333333 ], [ 79.656666666666666, 32.813333333333333 ], [ 79.656666666666666, 32.82 ], [ 79.653333333333336, 32.82 ], [ 79.653333333333336, 32.823333333333331 ], [ 79.65, 32.823333333333331 ], [ 79.65, 32.826666666666668 ], [ 79.64, 32.826666666666668 ], [ 79.64, 32.83 ], [ 79.63666666666667, 32.83 ], [ 79.63666666666667, 32.85 ], [ 79.63, 32.85 ], [ 79.63, 32.86 ], [ 79.62, 32.86 ], [ 79.62, 32.86333333333333 ], [ 79.616666666666674, 32.86333333333333 ], [ 79.616666666666674, 32.866666666666667 ], [ 79.61333333333333, 32.866666666666667 ], [ 79.61333333333333, 32.87 ], [ 79.616666666666674, 32.87 ], [ 79.616666666666674, 32.873333333333335 ], [ 79.626666666666665, 32.873333333333335 ], [ 79.626666666666665, 32.87 ], [ 79.63333333333334, 32.87 ], [ 79.63333333333334, 32.86 ], [ 79.646666666666661, 32.86 ], [ 79.646666666666661, 32.873333333333335 ], [ 79.64, 32.873333333333335 ], [ 79.64, 32.883333333333333 ], [ 79.643333333333331, 32.883333333333333 ], [ 79.643333333333331, 32.88666666666667 ], [ 79.646666666666661, 32.88666666666667 ], [ 79.646666666666661, 32.89 ], [ 79.653333333333336, 32.89 ], [ 79.653333333333336, 32.893333333333331 ], [ 79.67, 32.893333333333331 ], [ 79.67, 32.89 ], [ 79.676666666666662, 32.89 ], [ 79.676666666666662, 32.883333333333333 ], [ 79.68, 32.883333333333333 ], [ 79.68, 32.873333333333335 ], [ 79.683333333333337, 32.873333333333335 ], [ 79.683333333333337, 32.866666666666667 ], [ 79.686666666666667, 32.866666666666667 ], [ 79.686666666666667, 32.86 ], [ 79.7, 32.86 ], [ 79.7, 32.876666666666665 ], [ 79.696666666666673, 32.876666666666665 ], [ 79.696666666666673, 32.88 ], [ 79.7, 32.88 ], [ 79.7, 32.88666666666667 ], [ 79.713333333333338, 32.88666666666667 ], [ 79.713333333333338, 32.9 ], [ 79.716666666666669, 32.9 ], [ 79.716666666666669, 32.903333333333336 ], [ 79.74666666666667, 32.903333333333336 ], [ 79.74666666666667, 32.9 ], [ 79.75, 32.9 ], [ 79.75, 32.896666666666668 ], [ 79.75333333333333, 32.896666666666668 ], [ 79.75333333333333, 32.89 ], [ 79.76, 32.89 ], [ 79.76, 32.88666666666667 ], [ 79.77, 32.88666666666667 ], [ 79.77, 32.883333333333333 ], [ 79.773333333333341, 32.883333333333333 ], [ 79.773333333333341, 32.88 ], [ 79.776666666666671, 32.88 ], [ 79.776666666666671, 32.873333333333335 ], [ 79.773333333333341, 32.873333333333335 ], [ 79.773333333333341, 32.86 ], [ 79.776666666666671, 32.86 ], [ 79.776666666666671, 32.853333333333332 ], [ 79.79, 32.853333333333332 ], [ 79.79, 32.86333333333333 ], [ 79.793333333333337, 32.86333333333333 ], [ 79.793333333333337, 32.866666666666667 ], [ 79.8, 32.866666666666667 ], [ 79.8, 32.87 ], [ 79.81, 32.87 ], [ 79.81, 32.883333333333333 ], [ 79.803333333333327, 32.883333333333333 ], [ 79.803333333333327, 32.88666666666667 ], [ 79.8, 32.88666666666667 ], [ 79.8, 32.893333333333331 ], [ 79.796666666666667, 32.893333333333331 ], [ 79.796666666666667, 32.896666666666668 ], [ 79.793333333333337, 32.896666666666668 ], [ 79.793333333333337, 32.9 ], [ 79.79, 32.9 ], [ 79.79, 32.906666666666666 ], [ 79.793333333333337, 32.906666666666666 ], [ 79.793333333333337, 32.93 ], [ 79.796666666666667, 32.93 ], [ 79.796666666666667, 32.93333333333333 ], [ 79.8, 32.93333333333333 ], [ 79.8, 32.946666666666665 ], [ 79.813333333333333, 32.946666666666665 ], [ 79.813333333333333, 32.95 ], [ 79.816666666666663, 32.95 ], [ 79.816666666666663, 32.97 ], [ 79.813333333333333, 32.97 ], [ 79.813333333333333, 32.973333333333336 ], [ 79.81, 32.973333333333336 ], [ 79.81, 32.983333333333334 ], [ 79.793333333333337, 32.983333333333334 ], [ 79.793333333333337, 32.976666666666667 ], [ 79.79, 32.976666666666667 ], [ 79.79, 32.96 ], [ 79.793333333333337, 32.96 ], [ 79.793333333333337, 32.956666666666663 ], [ 79.796666666666667, 32.956666666666663 ], [ 79.796666666666667, 32.946666666666665 ], [ 79.783333333333331, 32.946666666666665 ], [ 79.783333333333331, 32.936666666666667 ], [ 79.78, 32.936666666666667 ], [ 79.78, 32.93333333333333 ], [ 79.773333333333341, 32.93333333333333 ], [ 79.773333333333341, 32.923333333333332 ], [ 79.77, 32.923333333333332 ], [ 79.77, 32.92 ], [ 79.766666666666666, 32.92 ], [ 79.766666666666666, 32.916666666666664 ], [ 79.75, 32.916666666666664 ], [ 79.75, 32.92 ], [ 79.73, 32.92 ], [ 79.73, 32.916666666666664 ], [ 79.716666666666669, 32.916666666666664 ], [ 79.716666666666669, 32.913333333333334 ], [ 79.706666666666663, 32.913333333333334 ], [ 79.706666666666663, 32.916666666666664 ], [ 79.7, 32.916666666666664 ], [ 79.7, 32.923333333333332 ], [ 79.686666666666667, 32.923333333333332 ], [ 79.686666666666667, 32.936666666666667 ], [ 79.683333333333337, 32.936666666666667 ], [ 79.683333333333337, 32.94 ], [ 79.67, 32.94 ], [ 79.67, 32.93333333333333 ], [ 79.666666666666671, 32.93333333333333 ], [ 79.666666666666671, 32.91 ], [ 79.643333333333331, 32.91 ], [ 79.643333333333331, 32.906666666666666 ], [ 79.623333333333335, 32.906666666666666 ], [ 79.623333333333335, 32.91 ], [ 79.62, 32.91 ], [ 79.62, 32.913333333333334 ], [ 79.616666666666674, 32.913333333333334 ], [ 79.616666666666674, 32.92 ], [ 79.62, 32.92 ], [ 79.62, 32.93333333333333 ], [ 79.603333333333339, 32.93333333333333 ], [ 79.603333333333339, 32.93 ], [ 79.6, 32.93 ], [ 79.6, 32.923333333333332 ], [ 79.596666666666664, 32.923333333333332 ], [ 79.596666666666664, 32.92 ], [ 79.593333333333334, 32.92 ], [ 79.593333333333334, 32.916666666666664 ], [ 79.59, 32.916666666666664 ], [ 79.59, 32.913333333333334 ], [ 79.58, 32.913333333333334 ], [ 79.58, 32.916666666666664 ], [ 79.573333333333338, 32.916666666666664 ], [ 79.573333333333338, 32.92 ], [ 79.57, 32.92 ], [ 79.57, 32.926666666666669 ], [ 79.566666666666663, 32.926666666666669 ], [ 79.566666666666663, 32.936666666666667 ], [ 79.56, 32.936666666666667 ], [ 79.56, 32.946666666666665 ], [ 79.556666666666672, 32.946666666666665 ], [ 79.556666666666672, 32.95 ], [ 79.553333333333327, 32.95 ], [ 79.553333333333327, 32.953333333333333 ], [ 79.54, 32.953333333333333 ], [ 79.54, 32.95 ], [ 79.536666666666662, 32.95 ], [ 79.536666666666662, 32.946666666666665 ], [ 79.533333333333331, 32.946666666666665 ], [ 79.533333333333331, 32.94 ], [ 79.53, 32.94 ], [ 79.53, 32.943333333333335 ], [ 79.526666666666671, 32.943333333333335 ], [ 79.526666666666671, 32.95 ], [ 79.523333333333341, 32.95 ], [ 79.523333333333341, 32.953333333333333 ], [ 79.493333333333339, 32.953333333333333 ], [ 79.493333333333339, 32.956666666666663 ], [ 79.49, 32.956666666666663 ], [ 79.49, 32.96 ], [ 79.48, 32.96 ], [ 79.48, 32.963333333333331 ], [ 79.476666666666659, 32.963333333333331 ], [ 79.476666666666659, 32.976666666666667 ], [ 79.463333333333338, 32.976666666666667 ], [ 79.463333333333338, 32.973333333333336 ], [ 79.46, 32.973333333333336 ], [ 79.46, 32.976666666666667 ], [ 79.456666666666663, 32.976666666666667 ], [ 79.456666666666663, 32.98 ], [ 79.453333333333333, 32.98 ], [ 79.453333333333333, 33.0 ], [ 79.44, 33.0 ], [ 79.44, 32.99666666666667 ], [ 79.436666666666667, 32.99666666666667 ], [ 79.436666666666667, 32.993333333333332 ], [ 79.416666666666671, 32.993333333333332 ], [ 79.416666666666671, 32.99666666666667 ], [ 79.413333333333327, 32.99666666666667 ], [ 79.413333333333327, 33.00333333333333 ], [ 79.41, 33.00333333333333 ], [ 79.41, 33.006666666666668 ], [ 79.406666666666666, 33.006666666666668 ], [ 79.406666666666666, 33.01 ], [ 79.403333333333336, 33.01 ], [ 79.403333333333336, 33.013333333333335 ], [ 79.38666666666667, 33.013333333333335 ] ] ] } },
{ "type": "Feature", "properties": { "site_id": "SAFE-SITE-048", "cci_score": 91.199996948242188, "area_sqkm": 18.81, "capacity_families": 1505, "capacity_persons": 7525, "suitability_tier": "Optimal Prime Site (CCI ≥ 75)" }, "geometry": { "type": "Polygon", "coordinates": [ [ [ 79.68, 32.79 ], [ 79.68, 32.78 ], [ 79.676666666666662, 32.78 ], [ 79.676666666666662, 32.77 ], [ 79.67, 32.77 ], [ 79.67, 32.756666666666668 ], [ 79.68, 32.756666666666668 ], [ 79.68, 32.75333333333333 ], [ 79.696666666666673, 32.75333333333333 ], [ 79.696666666666673, 32.75 ], [ 79.7, 32.75 ], [ 79.7, 32.743333333333332 ], [ 79.713333333333338, 32.743333333333332 ], [ 79.713333333333338, 32.74666666666667 ], [ 79.716666666666669, 32.74666666666667 ], [ 79.716666666666669, 32.763333333333335 ], [ 79.72, 32.763333333333335 ], [ 79.72, 32.766666666666666 ], [ 79.73, 32.766666666666666 ], [ 79.73, 32.78 ], [ 79.726666666666659, 32.78 ], [ 79.726666666666659, 32.783333333333331 ], [ 79.72, 32.783333333333331 ], [ 79.72, 32.786666666666669 ], [ 79.706666666666663, 32.786666666666669 ], [ 79.706666666666663, 32.783333333333331 ], [ 79.696666666666673, 32.783333333333331 ], [ 79.696666666666673, 32.786666666666669 ], [ 79.693333333333328, 32.786666666666669 ], [ 79.693333333333328, 32.79 ], [ 79.68, 32.79 ] ] ] } },
{ "type": "Feature", "properties": { "site_id": "SAFE-SITE-049", "cci_score": 91.199996948242188, "area_sqkm": 36.35, "capacity_families": 2907, "capacity_persons": 14535, "suitability_tier": "Optimal Prime Site (CCI ≥ 75)" }, "geometry": { "type": "Polygon", "coordinates": [ [ [ 79.773333333333341, 32.843333333333334 ], [ 79.773333333333341, 32.84 ], [ 79.766666666666666, 32.84 ], [ 79.766666666666666, 32.826666666666668 ], [ 79.776666666666671, 32.826666666666668 ], [ 79.776666666666671, 32.823333333333331 ], [ 79.78, 32.823333333333331 ], [ 79.78, 32.816666666666663 ], [ 79.776666666666671, 32.816666666666663 ], [ 79.776666666666671, 32.803333333333335 ], [ 79.78, 32.803333333333335 ], [ 79.78, 32.8 ], [ 79.783333333333331, 32.8 ], [ 79.783333333333331, 32.796666666666667 ], [ 79.78, 32.796666666666667 ], [ 79.78, 32.78 ], [ 79.776666666666671, 32.78 ], [ 79.776666666666671, 32.776666666666664 ], [ 79.763333333333335, 32.776666666666664 ], [ 79.763333333333335, 32.76 ], [ 79.766666666666666, 32.76 ], [ 79.766666666666666, 32.756666666666668 ], [ 79.77, 32.756666666666668 ], [ 79.77, 32.75333333333333 ], [ 79.773333333333341, 32.75333333333333 ], [ 79.773333333333341, 32.75 ], [ 79.76, 32.75 ], [ 79.76, 32.756666666666668 ], [ 79.743333333333339, 32.756666666666668 ], [ 79.743333333333339, 32.75333333333333 ], [ 79.74, 32.75333333333333 ], [ 79.74, 32.74 ], [ 79.75333333333333, 32.74 ], [ 79.75333333333333, 32.736666666666665 ], [ 79.773333333333341, 32.736666666666665 ], [ 79.773333333333341, 32.74666666666667 ], [ 79.78, 32.74666666666667 ], [ 79.78, 32.743333333333332 ], [ 79.783333333333331, 32.743333333333332 ], [ 79.783333333333331, 32.74 ], [ 79.786666666666662, 32.74 ], [ 79.786666666666662, 32.736666666666665 ], [ 79.8, 32.736666666666665 ], [ 79.8, 32.74 ], [ 79.803333333333327, 32.74 ], [ 79.803333333333327, 32.75333333333333 ], [ 79.8, 32.75333333333333 ], [ 79.8, 32.756666666666668 ], [ 79.796666666666667, 32.756666666666668 ], [ 79.796666666666667, 32.76 ], [ 79.793333333333337, 32.76 ], [ 79.793333333333337, 32.77 ], [ 79.796666666666667, 32.77 ], [ 79.796666666666667, 32.773333333333333 ], [ 79.8, 32.773333333333333 ], [ 79.8, 32.79 ], [ 79.803333333333327, 32.79 ], [ 79.803333333333327, 32.793333333333337 ], [ 79.81, 32.793333333333337 ], [ 79.81, 32.813333333333333 ], [ 79.813333333333333, 32.813333333333333 ], [ 79.813333333333333, 32.826666666666668 ], [ 79.8, 32.826666666666668 ], [ 79.8, 32.83 ], [ 79.793333333333337, 32.83 ], [ 79.793333333333337, 32.833333333333336 ], [ 79.79, 32.833333333333336 ], [ 79.79, 32.836666666666666 ], [ 79.786666666666662, 32.836666666666666 ], [ 79.786666666666662, 32.843333333333334 ], [ 79.773333333333341, 32.843333333333334 ] ] ] } },
{ "type": "Feature", "properties": { "site_id": "SAFE-SITE-050", "cci_score": 91.199996948242188, "area_sqkm": 196.95, "capacity_families": 15756, "capacity_persons": 78780, "suitability_tier": "Optimal Prime Site (CCI ≥ 75)" }, "geometry": { "type": "Polygon", "coordinates": [ [ [ 78.276666666666671, 33.043333333333337 ], [ 78.276666666666671, 33.04 ], [ 78.273333333333341, 33.04 ], [ 78.273333333333341, 33.033333333333331 ], [ 78.27, 33.033333333333331 ], [ 78.27, 33.02 ], [ 78.266666666666666, 33.02 ], [ 78.266666666666666, 33.013333333333335 ], [ 78.263333333333335, 33.013333333333335 ], [ 78.263333333333335, 32.993333333333332 ], [ 78.266666666666666, 32.993333333333332 ], [ 78.266666666666666, 32.956666666666663 ], [ 78.27, 32.956666666666663 ], [ 78.27, 32.95 ], [ 78.273333333333341, 32.95 ], [ 78.273333333333341, 32.946666666666665 ], [ 78.27, 32.946666666666665 ], [ 78.27, 32.93333333333333 ], [ 78.273333333333341, 32.93333333333333 ], [ 78.273333333333341, 32.926666666666669 ], [ 78.276666666666671, 32.926666666666669 ], [ 78.276666666666671, 32.92 ], [ 78.28, 32.92 ], [ 78.28, 32.913333333333334 ], [ 78.283333333333331, 32.913333333333334 ], [ 78.283333333333331, 32.896666666666668 ], [ 78.28, 32.896666666666668 ], [ 78.28, 32.853333333333332 ], [ 78.283333333333331, 32.853333333333332 ], [ 78.283333333333331, 32.843333333333334 ], [ 78.286666666666662, 32.843333333333334 ], [ 78.286666666666662, 32.836666666666666 ], [ 78.29, 32.836666666666666 ], [ 78.29, 32.826666666666668 ], [ 78.293333333333337, 32.826666666666668 ], [ 78.293333333333337, 32.82 ], [ 78.296666666666667, 32.82 ], [ 78.296666666666667, 32.81 ], [ 78.3, 32.81 ], [ 78.3, 32.796666666666667 ], [ 78.303333333333327, 32.796666666666667 ], [ 78.303333333333327, 32.79 ], [ 78.306666666666672, 32.79 ], [ 78.306666666666672, 32.783333333333331 ], [ 78.31, 32.783333333333331 ], [ 78.31, 32.773333333333333 ], [ 78.313333333333333, 32.773333333333333 ], [ 78.313333333333333, 32.766666666666666 ], [ 78.316666666666663, 32.766666666666666 ], [ 78.316666666666663, 32.756666666666668 ], [ 78.32, 32.756666666666668 ], [ 78.32, 32.75333333333333 ], [ 78.323333333333338, 32.75333333333333 ], [ 78.323333333333338, 32.75 ], [ 78.326666666666668, 32.75 ], [ 78.326666666666668, 32.743333333333332 ], [ 78.33, 32.743333333333332 ], [ 78.33, 32.74 ], [ 78.333333333333329, 32.74 ], [ 78.333333333333329, 32.733333333333334 ], [ 78.336666666666673, 32.733333333333334 ], [ 78.336666666666673, 32.73 ], [ 78.34, 32.73 ], [ 78.34, 32.723333333333336 ], [ 78.346666666666664, 32.723333333333336 ], [ 78.346666666666664, 32.72 ], [ 78.36, 32.72 ], [ 78.36, 32.726666666666667 ], [ 78.36333333333333, 32.726666666666667 ], [ 78.36333333333333, 32.74666666666667 ], [ 78.36, 32.74666666666667 ], [ 78.36, 32.75 ], [ 78.356666666666669, 32.75 ], [ 78.356666666666669, 32.76 ], [ 78.36, 32.76 ], [ 78.36, 32.763333333333335 ], [ 78.36666666666666, 32.763333333333335 ], [ 78.36666666666666, 32.786666666666669 ], [ 78.36333333333333, 32.786666666666669 ], [ 78.36333333333333, 32.793333333333337 ], [ 78.36666666666666, 32.793333333333337 ], [ 78.36666666666666, 32.796666666666667 ], [ 78.373333333333335, 32.796666666666667 ], [ 78.373333333333335, 32.81 ], [ 78.37, 32.81 ], [ 78.37, 32.813333333333333 ], [ 78.36666666666666, 32.813333333333333 ], [ 78.36666666666666, 32.82 ], [ 78.36333333333333, 32.82 ], [ 78.36333333333333, 32.826666666666668 ], [ 78.36, 32.826666666666668 ], [ 78.36, 32.83 ], [ 78.356666666666669, 32.83 ], [ 78.356666666666669, 32.833333333333336 ], [ 78.353333333333339, 32.833333333333336 ], [ 78.353333333333339, 32.836666666666666 ], [ 78.34, 32.836666666666666 ], [ 78.34, 32.84 ], [ 78.336666666666673, 32.84 ], [ 78.336666666666673, 32.843333333333334 ], [ 78.333333333333329, 32.843333333333334 ], [ 78.333333333333329, 32.846666666666664 ], [ 78.34, 32.846666666666664 ], [ 78.34, 32.85 ], [ 78.343333333333334, 32.85 ], [ 78.343333333333334, 32.86333333333333 ], [ 78.34, 32.86333333333333 ], [ 78.34, 32.873333333333335 ], [ 78.343333333333334, 32.873333333333335 ], [ 78.343333333333334, 32.876666666666665 ], [ 78.36666666666666, 32.876666666666665 ], [ 78.36666666666666, 32.913333333333334 ], [ 78.36333333333333, 32.913333333333334 ], [ 78.36333333333333, 32.916666666666664 ], [ 78.36, 32.916666666666664 ], [ 78.36, 32.92 ], [ 78.356666666666669, 32.92 ], [ 78.356666666666669, 32.926666666666669 ], [ 78.353333333333339, 32.926666666666669 ], [ 78.353333333333339, 32.93 ], [ 78.35, 32.93 ], [ 78.35, 32.93333333333333 ], [ 78.346666666666664, 32.93333333333333 ], [ 78.346666666666664, 32.936666666666667 ], [ 78.343333333333334, 32.936666666666667 ], [ 78.343333333333334, 32.943333333333335 ], [ 78.34, 32.943333333333335 ], [ 78.34, 32.953333333333333 ], [ 78.343333333333334, 32.953333333333333 ], [ 78.343333333333334, 32.966666666666669 ], [ 78.34, 32.966666666666669 ], [ 78.34, 32.97 ], [ 78.336666666666673, 32.97 ], [ 78.336666666666673, 32.973333333333336 ], [ 78.333333333333329, 32.973333333333336 ], [ 78.333333333333329, 32.986666666666665 ], [ 78.326666666666668, 32.986666666666665 ], [ 78.326666666666668, 32.99 ], [ 78.32, 32.99 ], [ 78.32, 32.993333333333332 ], [ 78.316666666666663, 32.993333333333332 ], [ 78.316666666666663, 32.99666666666667 ], [ 78.31, 32.99666666666667 ], [ 78.31, 33.0 ], [ 78.306666666666672, 33.0 ], [ 78.306666666666672, 33.00333333333333 ], [ 78.296666666666667, 33.00333333333333 ], [ 78.296666666666667, 33.006666666666668 ], [ 78.293333333333337, 33.006666666666668 ], [ 78.293333333333337, 33.016666666666666 ], [ 78.29, 33.016666666666666 ], [ 78.29, 33.023333333333333 ], [ 78.293333333333337, 33.023333333333333 ], [ 78.293333333333337, 33.026666666666664 ], [ 78.296666666666667, 33.026666666666664 ], [ 78.296666666666667, 33.03 ], [ 78.3, 33.03 ], [ 78.3, 33.043333333333337 ], [ 78.276666666666671, 33.043333333333337 ] ] ] } },
{ "type": "Feature", "properties": { "site_id": "SAFE-SITE-051", "cci_score": 91.199996948242188, "area_sqkm": 70.95, "capacity_families": 5676, "capacity_persons": 28380, "suitability_tier": "Optimal Prime Site (CCI ≥ 75)" }, "geometry": { "type": "Polygon", "coordinates": [ [ [ 77.973333333333329, 32.85 ], [ 77.973333333333329, 32.843333333333334 ], [ 77.963333333333338, 32.843333333333334 ], [ 77.963333333333338, 32.84 ], [ 77.94, 32.84 ], [ 77.94, 32.823333333333331 ], [ 77.943333333333328, 32.823333333333331 ], [ 77.943333333333328, 32.82 ], [ 77.946666666666673, 32.82 ], [ 77.946666666666673, 32.813333333333333 ], [ 77.943333333333328, 32.813333333333333 ], [ 77.943333333333328, 32.796666666666667 ], [ 77.946666666666673, 32.796666666666667 ], [ 77.946666666666673, 32.78 ], [ 77.95, 32.78 ], [ 77.95, 32.77 ], [ 77.963333333333338, 32.77 ], [ 77.963333333333338, 32.776666666666664 ], [ 77.97, 32.776666666666664 ], [ 77.97, 32.793333333333337 ], [ 77.963333333333338, 32.793333333333337 ], [ 77.963333333333338, 32.796666666666667 ], [ 77.966666666666669, 32.796666666666667 ], [ 77.966666666666669, 32.803333333333335 ], [ 77.973333333333329, 32.803333333333335 ], [ 77.973333333333329, 32.793333333333337 ], [ 77.98, 32.793333333333337 ], [ 77.98, 32.79 ], [ 77.983333333333334, 32.79 ], [ 77.983333333333334, 32.783333333333331 ], [ 77.98, 32.783333333333331 ], [ 77.98, 32.78 ], [ 77.973333333333329, 32.78 ], [ 77.973333333333329, 32.766666666666666 ], [ 77.976666666666674, 32.766666666666666 ], [ 77.976666666666674, 32.763333333333335 ], [ 77.98, 32.763333333333335 ], [ 77.98, 32.73 ], [ 77.986666666666665, 32.73 ], [ 77.986666666666665, 32.726666666666667 ], [ 77.993333333333339, 32.726666666666667 ], [ 77.993333333333339, 32.723333333333336 ], [ 77.99666666666667, 32.723333333333336 ], [ 77.99666666666667, 32.72 ], [ 78.013333333333335, 32.72 ], [ 78.013333333333335, 32.733333333333334 ], [ 78.01, 32.733333333333334 ], [ 78.01, 32.736666666666665 ], [ 78.006666666666661, 32.736666666666665 ], [ 78.006666666666661, 32.74 ], [ 78.00333333333333, 32.74 ], [ 78.00333333333333, 32.743333333333332 ], [ 78.0, 32.743333333333332 ], [ 78.0, 32.75 ], [ 78.00333333333333, 32.75 ], [ 78.00333333333333, 32.75333333333333 ], [ 78.013333333333335, 32.75333333333333 ], [ 78.013333333333335, 32.766666666666666 ], [ 78.016666666666666, 32.766666666666666 ], [ 78.016666666666666, 32.77 ], [ 78.026666666666671, 32.77 ], [ 78.026666666666671, 32.776666666666664 ], [ 78.03, 32.776666666666664 ], [ 78.03, 32.793333333333337 ], [ 78.033333333333331, 32.793333333333337 ], [ 78.033333333333331, 32.8 ], [ 78.036666666666662, 32.8 ], [ 78.036666666666662, 32.813333333333333 ], [ 78.026666666666671, 32.813333333333333 ], [ 78.026666666666671, 32.816666666666663 ], [ 78.02, 32.816666666666663 ], [ 78.02, 32.82 ], [ 78.013333333333335, 32.82 ], [ 78.013333333333335, 32.823333333333331 ], [ 78.01, 32.823333333333331 ], [ 78.01, 32.826666666666668 ], [ 78.006666666666661, 32.826666666666668 ], [ 78.006666666666661, 32.83 ], [ 78.00333333333333, 32.83 ], [ 78.00333333333333, 32.833333333333336 ], [ 78.0, 32.833333333333336 ], [ 78.0, 32.84 ], [ 77.99666666666667, 32.84 ], [ 77.99666666666667, 32.843333333333334 ], [ 77.993333333333339, 32.843333333333334 ], [ 77.993333333333339, 32.846666666666664 ], [ 77.99, 32.846666666666664 ], [ 77.99, 32.85 ], [ 77.973333333333329, 32.85 ] ], [ [ 77.99666666666667, 32.786666666666669 ], [ 78.006666666666661, 32.786666666666669 ], [ 78.006666666666661, 32.78 ], [ 77.99666666666667, 32.78 ], [ 77.99666666666667, 32.786666666666669 ] ] ] } },
{ "type": "Feature", "properties": { "site_id": "SAFE-SITE-052", "cci_score": 91.199996948242188, "area_sqkm": 344.9, "capacity_families": 27591, "capacity_persons": 137955, "suitability_tier": "Optimal Prime Site (CCI ≥ 75)" }, "geometry": { "type": "Polygon", "coordinates": [ [ [ 75.026666666666671, 32.986666666666665 ], [ 75.026666666666671, 32.983333333333334 ], [ 75.02, 32.983333333333334 ], [ 75.02, 32.98 ], [ 75.0, 32.98 ], [ 75.0, 32.913333333333334 ], [ 75.013333333333335, 32.913333333333334 ], [ 75.013333333333335, 32.91 ], [ 75.016666666666666, 32.91 ], [ 75.016666666666666, 32.906666666666666 ], [ 75.023333333333326, 32.906666666666666 ], [ 75.023333333333326, 32.903333333333336 ], [ 75.026666666666671, 32.903333333333336 ], [ 75.026666666666671, 32.88666666666667 ], [ 75.04, 32.88666666666667 ], [ 75.04, 32.893333333333331 ], [ 75.043333333333337, 32.893333333333331 ], [ 75.043333333333337, 32.876666666666665 ], [ 75.056666666666672, 32.876666666666665 ], [ 75.056666666666672, 32.88 ], [ 75.063333333333333, 32.88 ], [ 75.063333333333333, 32.876666666666665 ], [ 75.07, 32.876666666666665 ], [ 75.07, 32.87 ], [ 75.076666666666668, 32.87 ], [ 75.076666666666668, 32.866666666666667 ], [ 75.08, 32.866666666666667 ], [ 75.08, 32.86333333333333 ], [ 75.083333333333329, 32.86333333333333 ], [ 75.083333333333329, 32.86 ], [ 75.09, 32.86 ], [ 75.09, 32.856666666666669 ], [ 75.096666666666664, 32.856666666666669 ], [ 75.096666666666664, 32.853333333333332 ], [ 75.106666666666669, 32.853333333333332 ], [ 75.106666666666669, 32.85 ], [ 75.11333333333333, 32.85 ], [ 75.11333333333333, 32.846666666666664 ], [ 75.11666666666666, 32.846666666666664 ], [ 75.11666666666666, 32.843333333333334 ], [ 75.12, 32.843333333333334 ], [ 75.12, 32.84 ], [ 75.13, 32.84 ], [ 75.13, 32.836666666666666 ], [ 75.13333333333334, 32.836666666666666 ], [ 75.13333333333334, 32.833333333333336 ], [ 75.13666666666667, 32.833333333333336 ], [ 75.13666666666667, 32.83 ], [ 75.143333333333331, 32.83 ], [ 75.143333333333331, 32.826666666666668 ], [ 75.146666666666661, 32.826666666666668 ], [ 75.146666666666661, 32.823333333333331 ], [ 75.15, 32.823333333333331 ], [ 75.15, 32.82 ], [ 75.163333333333327, 32.82 ], [ 75.163333333333327, 32.826666666666668 ], [ 75.17, 32.826666666666668 ], [ 75.17, 32.823333333333331 ], [ 75.18, 32.823333333333331 ], [ 75.18, 32.813333333333333 ], [ 75.193333333333328, 32.813333333333333 ], [ 75.193333333333328, 32.81 ], [ 75.196666666666673, 32.81 ], [ 75.196666666666673, 32.8 ], [ 75.203333333333333, 32.8 ], [ 75.203333333333333, 32.796666666666667 ], [ 75.233333333333334, 32.796666666666667 ], [ 75.233333333333334, 32.803333333333335 ], [ 75.24, 32.803333333333335 ], [ 75.24, 32.81 ], [ 75.25, 32.81 ], [ 75.25, 32.816666666666663 ], [ 75.256666666666661, 32.816666666666663 ], [ 75.256666666666661, 32.806666666666665 ], [ 75.27, 32.806666666666665 ], [ 75.27, 32.796666666666667 ], [ 75.24666666666667, 32.796666666666667 ], [ 75.24666666666667, 32.783333333333331 ], [ 75.25333333333333, 32.783333333333331 ], [ 75.25333333333333, 32.78 ], [ 75.26, 32.78 ], [ 75.26, 32.773333333333333 ], [ 75.263333333333335, 32.773333333333333 ], [ 75.263333333333335, 32.75333333333333 ], [ 75.266666666666666, 32.75333333333333 ], [ 75.266666666666666, 32.74666666666667 ], [ 75.27, 32.74666666666667 ], [ 75.27, 32.743333333333332 ], [ 75.273333333333326, 32.743333333333332 ], [ 75.273333333333326, 32.74 ], [ 75.276666666666671, 32.74 ], [ 75.276666666666671, 32.736666666666665 ], [ 75.293333333333337, 32.736666666666665 ], [ 75.293333333333337, 32.726666666666667 ], [ 75.316666666666663, 32.726666666666667 ], [ 75.316666666666663, 32.72 ], [ 75.333333333333329, 32.72 ], [ 75.333333333333329, 32.733333333333334 ], [ 75.343333333333334, 32.733333333333334 ], [ 75.343333333333334, 32.736666666666665 ], [ 75.35, 32.736666666666665 ], [ 75.35, 32.733333333333334 ], [ 75.353333333333339, 32.733333333333334 ], [ 75.353333333333339, 32.73 ], [ 75.373333333333335, 32.73 ], [ 75.373333333333335, 32.733333333333334 ], [ 75.376666666666665, 32.733333333333334 ], [ 75.376666666666665, 32.736666666666665 ], [ 75.38333333333334, 32.736666666666665 ], [ 75.38333333333334, 32.74666666666667 ], [ 75.39, 32.74666666666667 ], [ 75.39, 32.75 ], [ 75.396666666666661, 32.75 ], [ 75.396666666666661, 32.76 ], [ 75.41, 32.76 ], [ 75.41, 32.776666666666664 ], [ 75.406666666666666, 32.776666666666664 ], [ 75.406666666666666, 32.78 ], [ 75.393333333333331, 32.78 ], [ 75.393333333333331, 32.766666666666666 ], [ 75.396666666666661, 32.766666666666666 ], [ 75.396666666666661, 32.763333333333335 ], [ 75.38333333333334, 32.763333333333335 ], [ 75.38333333333334, 32.76 ], [ 75.353333333333339, 32.76 ], [ 75.353333333333339, 32.763333333333335 ], [ 75.36666666666666, 32.763333333333335 ], [ 75.36666666666666, 32.783333333333331 ], [ 75.36, 32.783333333333331 ], [ 75.36, 32.793333333333337 ], [ 75.35, 32.793333333333337 ], [ 75.35, 32.803333333333335 ], [ 75.346666666666664, 32.803333333333335 ], [ 75.346666666666664, 32.806666666666665 ], [ 75.353333333333339, 32.806666666666665 ], [ 75.353333333333339, 32.823333333333331 ], [ 75.35, 32.823333333333331 ], [ 75.35, 32.826666666666668 ], [ 75.336666666666673, 32.826666666666668 ], [ 75.336666666666673, 32.823333333333331 ], [ 75.326666666666668, 32.823333333333331 ], [ 75.326666666666668, 32.82 ], [ 75.313333333333333, 32.82 ], [ 75.313333333333333, 32.813333333333333 ], [ 75.31, 32.813333333333333 ], [ 75.31, 32.826666666666668 ], [ 75.306666666666672, 32.826666666666668 ], [ 75.306666666666672, 32.83 ], [ 75.3, 32.83 ], [ 75.3, 32.833333333333336 ], [ 75.296666666666667, 32.833333333333336 ], [ 75.296666666666667, 32.836666666666666 ], [ 75.283333333333331, 32.836666666666666 ], [ 75.283333333333331, 32.833333333333336 ], [ 75.28, 32.833333333333336 ], [ 75.28, 32.83 ], [ 75.276666666666671, 32.83 ], [ 75.276666666666671, 32.84 ], [ 75.273333333333326, 32.84 ], [ 75.273333333333326, 32.843333333333334 ], [ 75.25333333333333, 32.843333333333334 ], [ 75.25333333333333, 32.846666666666664 ], [ 75.24666666666667, 32.846666666666664 ], [ 75.24666666666667, 32.85 ], [ 75.24, 32.85 ], [ 75.24, 32.853333333333332 ], [ 75.236666666666665, 32.853333333333332 ], [ 75.236666666666665, 32.856666666666669 ], [ 75.233333333333334, 32.856666666666669 ], [ 75.233333333333334, 32.86 ], [ 75.23, 32.86 ], [ 75.23, 32.86333333333333 ], [ 75.226666666666674, 32.86333333333333 ], [ 75.226666666666674, 32.866666666666667 ], [ 75.223333333333329, 32.866666666666667 ], [ 75.223333333333329, 32.876666666666665 ], [ 75.213333333333338, 32.876666666666665 ], [ 75.213333333333338, 32.88 ], [ 75.203333333333333, 32.88 ], [ 75.203333333333333, 32.883333333333333 ], [ 75.2, 32.883333333333333 ], [ 75.2, 32.88666666666667 ], [ 75.196666666666673, 32.88666666666667 ], [ 75.196666666666673, 32.896666666666668 ], [ 75.193333333333328, 32.896666666666668 ], [ 75.193333333333328, 32.9 ], [ 75.183333333333337, 32.9 ], [ 75.183333333333337, 32.903333333333336 ], [ 75.18, 32.903333333333336 ], [ 75.18, 32.906666666666666 ], [ 75.173333333333332, 32.906666666666666 ], [ 75.173333333333332, 32.91 ], [ 75.17, 32.91 ], [ 75.17, 32.913333333333334 ], [ 75.166666666666671, 32.913333333333334 ], [ 75.166666666666671, 32.92 ], [ 75.163333333333327, 32.92 ], [ 75.163333333333327, 32.94 ], [ 75.15, 32.94 ], [ 75.15, 32.936666666666667 ], [ 75.146666666666661, 32.936666666666667 ], [ 75.146666666666661, 32.94 ], [ 75.14, 32.94 ], [ 75.14, 32.943333333333335 ], [ 75.13666666666667, 32.943333333333335 ], [ 75.13666666666667, 32.953333333333333 ], [ 75.13333333333334, 32.953333333333333 ], [ 75.13333333333334, 32.956666666666663 ], [ 75.13, 32.956666666666663 ], [ 75.13, 32.96 ], [ 75.126666666666665, 32.96 ], [ 75.126666666666665, 32.97 ], [ 75.11333333333333, 32.97 ], [ 75.11333333333333, 32.966666666666669 ], [ 75.11, 32.966666666666669 ], [ 75.11, 32.963333333333331 ], [ 75.1, 32.963333333333331 ], [ 75.1, 32.96 ], [ 75.09, 32.96 ], [ 75.09, 32.963333333333331 ], [ 75.076666666666668, 32.963333333333331 ], [ 75.076666666666668, 32.96 ], [ 75.073333333333338, 32.96 ], [ 75.073333333333338, 32.963333333333331 ], [ 75.063333333333333, 32.963333333333331 ], [ 75.063333333333333, 32.966666666666669 ], [ 75.046666666666667, 32.966666666666669 ], [ 75.046666666666667, 32.973333333333336 ], [ 75.043333333333337, 32.973333333333336 ], [ 75.043333333333337, 32.986666666666665 ], [ 75.026666666666671, 32.986666666666665 ] ], [ [ 75.24666666666667, 32.83 ], [ 75.25, 32.83 ], [ 75.25, 32.826666666666668 ], [ 75.24666666666667, 32.826666666666668 ], [ 75.24666666666667, 32.83 ] ], [ [ 75.29, 32.82 ], [ 75.293333333333337, 32.82 ], [ 75.293333333333337, 32.816666666666663 ], [ 75.296666666666667, 32.816666666666663 ], [ 75.296666666666667, 32.813333333333333 ], [ 75.31, 32.813333333333333 ], [ 75.31, 32.81 ], [ 75.306666666666672, 32.81 ], [ 75.306666666666672, 32.806666666666665 ], [ 75.303333333333327, 32.806666666666665 ], [ 75.303333333333327, 32.803333333333335 ], [ 75.3, 32.803333333333335 ], [ 75.3, 32.796666666666667 ], [ 75.29, 32.796666666666667 ], [ 75.29, 32.793333333333337 ], [ 75.286666666666662, 32.793333333333337 ], [ 75.286666666666662, 32.79 ], [ 75.27, 32.79 ], [ 75.27, 32.793333333333337 ], [ 75.283333333333331, 32.793333333333337 ], [ 75.283333333333331, 32.81 ], [ 75.286666666666662, 32.81 ], [ 75.286666666666662, 32.813333333333333 ], [ 75.29, 32.813333333333333 ], [ 75.29, 32.82 ] ], [ [ 75.28, 32.77 ], [ 75.283333333333331, 32.77 ], [ 75.283333333333331, 32.766666666666666 ], [ 75.28, 32.766666666666666 ], [ 75.28, 32.77 ] ], [ [ 75.343333333333334, 32.76 ], [ 75.346666666666664, 32.76 ], [ 75.346666666666664, 32.756666666666668 ], [ 75.343333333333334, 32.756666666666668 ], [ 75.343333333333334, 32.76 ] ], [ [ 75.293333333333337, 32.756666666666668 ], [ 75.296666666666667, 32.756666666666668 ], [ 75.296666666666667, 32.75333333333333 ], [ 75.32, 32.75333333333333 ], [ 75.32, 32.756666666666668 ], [ 75.343333333333334, 32.756666666666668 ], [ 75.343333333333334, 32.75333333333333 ], [ 75.34, 32.75333333333333 ], [ 75.34, 32.75 ], [ 75.316666666666663, 32.75 ], [ 75.316666666666663, 32.74 ], [ 75.293333333333337, 32.74 ], [ 75.293333333333337, 32.756666666666668 ] ] ] } },
{ "type": "Feature", "properties": { "site_id": "SAFE-SITE-053", "cci_score": 91.199996948242188, "area_sqkm": 16.49, "capacity_families": 1319, "capacity_persons": 6595, "suitability_tier": "Optimal Prime Site (CCI ≥ 75)" }, "geometry": { "type": "Polygon", "coordinates": [ [ [ 79.39, 32.766666666666666 ], [ 79.39, 32.74666666666667 ], [ 79.396666666666661, 32.74666666666667 ], [ 79.396666666666661, 32.743333333333332 ], [ 79.403333333333336, 32.743333333333332 ], [ 79.403333333333336, 32.74 ], [ 79.41, 32.74 ], [ 79.41, 32.733333333333334 ], [ 79.413333333333327, 32.733333333333334 ], [ 79.413333333333327, 32.726666666666667 ], [ 79.416666666666671, 32.726666666666667 ], [ 79.416666666666671, 32.72 ], [ 79.423333333333332, 32.72 ], [ 79.423333333333332, 32.716666666666669 ], [ 79.426666666666662, 32.716666666666669 ], [ 79.426666666666662, 32.713333333333331 ], [ 79.443333333333328, 32.713333333333331 ], [ 79.443333333333328, 32.726666666666667 ], [ 79.44, 32.726666666666667 ], [ 79.44, 32.736666666666665 ], [ 79.436666666666667, 32.736666666666665 ], [ 79.436666666666667, 32.74 ], [ 79.433333333333337, 32.74 ], [ 79.433333333333337, 32.743333333333332 ], [ 79.43, 32.743333333333332 ], [ 79.43, 32.75 ], [ 79.426666666666662, 32.75 ], [ 79.426666666666662, 32.756666666666668 ], [ 79.423333333333332, 32.756666666666668 ], [ 79.423333333333332, 32.763333333333335 ], [ 79.42, 32.763333333333335 ], [ 79.42, 32.766666666666666 ], [ 79.39, 32.766666666666666 ] ] ] } },
{ "type": "Feature", "properties": { "site_id": "SAFE-SITE-054", "cci_score": 91.199996948242188, "area_sqkm": 233.88, "capacity_families": 18710, "capacity_persons": 93550, "suitability_tier": "Optimal Prime Site (CCI ≥ 75)" }, "geometry": { "type": "Polygon", "coordinates": [ [ [ 78.836666666666673, 33.093333333333334 ], [ 78.836666666666673, 33.08 ], [ 78.833333333333329, 33.08 ], [ 78.833333333333329, 33.076666666666668 ], [ 78.83, 33.076666666666668 ], [ 78.83, 33.07 ], [ 78.82, 33.07 ], [ 78.82, 33.083333333333336 ], [ 78.813333333333333, 33.083333333333336 ], [ 78.813333333333333, 33.086666666666666 ], [ 78.8, 33.086666666666666 ], [ 78.8, 33.083333333333336 ], [ 78.796666666666667, 33.083333333333336 ], [ 78.796666666666667, 33.07 ], [ 78.8, 33.07 ], [ 78.8, 33.06666666666667 ], [ 78.82, 33.06666666666667 ], [ 78.82, 33.056666666666665 ], [ 78.823333333333338, 33.056666666666665 ], [ 78.823333333333338, 33.053333333333335 ], [ 78.826666666666668, 33.053333333333335 ], [ 78.826666666666668, 33.05 ], [ 78.833333333333329, 33.05 ], [ 78.833333333333329, 33.046666666666667 ], [ 78.836666666666673, 33.046666666666667 ], [ 78.836666666666673, 33.04 ], [ 78.843333333333334, 33.04 ], [ 78.843333333333334, 33.036666666666669 ], [ 78.85, 33.036666666666669 ], [ 78.85, 33.033333333333331 ], [ 78.853333333333339, 33.033333333333331 ], [ 78.853333333333339, 33.023333333333333 ], [ 78.856666666666669, 33.023333333333333 ], [ 78.856666666666669, 33.016666666666666 ], [ 78.86, 33.016666666666666 ], [ 78.86, 33.013333333333335 ], [ 78.86333333333333, 33.013333333333335 ], [ 78.86333333333333, 33.00333333333333 ], [ 78.876666666666665, 33.00333333333333 ], [ 78.876666666666665, 33.006666666666668 ], [ 78.88333333333334, 33.006666666666668 ], [ 78.88333333333334, 33.00333333333333 ], [ 78.88, 33.00333333333333 ], [ 78.88, 32.993333333333332 ], [ 78.873333333333335, 32.993333333333332 ], [ 78.873333333333335, 32.98 ], [ 78.87, 32.98 ], [ 78.87, 32.983333333333334 ], [ 78.86, 32.983333333333334 ], [ 78.86, 32.986666666666665 ], [ 78.846666666666664, 32.986666666666665 ], [ 78.846666666666664, 32.966666666666669 ], [ 78.85, 32.966666666666669 ], [ 78.85, 32.963333333333331 ], [ 78.856666666666669, 32.963333333333331 ], [ 78.856666666666669, 32.96 ], [ 78.86, 32.96 ], [ 78.86, 32.956666666666663 ], [ 78.86333333333333, 32.956666666666663 ], [ 78.86333333333333, 32.953333333333333 ], [ 78.86666666666666, 32.953333333333333 ], [ 78.86666666666666, 32.95 ], [ 78.87, 32.95 ], [ 78.87, 32.946666666666665 ], [ 78.873333333333335, 32.946666666666665 ], [ 78.873333333333335, 32.94 ], [ 78.876666666666665, 32.94 ], [ 78.876666666666665, 32.93 ], [ 78.88333333333334, 32.93 ], [ 78.88333333333334, 32.926666666666669 ], [ 78.88666666666667, 32.926666666666669 ], [ 78.88666666666667, 32.92 ], [ 78.896666666666661, 32.92 ], [ 78.896666666666661, 32.916666666666664 ], [ 78.9, 32.916666666666664 ], [ 78.9, 32.91 ], [ 78.903333333333336, 32.91 ], [ 78.903333333333336, 32.903333333333336 ], [ 78.906666666666666, 32.903333333333336 ], [ 78.906666666666666, 32.893333333333331 ], [ 78.913333333333327, 32.893333333333331 ], [ 78.913333333333327, 32.876666666666665 ], [ 78.916666666666671, 32.876666666666665 ], [ 78.916666666666671, 32.873333333333335 ], [ 78.92, 32.873333333333335 ], [ 78.92, 32.87 ], [ 78.936666666666667, 32.87 ], [ 78.936666666666667, 32.876666666666665 ], [ 78.94, 32.876666666666665 ], [ 78.94, 32.873333333333335 ], [ 78.943333333333328, 32.873333333333335 ], [ 78.943333333333328, 32.87 ], [ 78.946666666666673, 32.87 ], [ 78.946666666666673, 32.866666666666667 ], [ 78.95, 32.866666666666667 ], [ 78.95, 32.856666666666669 ], [ 78.953333333333333, 32.856666666666669 ], [ 78.953333333333333, 32.85 ], [ 78.956666666666663, 32.85 ], [ 78.956666666666663, 32.846666666666664 ], [ 78.963333333333338, 32.846666666666664 ], [ 78.963333333333338, 32.843333333333334 ], [ 78.966666666666669, 32.843333333333334 ], [ 78.966666666666669, 32.84 ], [ 78.97, 32.84 ], [ 78.97, 32.836666666666666 ], [ 78.973333333333329, 32.836666666666666 ], [ 78.973333333333329, 32.83 ], [ 78.976666666666674, 32.83 ], [ 78.976666666666674, 32.826666666666668 ], [ 78.98, 32.826666666666668 ], [ 78.98, 32.823333333333331 ], [ 78.983333333333334, 32.823333333333331 ], [ 78.983333333333334, 32.82 ], [ 78.986666666666665, 32.82 ], [ 78.986666666666665, 32.813333333333333 ], [ 78.99, 32.813333333333333 ], [ 78.99, 32.806666666666665 ], [ 78.993333333333339, 32.806666666666665 ], [ 78.993333333333339, 32.803333333333335 ], [ 78.99666666666667, 32.803333333333335 ], [ 78.99666666666667, 32.8 ], [ 79.0, 32.8 ], [ 79.0, 32.796666666666667 ], [ 79.00333333333333, 32.796666666666667 ], [ 79.00333333333333, 32.79 ], [ 78.973333333333329, 32.79 ], [ 78.973333333333329, 32.773333333333333 ], [ 78.956666666666663, 32.773333333333333 ], [ 78.956666666666663, 32.776666666666664 ], [ 78.953333333333333, 32.776666666666664 ], [ 78.953333333333333, 32.78 ], [ 78.95, 32.78 ], [ 78.95, 32.783333333333331 ], [ 78.953333333333333, 32.783333333333331 ], [ 78.953333333333333, 32.786666666666669 ], [ 78.956666666666663, 32.786666666666669 ], [ 78.956666666666663, 32.79 ], [ 78.97, 32.79 ], [ 78.97, 32.81 ], [ 78.966666666666669, 32.81 ], [ 78.966666666666669, 32.813333333333333 ], [ 78.963333333333338, 32.813333333333333 ], [ 78.963333333333338, 32.816666666666663 ], [ 78.93, 32.816666666666663 ], [ 78.93, 32.796666666666667 ], [ 78.926666666666662, 32.796666666666667 ], [ 78.926666666666662, 32.793333333333337 ], [ 78.923333333333332, 32.793333333333337 ], [ 78.923333333333332, 32.79 ], [ 78.916666666666671, 32.79 ], [ 78.916666666666671, 32.786666666666669 ], [ 78.906666666666666, 32.786666666666669 ], [ 78.906666666666666, 32.783333333333331 ], [ 78.893333333333331, 32.783333333333331 ], [ 78.893333333333331, 32.78 ], [ 78.88666666666667, 32.78 ], [ 78.88666666666667, 32.776666666666664 ], [ 78.876666666666665, 32.776666666666664 ], [ 78.876666666666665, 32.773333333333333 ], [ 78.86, 32.773333333333333 ], [ 78.86, 32.776666666666664 ], [ 78.843333333333334, 32.776666666666664 ], [ 78.843333333333334, 32.76 ], [ 78.846666666666664, 32.76 ], [ 78.846666666666664, 32.756666666666668 ], [ 78.85, 32.756666666666668 ], [ 78.85, 32.75333333333333 ], [ 78.856666666666669, 32.75333333333333 ], [ 78.856666666666669, 32.75 ], [ 78.86, 32.75 ], [ 78.86, 32.733333333333334 ], [ 78.856666666666669, 32.733333333333334 ], [ 78.856666666666669, 32.726666666666667 ], [ 78.853333333333339, 32.726666666666667 ], [ 78.853333333333339, 32.713333333333331 ], [ 78.86666666666666, 32.713333333333331 ], [ 78.86666666666666, 32.716666666666669 ], [ 78.876666666666665, 32.716666666666669 ], [ 78.876666666666665, 32.723333333333336 ], [ 78.88333333333334, 32.723333333333336 ], [ 78.88333333333334, 32.736666666666665 ], [ 78.88666666666667, 32.736666666666665 ], [ 78.88666666666667, 32.743333333333332 ], [ 78.89, 32.743333333333332 ], [ 78.89, 32.74666666666667 ], [ 78.893333333333331, 32.74666666666667 ], [ 78.893333333333331, 32.75 ], [ 78.9, 32.75 ], [ 78.9, 32.74666666666667 ], [ 78.94, 32.74666666666667 ], [ 78.94, 32.743333333333332 ], [ 78.963333333333338, 32.743333333333332 ], [ 78.963333333333338, 32.74 ], [ 78.966666666666669, 32.74 ], [ 78.966666666666669, 32.72 ], [ 78.98, 32.72 ], [ 78.98, 32.723333333333336 ], [ 78.983333333333334, 32.723333333333336 ], [ 78.983333333333334, 32.72 ], [ 78.993333333333339, 32.72 ], [ 78.993333333333339, 32.716666666666669 ], [ 79.00333333333333, 32.716666666666669 ], [ 79.00333333333333, 32.713333333333331 ], [ 79.016666666666666, 32.713333333333331 ], [ 79.016666666666666, 32.72 ], [ 79.02, 32.72 ], [ 79.02, 32.723333333333336 ], [ 79.023333333333341, 32.723333333333336 ], [ 79.023333333333341, 32.75 ], [ 79.01, 32.75 ], [ 79.01, 32.74666666666667 ], [ 79.0, 32.74666666666667 ], [ 79.0, 32.736666666666665 ], [ 78.993333333333339, 32.736666666666665 ], [ 78.993333333333339, 32.74 ], [ 78.99, 32.74 ], [ 78.99, 32.75 ], [ 78.993333333333339, 32.75 ], [ 78.993333333333339, 32.75333333333333 ], [ 78.99666666666667, 32.75333333333333 ], [ 78.99666666666667, 32.756666666666668 ], [ 79.0, 32.756666666666668 ], [ 79.0, 32.766666666666666 ], [ 79.00333333333333, 32.766666666666666 ], [ 79.00333333333333, 32.783333333333331 ], [ 79.026666666666671, 32.783333333333331 ], [ 79.026666666666671, 32.81 ], [ 79.023333333333341, 32.81 ], [ 79.023333333333341, 32.813333333333333 ], [ 79.016666666666666, 32.813333333333333 ], [ 79.016666666666666, 32.816666666666663 ], [ 79.02, 32.816666666666663 ], [ 79.02, 32.83 ], [ 79.016666666666666, 32.83 ], [ 79.016666666666666, 32.833333333333336 ], [ 79.013333333333335, 32.833333333333336 ], [ 79.013333333333335, 32.853333333333332 ], [ 79.006666666666661, 32.853333333333332 ], [ 79.006666666666661, 32.856666666666669 ], [ 79.00333333333333, 32.856666666666669 ], [ 79.00333333333333, 32.86333333333333 ], [ 79.0, 32.86333333333333 ], [ 79.0, 32.866666666666667 ], [ 78.99666666666667, 32.866666666666667 ], [ 78.99666666666667, 32.87 ], [ 78.993333333333339, 32.87 ], [ 78.993333333333339, 32.873333333333335 ], [ 78.976666666666674, 32.873333333333335 ], [ 78.976666666666674, 32.876666666666665 ], [ 78.973333333333329, 32.876666666666665 ], [ 78.973333333333329, 32.89 ], [ 78.97, 32.89 ], [ 78.97, 32.893333333333331 ], [ 78.96, 32.893333333333331 ], [ 78.96, 32.913333333333334 ], [ 78.953333333333333, 32.913333333333334 ], [ 78.953333333333333, 32.916666666666664 ], [ 78.94, 32.916666666666664 ], [ 78.94, 32.906666666666666 ], [ 78.936666666666667, 32.906666666666666 ], [ 78.936666666666667, 32.9 ], [ 78.933333333333337, 32.9 ], [ 78.933333333333337, 32.903333333333336 ], [ 78.926666666666662, 32.903333333333336 ], [ 78.926666666666662, 32.906666666666666 ], [ 78.923333333333332, 32.906666666666666 ], [ 78.923333333333332, 32.91 ], [ 78.926666666666662, 32.91 ], [ 78.926666666666662, 32.913333333333334 ], [ 78.933333333333337, 32.913333333333334 ], [ 78.933333333333337, 32.93333333333333 ], [ 78.93, 32.93333333333333 ], [ 78.93, 32.94 ], [ 78.926666666666662, 32.94 ], [ 78.926666666666662, 32.946666666666665 ], [ 78.913333333333327, 32.946666666666665 ], [ 78.913333333333327, 32.936666666666667 ], [ 78.91, 32.936666666666667 ], [ 78.91, 32.95 ], [ 78.906666666666666, 32.95 ], [ 78.906666666666666, 32.956666666666663 ], [ 78.916666666666671, 32.956666666666663 ], [ 78.916666666666671, 32.96 ], [ 78.93, 32.96 ], [ 78.93, 32.963333333333331 ], [ 78.933333333333337, 32.963333333333331 ], [ 78.933333333333337, 32.966666666666669 ], [ 78.943333333333328, 32.966666666666669 ], [ 78.943333333333328, 32.98 ], [ 78.93, 32.98 ], [ 78.93, 32.976666666666667 ], [ 78.926666666666662, 32.976666666666667 ], [ 78.926666666666662, 32.98 ], [ 78.916666666666671, 32.98 ], [ 78.916666666666671, 32.983333333333334 ], [ 78.91, 32.983333333333334 ], [ 78.91, 32.986666666666665 ], [ 78.906666666666666, 32.986666666666665 ], [ 78.906666666666666, 33.006666666666668 ], [ 78.903333333333336, 33.006666666666668 ], [ 78.903333333333336, 33.01 ], [ 78.9, 33.01 ], [ 78.9, 33.013333333333335 ], [ 78.896666666666661, 33.013333333333335 ], [ 78.896666666666661, 33.016666666666666 ], [ 78.893333333333331, 33.016666666666666 ], [ 78.893333333333331, 33.02 ], [ 78.88666666666667, 33.02 ], [ 78.88666666666667, 33.023333333333333 ], [ 78.88, 33.023333333333333 ], [ 78.88, 33.026666666666664 ], [ 78.873333333333335, 33.026666666666664 ], [ 78.873333333333335, 33.03 ], [ 78.87, 33.03 ], [ 78.87, 33.033333333333331 ], [ 78.86666666666666, 33.033333333333331 ], [ 78.86666666666666, 33.053333333333335 ], [ 78.853333333333339, 33.053333333333335 ], [ 78.853333333333339, 33.056666666666665 ], [ 78.85, 33.056666666666665 ], [ 78.85, 33.06 ], [ 78.846666666666664, 33.06 ], [ 78.846666666666664, 33.076666666666668 ], [ 78.853333333333339, 33.076666666666668 ], [ 78.853333333333339, 33.09 ], [ 78.85, 33.09 ], [ 78.85, 33.093333333333334 ], [ 78.836666666666673, 33.093333333333334 ] ], [ [ 78.88, 32.976666666666667 ], [ 78.893333333333331, 32.976666666666667 ], [ 78.893333333333331, 32.973333333333336 ], [ 78.896666666666661, 32.973333333333336 ], [ 78.896666666666661, 32.963333333333331 ], [ 78.88333333333334, 32.963333333333331 ], [ 78.88333333333334, 32.966666666666669 ], [ 78.88, 32.966666666666669 ], [ 78.88, 32.976666666666667 ] ] ] } },
{ "type": "Feature", "properties": { "site_id": "SAFE-SITE-055", "cci_score": 91.199996948242188, "area_sqkm": 115.78, "capacity_families": 9262, "capacity_persons": 46310, "suitability_tier": "Optimal Prime Site (CCI ≥ 75)" }, "geometry": { "type": "Polygon", "coordinates": [ [ [ 78.473333333333329, 32.843333333333334 ], [ 78.473333333333329, 32.84 ], [ 78.47, 32.84 ], [ 78.47, 32.836666666666666 ], [ 78.463333333333338, 32.836666666666666 ], [ 78.463333333333338, 32.833333333333336 ], [ 78.46, 32.833333333333336 ], [ 78.46, 32.83 ], [ 78.44, 32.83 ], [ 78.44, 32.826666666666668 ], [ 78.436666666666667, 32.826666666666668 ], [ 78.436666666666667, 32.813333333333333 ], [ 78.433333333333337, 32.813333333333333 ], [ 78.433333333333337, 32.82 ], [ 78.413333333333327, 32.82 ], [ 78.413333333333327, 32.813333333333333 ], [ 78.41, 32.813333333333333 ], [ 78.41, 32.81 ], [ 78.406666666666666, 32.81 ], [ 78.406666666666666, 32.8 ], [ 78.396666666666661, 32.8 ], [ 78.396666666666661, 32.796666666666667 ], [ 78.393333333333331, 32.796666666666667 ], [ 78.393333333333331, 32.79 ], [ 78.39, 32.79 ], [ 78.39, 32.776666666666664 ], [ 78.406666666666666, 32.776666666666664 ], [ 78.406666666666666, 32.773333333333333 ], [ 78.42, 32.773333333333333 ], [ 78.42, 32.776666666666664 ], [ 78.426666666666662, 32.776666666666664 ], [ 78.426666666666662, 32.78 ], [ 78.433333333333337, 32.78 ], [ 78.433333333333337, 32.783333333333331 ], [ 78.44, 32.783333333333331 ], [ 78.44, 32.78 ], [ 78.456666666666663, 32.78 ], [ 78.456666666666663, 32.783333333333331 ], [ 78.463333333333338, 32.783333333333331 ], [ 78.463333333333338, 32.79 ], [ 78.466666666666669, 32.79 ], [ 78.466666666666669, 32.793333333333337 ], [ 78.476666666666674, 32.793333333333337 ], [ 78.476666666666674, 32.806666666666665 ], [ 78.49666666666667, 32.806666666666665 ], [ 78.49666666666667, 32.813333333333333 ], [ 78.50333333333333, 32.813333333333333 ], [ 78.50333333333333, 32.81 ], [ 78.5, 32.81 ], [ 78.5, 32.796666666666667 ], [ 78.50333333333333, 32.796666666666667 ], [ 78.50333333333333, 32.786666666666669 ], [ 78.506666666666661, 32.786666666666669 ], [ 78.506666666666661, 32.783333333333331 ], [ 78.5, 32.783333333333331 ], [ 78.5, 32.773333333333333 ], [ 78.49666666666667, 32.773333333333333 ], [ 78.49666666666667, 32.77 ], [ 78.493333333333339, 32.77 ], [ 78.493333333333339, 32.73 ], [ 78.49666666666667, 32.73 ], [ 78.49666666666667, 32.72 ], [ 78.5, 32.72 ], [ 78.5, 32.706666666666663 ], [ 78.50333333333333, 32.706666666666663 ], [ 78.50333333333333, 32.7 ], [ 78.506666666666661, 32.7 ], [ 78.506666666666661, 32.693333333333335 ], [ 78.51, 32.693333333333335 ], [ 78.51, 32.68 ], [ 78.523333333333341, 32.68 ], [ 78.523333333333341, 32.68333333333333 ], [ 78.533333333333331, 32.68333333333333 ], [ 78.533333333333331, 32.686666666666667 ], [ 78.536666666666662, 32.686666666666667 ], [ 78.536666666666662, 32.69 ], [ 78.546666666666667, 32.69 ], [ 78.546666666666667, 32.693333333333335 ], [ 78.553333333333327, 32.693333333333335 ], [ 78.553333333333327, 32.696666666666665 ], [ 78.56, 32.696666666666665 ], [ 78.56, 32.71 ], [ 78.556666666666672, 32.71 ], [ 78.556666666666672, 32.713333333333331 ], [ 78.553333333333327, 32.713333333333331 ], [ 78.553333333333327, 32.723333333333336 ], [ 78.566666666666663, 32.723333333333336 ], [ 78.566666666666663, 32.726666666666667 ], [ 78.573333333333338, 32.726666666666667 ], [ 78.573333333333338, 32.73 ], [ 78.593333333333334, 32.73 ], [ 78.593333333333334, 32.74666666666667 ], [ 78.576666666666668, 32.74666666666667 ], [ 78.576666666666668, 32.743333333333332 ], [ 78.566666666666663, 32.743333333333332 ], [ 78.566666666666663, 32.756666666666668 ], [ 78.56, 32.756666666666668 ], [ 78.56, 32.77 ], [ 78.543333333333337, 32.77 ], [ 78.543333333333337, 32.766666666666666 ], [ 78.533333333333331, 32.766666666666666 ], [ 78.533333333333331, 32.77 ], [ 78.526666666666671, 32.77 ], [ 78.526666666666671, 32.773333333333333 ], [ 78.523333333333341, 32.773333333333333 ], [ 78.523333333333341, 32.783333333333331 ], [ 78.526666666666671, 32.783333333333331 ], [ 78.526666666666671, 32.796666666666667 ], [ 78.523333333333341, 32.796666666666667 ], [ 78.523333333333341, 32.8 ], [ 78.52, 32.8 ], [ 78.52, 32.803333333333335 ], [ 78.516666666666666, 32.803333333333335 ], [ 78.516666666666666, 32.813333333333333 ], [ 78.51, 32.813333333333333 ], [ 78.51, 32.83 ], [ 78.5, 32.83 ], [ 78.5, 32.833333333333336 ], [ 78.49666666666667, 32.833333333333336 ], [ 78.49666666666667, 32.843333333333334 ], [ 78.473333333333329, 32.843333333333334 ] ] ] } },
{ "type": "Feature", "properties": { "site_id": "SAFE-SITE-056", "cci_score": 91.199996948242188, "area_sqkm": 16.14, "capacity_families": 1291, "capacity_persons": 6455, "suitability_tier": "Optimal Prime Site (CCI ≥ 75)" }, "geometry": { "type": "Polygon", "coordinates": [ [ [ 78.983333333333334, 32.68 ], [ 78.983333333333334, 32.676666666666669 ], [ 78.98, 32.676666666666669 ], [ 78.98, 32.666666666666664 ], [ 78.976666666666674, 32.666666666666664 ], [ 78.976666666666674, 32.663333333333334 ], [ 78.973333333333329, 32.663333333333334 ], [ 78.973333333333329, 32.65 ], [ 78.98, 32.65 ], [ 78.98, 32.646666666666668 ], [ 78.976666666666674, 32.646666666666668 ], [ 78.976666666666674, 32.63 ], [ 79.0, 32.63 ], [ 79.0, 32.633333333333333 ], [ 79.00333333333333, 32.633333333333333 ], [ 79.00333333333333, 32.646666666666668 ], [ 79.006666666666661, 32.646666666666668 ], [ 79.006666666666661, 32.65 ], [ 79.01, 32.65 ], [ 79.01, 32.653333333333336 ], [ 79.016666666666666, 32.653333333333336 ], [ 79.016666666666666, 32.67 ], [ 79.01, 32.67 ], [ 79.01, 32.673333333333332 ], [ 79.0, 32.673333333333332 ], [ 79.0, 32.676666666666669 ], [ 78.99666666666667, 32.676666666666669 ], [ 78.99666666666667, 32.68 ], [ 78.983333333333334, 32.68 ] ] ] } },
{ "type": "Feature", "properties": { "site_id": "SAFE-SITE-057", "cci_score": 91.199996948242188, "area_sqkm": 12.43, "capacity_families": 994, "capacity_persons": 4970, "suitability_tier": "Optimal Prime Site (CCI ≥ 75)" }, "geometry": { "type": "Polygon", "coordinates": [ [ [ 78.50333333333333, 32.673333333333332 ], [ 78.50333333333333, 32.666666666666664 ], [ 78.5, 32.666666666666664 ], [ 78.5, 32.626666666666665 ], [ 78.513333333333335, 32.626666666666665 ], [ 78.513333333333335, 32.63666666666667 ], [ 78.516666666666666, 32.63666666666667 ], [ 78.516666666666666, 32.64 ], [ 78.52, 32.64 ], [ 78.52, 32.643333333333331 ], [ 78.523333333333341, 32.643333333333331 ], [ 78.523333333333341, 32.646666666666668 ], [ 78.54, 32.646666666666668 ], [ 78.54, 32.66 ], [ 78.533333333333331, 32.66 ], [ 78.533333333333331, 32.663333333333334 ], [ 78.526666666666671, 32.663333333333334 ], [ 78.526666666666671, 32.666666666666664 ], [ 78.523333333333341, 32.666666666666664 ], [ 78.523333333333341, 32.67 ], [ 78.52, 32.67 ], [ 78.52, 32.673333333333332 ], [ 78.50333333333333, 32.673333333333332 ] ] ] } },
{ "type": "Feature", "properties": { "site_id": "SAFE-SITE-058", "cci_score": 91.199996948242188, "area_sqkm": 50.63, "capacity_families": 4050, "capacity_persons": 20250, "suitability_tier": "Optimal Prime Site (CCI ≥ 75)" }, "geometry": { "type": "Polygon", "coordinates": [ [ [ 78.896666666666661, 32.63 ], [ 78.896666666666661, 32.616666666666667 ], [ 78.903333333333336, 32.616666666666667 ], [ 78.903333333333336, 32.61333333333333 ], [ 78.906666666666666, 32.61333333333333 ], [ 78.906666666666666, 32.61 ], [ 78.916666666666671, 32.61 ], [ 78.916666666666671, 32.606666666666669 ], [ 78.923333333333332, 32.606666666666669 ], [ 78.923333333333332, 32.6 ], [ 78.926666666666662, 32.6 ], [ 78.926666666666662, 32.59 ], [ 78.93, 32.59 ], [ 78.93, 32.586666666666666 ], [ 78.933333333333337, 32.586666666666666 ], [ 78.933333333333337, 32.583333333333336 ], [ 78.936666666666667, 32.583333333333336 ], [ 78.936666666666667, 32.58 ], [ 78.94, 32.58 ], [ 78.94, 32.576666666666668 ], [ 78.943333333333328, 32.576666666666668 ], [ 78.943333333333328, 32.57 ], [ 78.946666666666673, 32.57 ], [ 78.946666666666673, 32.566666666666663 ], [ 78.95, 32.566666666666663 ], [ 78.95, 32.56 ], [ 78.946666666666673, 32.56 ], [ 78.946666666666673, 32.556666666666665 ], [ 78.943333333333328, 32.556666666666665 ], [ 78.943333333333328, 32.553333333333335 ], [ 78.933333333333337, 32.553333333333335 ], [ 78.933333333333337, 32.55 ], [ 78.93, 32.55 ], [ 78.93, 32.533333333333331 ], [ 78.933333333333337, 32.533333333333331 ], [ 78.933333333333337, 32.526666666666664 ], [ 78.946666666666673, 32.526666666666664 ], [ 78.946666666666673, 32.49666666666667 ], [ 78.95, 32.49666666666667 ], [ 78.95, 32.493333333333332 ], [ 78.973333333333329, 32.493333333333332 ], [ 78.973333333333329, 32.506666666666668 ], [ 78.97, 32.506666666666668 ], [ 78.97, 32.51 ], [ 78.966666666666669, 32.51 ], [ 78.966666666666669, 32.516666666666666 ], [ 78.963333333333338, 32.516666666666666 ], [ 78.963333333333338, 32.526666666666664 ], [ 78.96, 32.526666666666664 ], [ 78.96, 32.53 ], [ 78.956666666666663, 32.53 ], [ 78.956666666666663, 32.533333333333331 ], [ 78.976666666666674, 32.533333333333331 ], [ 78.976666666666674, 32.553333333333335 ], [ 78.98, 32.553333333333335 ], [ 78.98, 32.556666666666665 ], [ 78.983333333333334, 32.556666666666665 ], [ 78.983333333333334, 32.57 ], [ 78.98, 32.57 ], [ 78.98, 32.573333333333331 ], [ 78.976666666666674, 32.573333333333331 ], [ 78.976666666666674, 32.58 ], [ 78.973333333333329, 32.58 ], [ 78.973333333333329, 32.583333333333336 ], [ 78.97, 32.583333333333336 ], [ 78.97, 32.586666666666666 ], [ 78.966666666666669, 32.586666666666666 ], [ 78.966666666666669, 32.603333333333332 ], [ 78.953333333333333, 32.603333333333332 ], [ 78.953333333333333, 32.606666666666669 ], [ 78.946666666666673, 32.606666666666669 ], [ 78.946666666666673, 32.61 ], [ 78.95, 32.61 ], [ 78.95, 32.623333333333335 ], [ 78.946666666666673, 32.623333333333335 ], [ 78.946666666666673, 32.626666666666665 ], [ 78.943333333333328, 32.626666666666665 ], [ 78.943333333333328, 32.63 ], [ 78.896666666666661, 32.63 ] ] ] } },
{ "type": "Feature", "properties": { "site_id": "SAFE-SITE-059", "cci_score": 91.199996948242188, "area_sqkm": 24.74, "capacity_families": 1978, "capacity_persons": 9890, "suitability_tier": "Optimal Prime Site (CCI ≥ 75)" }, "geometry": { "type": "Polygon", "coordinates": [ [ [ 79.373333333333335, 32.506666666666668 ], [ 79.373333333333335, 32.50333333333333 ], [ 79.37, 32.50333333333333 ], [ 79.37, 32.49 ], [ 79.373333333333335, 32.49 ], [ 79.373333333333335, 32.483333333333334 ], [ 79.376666666666665, 32.483333333333334 ], [ 79.376666666666665, 32.453333333333333 ], [ 79.39, 32.453333333333333 ], [ 79.39, 32.463333333333331 ], [ 79.4, 32.463333333333331 ], [ 79.4, 32.466666666666669 ], [ 79.406666666666666, 32.466666666666669 ], [ 79.406666666666666, 32.46 ], [ 79.416666666666671, 32.46 ], [ 79.416666666666671, 32.456666666666663 ], [ 79.43, 32.456666666666663 ], [ 79.43, 32.463333333333331 ], [ 79.433333333333337, 32.463333333333331 ], [ 79.433333333333337, 32.47 ], [ 79.436666666666667, 32.47 ], [ 79.436666666666667, 32.473333333333336 ], [ 79.44, 32.473333333333336 ], [ 79.44, 32.49 ], [ 79.423333333333332, 32.49 ], [ 79.423333333333332, 32.486666666666665 ], [ 79.42, 32.486666666666665 ], [ 79.42, 32.483333333333334 ], [ 79.413333333333327, 32.483333333333334 ], [ 79.413333333333327, 32.493333333333332 ], [ 79.41, 32.493333333333332 ], [ 79.41, 32.5 ], [ 79.393333333333331, 32.5 ], [ 79.393333333333331, 32.50333333333333 ], [ 79.38666666666667, 32.50333333333333 ], [ 79.38666666666667, 32.506666666666668 ], [ 79.373333333333335, 32.506666666666668 ] ] ] } },
{ "type": "Feature", "properties": { "site_id": "SAFE-SITE-060", "cci_score": 91.199996948242188, "area_sqkm": 10.92, "capacity_families": 873, "capacity_persons": 4365, "suitability_tier": "Optimal Prime Site (CCI ≥ 75)" }, "geometry": { "type": "Polygon", "coordinates": [ [ [ 79.013333333333335, 32.44 ], [ 79.013333333333335, 32.426666666666669 ], [ 79.026666666666671, 32.426666666666669 ], [ 79.026666666666671, 32.42 ], [ 79.03, 32.42 ], [ 79.03, 32.413333333333334 ], [ 79.043333333333337, 32.413333333333334 ], [ 79.043333333333337, 32.4 ], [ 79.056666666666672, 32.4 ], [ 79.056666666666672, 32.403333333333336 ], [ 79.06, 32.403333333333336 ], [ 79.06, 32.416666666666664 ], [ 79.056666666666672, 32.416666666666664 ], [ 79.056666666666672, 32.436666666666667 ], [ 79.043333333333337, 32.436666666666667 ], [ 79.043333333333337, 32.43333333333333 ], [ 79.03, 32.43333333333333 ], [ 79.03, 32.44 ], [ 79.013333333333335, 32.44 ] ] ] } },
{ "type": "Feature", "properties": { "site_id": "SAFE-SITE-061", "cci_score": 91.199996948242188, "area_sqkm": 10.57, "capacity_families": 845, "capacity_persons": 4225, "suitability_tier": "Optimal Prime Site (CCI ≥ 75)" }, "geometry": { "type": "Polygon", "coordinates": [ [ [ 79.02, 32.373333333333335 ], [ 79.02, 32.36 ], [ 79.033333333333331, 32.36 ], [ 79.033333333333331, 32.356666666666669 ], [ 79.036666666666662, 32.356666666666669 ], [ 79.036666666666662, 32.343333333333334 ], [ 79.043333333333337, 32.343333333333334 ], [ 79.043333333333337, 32.34 ], [ 79.05, 32.34 ], [ 79.05, 32.336666666666666 ], [ 79.07, 32.336666666666666 ], [ 79.07, 32.35 ], [ 79.056666666666672, 32.35 ], [ 79.056666666666672, 32.353333333333332 ], [ 79.053333333333327, 32.353333333333332 ], [ 79.053333333333327, 32.373333333333335 ], [ 79.02, 32.373333333333335 ] ] ] } },
{ "type": "Feature", "properties": { "site_id": "SAFE-SITE-062", "cci_score": 91.199996948242188, "area_sqkm": 12.89, "capacity_families": 1031, "capacity_persons": 5155, "suitability_tier": "Optimal Prime Site (CCI ≥ 75)" }, "geometry": { "type": "Polygon", "coordinates": [ [ [ 79.483333333333334, 32.323333333333331 ], [ 79.483333333333334, 32.316666666666663 ], [ 79.466666666666669, 32.316666666666663 ], [ 79.466666666666669, 32.313333333333333 ], [ 79.456666666666663, 32.313333333333333 ], [ 79.456666666666663, 32.3 ], [ 79.463333333333338, 32.3 ], [ 79.463333333333338, 32.296666666666667 ], [ 79.47, 32.296666666666667 ], [ 79.47, 32.29 ], [ 79.473333333333329, 32.29 ], [ 79.473333333333329, 32.283333333333331 ], [ 79.486666666666665, 32.283333333333331 ], [ 79.486666666666665, 32.286666666666669 ], [ 79.49, 32.286666666666669 ], [ 79.49, 32.29 ], [ 79.493333333333339, 32.29 ], [ 79.493333333333339, 32.303333333333335 ], [ 79.506666666666661, 32.303333333333335 ], [ 79.506666666666661, 32.32 ], [ 79.49666666666667, 32.32 ], [ 79.49666666666667, 32.323333333333331 ], [ 79.483333333333334, 32.323333333333331 ] ] ] } },
{ "type": "Feature", "properties": { "site_id": "SAFE-SITE-063", "cci_score": 91.199996948242188, "area_sqkm": 11.03, "capacity_families": 882, "capacity_persons": 4410, "suitability_tier": "Optimal Prime Site (CCI ≥ 75)" }, "geometry": { "type": "Polygon", "coordinates": [ [ [ 76.63333333333334, 32.106666666666669 ], [ 76.63333333333334, 32.09 ], [ 76.63666666666667, 32.09 ], [ 76.63666666666667, 32.08 ], [ 76.64, 32.08 ], [ 76.64, 32.076666666666668 ], [ 76.65, 32.076666666666668 ], [ 76.65, 32.07 ], [ 76.666666666666671, 32.07 ], [ 76.666666666666671, 32.073333333333331 ], [ 76.67, 32.073333333333331 ], [ 76.67, 32.076666666666668 ], [ 76.673333333333332, 32.076666666666668 ], [ 76.673333333333332, 32.09 ], [ 76.666666666666671, 32.09 ], [ 76.666666666666671, 32.093333333333334 ], [ 76.663333333333327, 32.093333333333334 ], [ 76.663333333333327, 32.096666666666664 ], [ 76.66, 32.096666666666664 ], [ 76.66, 32.1 ], [ 76.656666666666666, 32.1 ], [ 76.656666666666666, 32.106666666666669 ], [ 76.63333333333334, 32.106666666666669 ] ] ] } },
{ "type": "Feature", "properties": { "site_id": "SAFE-SITE-064", "cci_score": 91.199996948242188, "area_sqkm": 844.94, "capacity_families": 67595, "capacity_persons": 337975, "suitability_tier": "Optimal Prime Site (CCI ≥ 75)" }, "geometry": { "type": "Polygon", "coordinates": [ [ [ 79.676666666666662, 32.686666666666667 ], [ 79.676666666666662, 32.673333333333332 ], [ 79.68, 32.673333333333332 ], [ 79.68, 32.67 ], [ 79.683333333333337, 32.67 ], [ 79.683333333333337, 32.663333333333334 ], [ 79.68, 32.663333333333334 ], [ 79.68, 32.66 ], [ 79.676666666666662, 32.66 ], [ 79.676666666666662, 32.656666666666666 ], [ 79.673333333333332, 32.656666666666666 ], [ 79.673333333333332, 32.653333333333336 ], [ 79.663333333333327, 32.653333333333336 ], [ 79.663333333333327, 32.64 ], [ 79.66, 32.64 ], [ 79.66, 32.616666666666667 ], [ 79.676666666666662, 32.616666666666667 ], [ 79.676666666666662, 32.61333333333333 ], [ 79.68, 32.61333333333333 ], [ 79.68, 32.606666666666669 ], [ 79.683333333333337, 32.606666666666669 ], [ 79.683333333333337, 32.603333333333332 ], [ 79.696666666666673, 32.603333333333332 ], [ 79.696666666666673, 32.61 ], [ 79.7, 32.61 ], [ 79.7, 32.616666666666667 ], [ 79.706666666666663, 32.616666666666667 ], [ 79.706666666666663, 32.61 ], [ 79.713333333333338, 32.61 ], [ 79.713333333333338, 32.606666666666669 ], [ 79.716666666666669, 32.606666666666669 ], [ 79.716666666666669, 32.603333333333332 ], [ 79.723333333333329, 32.603333333333332 ], [ 79.723333333333329, 32.6 ], [ 79.75333333333333, 32.6 ], [ 79.75333333333333, 32.586666666666666 ], [ 79.756666666666661, 32.586666666666666 ], [ 79.756666666666661, 32.576666666666668 ], [ 79.75333333333333, 32.576666666666668 ], [ 79.75333333333333, 32.57 ], [ 79.75, 32.57 ], [ 79.75, 32.556666666666665 ], [ 79.75333333333333, 32.556666666666665 ], [ 79.75333333333333, 32.553333333333335 ], [ 79.756666666666661, 32.553333333333335 ], [ 79.756666666666661, 32.55 ], [ 79.76, 32.55 ], [ 79.76, 32.546666666666667 ], [ 79.773333333333341, 32.546666666666667 ], [ 79.773333333333341, 32.55 ], [ 79.783333333333331, 32.55 ], [ 79.783333333333331, 32.546666666666667 ], [ 79.786666666666662, 32.546666666666667 ], [ 79.786666666666662, 32.526666666666664 ], [ 79.8, 32.526666666666664 ], [ 79.8, 32.533333333333331 ], [ 79.803333333333327, 32.533333333333331 ], [ 79.803333333333327, 32.53 ], [ 79.806666666666672, 32.53 ], [ 79.806666666666672, 32.516666666666666 ], [ 79.816666666666663, 32.516666666666666 ], [ 79.816666666666663, 32.513333333333335 ], [ 79.823333333333338, 32.513333333333335 ], [ 79.823333333333338, 32.51 ], [ 79.83, 32.51 ], [ 79.83, 32.506666666666668 ], [ 79.84, 32.506666666666668 ], [ 79.84, 32.50333333333333 ], [ 79.843333333333334, 32.50333333333333 ], [ 79.843333333333334, 32.49666666666667 ], [ 79.85, 32.49666666666667 ], [ 79.85, 32.493333333333332 ], [ 79.856666666666669, 32.493333333333332 ], [ 79.856666666666669, 32.49 ], [ 79.86, 32.49 ], [ 79.86, 32.48 ], [ 79.856666666666669, 32.48 ], [ 79.856666666666669, 32.476666666666667 ], [ 79.85, 32.476666666666667 ], [ 79.85, 32.473333333333336 ], [ 79.846666666666664, 32.473333333333336 ], [ 79.846666666666664, 32.47 ], [ 79.843333333333334, 32.47 ], [ 79.843333333333334, 32.463333333333331 ], [ 79.826666666666668, 32.463333333333331 ], [ 79.826666666666668, 32.46 ], [ 79.823333333333338, 32.46 ], [ 79.823333333333338, 32.456666666666663 ], [ 79.82, 32.456666666666663 ], [ 79.82, 32.453333333333333 ], [ 79.803333333333327, 32.453333333333333 ], [ 79.803333333333327, 32.456666666666663 ], [ 79.793333333333337, 32.456666666666663 ], [ 79.793333333333337, 32.46 ], [ 79.79, 32.46 ], [ 79.79, 32.463333333333331 ], [ 79.766666666666666, 32.463333333333331 ], [ 79.766666666666666, 32.46 ], [ 79.763333333333335, 32.46 ], [ 79.763333333333335, 32.463333333333331 ], [ 79.756666666666661, 32.463333333333331 ], [ 79.756666666666661, 32.466666666666669 ], [ 79.75, 32.466666666666669 ], [ 79.75, 32.47 ], [ 79.743333333333339, 32.47 ], [ 79.743333333333339, 32.473333333333336 ], [ 79.74, 32.473333333333336 ], [ 79.74, 32.483333333333334 ], [ 79.73, 32.483333333333334 ], [ 79.73, 32.5 ], [ 79.723333333333329, 32.5 ], [ 79.723333333333329, 32.50333333333333 ], [ 79.716666666666669, 32.50333333333333 ], [ 79.716666666666669, 32.506666666666668 ], [ 79.713333333333338, 32.506666666666668 ], [ 79.713333333333338, 32.516666666666666 ], [ 79.7, 32.516666666666666 ], [ 79.7, 32.52 ], [ 79.696666666666673, 32.52 ], [ 79.696666666666673, 32.523333333333333 ], [ 79.693333333333328, 32.523333333333333 ], [ 79.693333333333328, 32.533333333333331 ], [ 79.69, 32.533333333333331 ], [ 79.69, 32.536666666666669 ], [ 79.663333333333327, 32.536666666666669 ], [ 79.663333333333327, 32.54 ], [ 79.653333333333336, 32.54 ], [ 79.653333333333336, 32.543333333333337 ], [ 79.646666666666661, 32.543333333333337 ], [ 79.646666666666661, 32.546666666666667 ], [ 79.643333333333331, 32.546666666666667 ], [ 79.643333333333331, 32.55 ], [ 79.64, 32.55 ], [ 79.64, 32.553333333333335 ], [ 79.63666666666667, 32.553333333333335 ], [ 79.63666666666667, 32.56 ], [ 79.63333333333334, 32.56 ], [ 79.63333333333334, 32.563333333333333 ], [ 79.63, 32.563333333333333 ], [ 79.63, 32.57 ], [ 79.626666666666665, 32.57 ], [ 79.626666666666665, 32.573333333333331 ], [ 79.61333333333333, 32.573333333333331 ], [ 79.61333333333333, 32.58 ], [ 79.61, 32.58 ], [ 79.61, 32.583333333333336 ], [ 79.606666666666669, 32.583333333333336 ], [ 79.606666666666669, 32.586666666666666 ], [ 79.603333333333339, 32.586666666666666 ], [ 79.603333333333339, 32.59 ], [ 79.6, 32.59 ], [ 79.6, 32.593333333333334 ], [ 79.596666666666664, 32.593333333333334 ], [ 79.596666666666664, 32.596666666666664 ], [ 79.59, 32.596666666666664 ], [ 79.59, 32.603333333333332 ], [ 79.583333333333329, 32.603333333333332 ], [ 79.583333333333329, 32.606666666666669 ], [ 79.573333333333338, 32.606666666666669 ], [ 79.573333333333338, 32.61 ], [ 79.57, 32.61 ], [ 79.57, 32.61333333333333 ], [ 79.563333333333333, 32.61333333333333 ], [ 79.563333333333333, 32.616666666666667 ], [ 79.56, 32.616666666666667 ], [ 79.56, 32.62 ], [ 79.556666666666672, 32.62 ], [ 79.556666666666672, 32.623333333333335 ], [ 79.553333333333327, 32.623333333333335 ], [ 79.553333333333327, 32.626666666666665 ], [ 79.54, 32.626666666666665 ], [ 79.54, 32.62 ], [ 79.536666666666662, 32.62 ], [ 79.536666666666662, 32.606666666666669 ], [ 79.546666666666667, 32.606666666666669 ], [ 79.546666666666667, 32.603333333333332 ], [ 79.55, 32.603333333333332 ], [ 79.55, 32.596666666666664 ], [ 79.553333333333327, 32.596666666666664 ], [ 79.553333333333327, 32.593333333333334 ], [ 79.556666666666672, 32.593333333333334 ], [ 79.556666666666672, 32.586666666666666 ], [ 79.56, 32.586666666666666 ], [ 79.56, 32.58 ], [ 79.58, 32.58 ], [ 79.58, 32.573333333333331 ], [ 79.576666666666668, 32.573333333333331 ], [ 79.576666666666668, 32.556666666666665 ], [ 79.583333333333329, 32.556666666666665 ], [ 79.583333333333329, 32.553333333333335 ], [ 79.586666666666673, 32.553333333333335 ], [ 79.586666666666673, 32.546666666666667 ], [ 79.6, 32.546666666666667 ], [ 79.6, 32.543333333333337 ], [ 79.61333333333333, 32.543333333333337 ], [ 79.61333333333333, 32.526666666666664 ], [ 79.616666666666674, 32.526666666666664 ], [ 79.616666666666674, 32.52 ], [ 79.63333333333334, 32.52 ], [ 79.63333333333334, 32.50333333333333 ], [ 79.63666666666667, 32.50333333333333 ], [ 79.63666666666667, 32.49666666666667 ], [ 79.64, 32.49666666666667 ], [ 79.64, 32.486666666666665 ], [ 79.643333333333331, 32.486666666666665 ], [ 79.643333333333331, 32.483333333333334 ], [ 79.646666666666661, 32.483333333333334 ], [ 79.646666666666661, 32.48 ], [ 79.67, 32.48 ], [ 79.67, 32.486666666666665 ], [ 79.673333333333332, 32.486666666666665 ], [ 79.673333333333332, 32.476666666666667 ], [ 79.676666666666662, 32.476666666666667 ], [ 79.676666666666662, 32.47 ], [ 79.68, 32.47 ], [ 79.68, 32.463333333333331 ], [ 79.686666666666667, 32.463333333333331 ], [ 79.686666666666667, 32.46 ], [ 79.69, 32.46 ], [ 79.69, 32.45 ], [ 79.693333333333328, 32.45 ], [ 79.693333333333328, 32.446666666666665 ], [ 79.696666666666673, 32.446666666666665 ], [ 79.696666666666673, 32.443333333333335 ], [ 79.7, 32.443333333333335 ], [ 79.7, 32.436666666666667 ], [ 79.703333333333333, 32.436666666666667 ], [ 79.703333333333333, 32.43333333333333 ], [ 79.71, 32.43333333333333 ], [ 79.71, 32.43 ], [ 79.713333333333338, 32.43 ], [ 79.713333333333338, 32.426666666666669 ], [ 79.716666666666669, 32.426666666666669 ], [ 79.716666666666669, 32.423333333333332 ], [ 79.72, 32.423333333333332 ], [ 79.72, 32.416666666666664 ], [ 79.723333333333329, 32.416666666666664 ], [ 79.723333333333329, 32.41 ], [ 79.73, 32.41 ], [ 79.73, 32.406666666666666 ], [ 79.743333333333339, 32.406666666666666 ], [ 79.743333333333339, 32.403333333333336 ], [ 79.74666666666667, 32.403333333333336 ], [ 79.74666666666667, 32.4 ], [ 79.75, 32.4 ], [ 79.75, 32.393333333333331 ], [ 79.75333333333333, 32.393333333333331 ], [ 79.75333333333333, 32.39 ], [ 79.756666666666661, 32.39 ], [ 79.756666666666661, 32.38666666666667 ], [ 79.76, 32.38666666666667 ], [ 79.76, 32.38 ], [ 79.763333333333335, 32.38 ], [ 79.763333333333335, 32.376666666666665 ], [ 79.766666666666666, 32.376666666666665 ], [ 79.766666666666666, 32.37 ], [ 79.77, 32.37 ], [ 79.77, 32.366666666666667 ], [ 79.773333333333341, 32.366666666666667 ], [ 79.773333333333341, 32.36333333333333 ], [ 79.776666666666671, 32.36333333333333 ], [ 79.776666666666671, 32.353333333333332 ], [ 79.78, 32.353333333333332 ], [ 79.78, 32.343333333333334 ], [ 79.783333333333331, 32.343333333333334 ], [ 79.783333333333331, 32.336666666666666 ], [ 79.786666666666662, 32.336666666666666 ], [ 79.786666666666662, 32.333333333333336 ], [ 79.79, 32.333333333333336 ], [ 79.79, 32.326666666666668 ], [ 79.793333333333337, 32.326666666666668 ], [ 79.793333333333337, 32.323333333333331 ], [ 79.796666666666667, 32.323333333333331 ], [ 79.796666666666667, 32.32 ], [ 79.8, 32.32 ], [ 79.8, 32.316666666666663 ], [ 79.806666666666672, 32.316666666666663 ], [ 79.806666666666672, 32.313333333333333 ], [ 79.813333333333333, 32.313333333333333 ], [ 79.813333333333333, 32.306666666666665 ], [ 79.816666666666663, 32.306666666666665 ], [ 79.816666666666663, 32.303333333333335 ], [ 79.843333333333334, 32.303333333333335 ], [ 79.843333333333334, 32.3 ], [ 79.853333333333339, 32.3 ], [ 79.853333333333339, 32.296666666666667 ], [ 79.856666666666669, 32.296666666666667 ], [ 79.856666666666669, 32.29 ], [ 79.86, 32.29 ], [ 79.86, 32.283333333333331 ], [ 79.86333333333333, 32.283333333333331 ], [ 79.86333333333333, 32.263333333333335 ], [ 79.873333333333335, 32.263333333333335 ], [ 79.873333333333335, 32.26 ], [ 79.876666666666665, 32.26 ], [ 79.876666666666665, 32.256666666666668 ], [ 79.88, 32.256666666666668 ], [ 79.88, 32.25333333333333 ], [ 79.88666666666667, 32.25333333333333 ], [ 79.88666666666667, 32.25 ], [ 79.89, 32.25 ], [ 79.89, 32.24666666666667 ], [ 79.893333333333331, 32.24666666666667 ], [ 79.893333333333331, 32.243333333333332 ], [ 79.896666666666661, 32.243333333333332 ], [ 79.896666666666661, 32.24 ], [ 79.9, 32.24 ], [ 79.9, 32.236666666666665 ], [ 79.903333333333336, 32.236666666666665 ], [ 79.903333333333336, 32.233333333333334 ], [ 79.906666666666666, 32.233333333333334 ], [ 79.906666666666666, 32.23 ], [ 79.91, 32.23 ], [ 79.91, 32.223333333333336 ], [ 79.913333333333327, 32.223333333333336 ], [ 79.913333333333327, 32.22 ], [ 79.916666666666671, 32.22 ], [ 79.916666666666671, 32.21 ], [ 79.913333333333327, 32.21 ], [ 79.913333333333327, 32.193333333333335 ], [ 79.91, 32.193333333333335 ], [ 79.91, 32.18 ], [ 79.913333333333327, 32.18 ], [ 79.913333333333327, 32.176666666666669 ], [ 79.916666666666671, 32.176666666666669 ], [ 79.916666666666671, 32.173333333333332 ], [ 79.92, 32.173333333333332 ], [ 79.92, 32.17 ], [ 79.923333333333332, 32.17 ], [ 79.923333333333332, 32.166666666666664 ], [ 79.926666666666662, 32.166666666666664 ], [ 79.926666666666662, 32.163333333333334 ], [ 79.93, 32.163333333333334 ], [ 79.93, 32.16 ], [ 79.933333333333337, 32.16 ], [ 79.933333333333337, 32.156666666666666 ], [ 79.94, 32.156666666666666 ], [ 79.94, 32.153333333333336 ], [ 79.943333333333328, 32.153333333333336 ], [ 79.943333333333328, 32.133333333333333 ], [ 79.946666666666673, 32.133333333333333 ], [ 79.946666666666673, 32.13 ], [ 79.95, 32.13 ], [ 79.95, 32.123333333333335 ], [ 79.953333333333333, 32.123333333333335 ], [ 79.953333333333333, 32.11333333333333 ], [ 79.96, 32.11333333333333 ], [ 79.96, 32.106666666666669 ], [ 79.976666666666659, 32.106666666666669 ], [ 79.976666666666659, 32.103333333333332 ], [ 79.98, 32.103333333333332 ], [ 79.98, 32.1 ], [ 79.983333333333334, 32.1 ], [ 79.983333333333334, 32.096666666666664 ], [ 79.986666666666665, 32.096666666666664 ], [ 79.986666666666665, 32.083333333333336 ], [ 79.98, 32.083333333333336 ], [ 79.98, 32.07 ], [ 79.983333333333334, 32.07 ], [ 79.983333333333334, 32.066666666666663 ], [ 80.0, 32.066666666666663 ], [ 80.0, 32.286666666666669 ], [ 79.99, 32.286666666666669 ], [ 79.99, 32.29 ], [ 79.983333333333334, 32.29 ], [ 79.983333333333334, 32.293333333333337 ], [ 79.98, 32.293333333333337 ], [ 79.98, 32.3 ], [ 79.976666666666659, 32.3 ], [ 79.976666666666659, 32.313333333333333 ], [ 79.973333333333329, 32.313333333333333 ], [ 79.973333333333329, 32.316666666666663 ], [ 79.956666666666663, 32.316666666666663 ], [ 79.956666666666663, 32.313333333333333 ], [ 79.953333333333333, 32.313333333333333 ], [ 79.953333333333333, 32.316666666666663 ], [ 79.946666666666673, 32.316666666666663 ], [ 79.946666666666673, 32.323333333333331 ], [ 79.94, 32.323333333333331 ], [ 79.94, 32.326666666666668 ], [ 79.936666666666667, 32.326666666666668 ], [ 79.936666666666667, 32.33 ], [ 79.933333333333337, 32.33 ], [ 79.933333333333337, 32.333333333333336 ], [ 79.923333333333332, 32.333333333333336 ], [ 79.923333333333332, 32.336666666666666 ], [ 79.916666666666671, 32.336666666666666 ], [ 79.916666666666671, 32.34 ], [ 79.9, 32.34 ], [ 79.9, 32.343333333333334 ], [ 79.896666666666661, 32.343333333333334 ], [ 79.896666666666661, 32.346666666666664 ], [ 79.893333333333331, 32.346666666666664 ], [ 79.893333333333331, 32.35 ], [ 79.88666666666667, 32.35 ], [ 79.88666666666667, 32.356666666666669 ], [ 79.88333333333334, 32.356666666666669 ], [ 79.88333333333334, 32.36 ], [ 79.876666666666665, 32.36 ], [ 79.876666666666665, 32.36333333333333 ], [ 79.86, 32.36333333333333 ], [ 79.86, 32.366666666666667 ], [ 79.856666666666669, 32.366666666666667 ], [ 79.856666666666669, 32.373333333333335 ], [ 79.853333333333339, 32.373333333333335 ], [ 79.853333333333339, 32.376666666666665 ], [ 79.85, 32.376666666666665 ], [ 79.85, 32.38 ], [ 79.846666666666664, 32.38 ], [ 79.846666666666664, 32.383333333333333 ], [ 79.84, 32.383333333333333 ], [ 79.84, 32.38666666666667 ], [ 79.836666666666673, 32.38666666666667 ], [ 79.836666666666673, 32.39 ], [ 79.83, 32.39 ], [ 79.83, 32.393333333333331 ], [ 79.826666666666668, 32.393333333333331 ], [ 79.826666666666668, 32.403333333333336 ], [ 79.823333333333338, 32.403333333333336 ], [ 79.823333333333338, 32.41 ], [ 79.816666666666663, 32.41 ], [ 79.816666666666663, 32.416666666666664 ], [ 79.813333333333333, 32.416666666666664 ], [ 79.813333333333333, 32.42 ], [ 79.81, 32.42 ], [ 79.81, 32.423333333333332 ], [ 79.813333333333333, 32.423333333333332 ], [ 79.813333333333333, 32.43 ], [ 79.816666666666663, 32.43 ], [ 79.816666666666663, 32.43333333333333 ], [ 79.823333333333338, 32.43333333333333 ], [ 79.823333333333338, 32.44 ], [ 79.826666666666668, 32.44 ], [ 79.826666666666668, 32.443333333333335 ], [ 79.833333333333329, 32.443333333333335 ], [ 79.833333333333329, 32.446666666666665 ], [ 79.84, 32.446666666666665 ], [ 79.84, 32.45 ], [ 79.843333333333334, 32.45 ], [ 79.843333333333334, 32.456666666666663 ], [ 79.86333333333333, 32.456666666666663 ], [ 79.86333333333333, 32.45 ], [ 79.866666666666674, 32.45 ], [ 79.866666666666674, 32.43333333333333 ], [ 79.87, 32.43333333333333 ], [ 79.87, 32.43 ], [ 79.88333333333334, 32.43 ], [ 79.88333333333334, 32.43333333333333 ], [ 79.89, 32.43333333333333 ], [ 79.89, 32.446666666666665 ], [ 79.893333333333331, 32.446666666666665 ], [ 79.893333333333331, 32.43 ], [ 79.9, 32.43 ], [ 79.9, 32.426666666666669 ], [ 79.903333333333336, 32.426666666666669 ], [ 79.903333333333336, 32.423333333333332 ], [ 79.91, 32.423333333333332 ], [ 79.91, 32.42 ], [ 79.916666666666671, 32.42 ], [ 79.916666666666671, 32.416666666666664 ], [ 79.933333333333337, 32.416666666666664 ], [ 79.933333333333337, 32.43333333333333 ], [ 79.93, 32.43333333333333 ], [ 79.93, 32.45 ], [ 79.933333333333337, 32.45 ], [ 79.933333333333337, 32.456666666666663 ], [ 79.936666666666667, 32.456666666666663 ], [ 79.936666666666667, 32.46 ], [ 79.963333333333338, 32.46 ], [ 79.963333333333338, 32.456666666666663 ], [ 79.97, 32.456666666666663 ], [ 79.97, 32.453333333333333 ], [ 79.973333333333329, 32.453333333333333 ], [ 79.973333333333329, 32.45 ], [ 79.976666666666659, 32.45 ], [ 79.976666666666659, 32.43 ], [ 79.98, 32.43 ], [ 79.98, 32.426666666666669 ], [ 79.983333333333334, 32.426666666666669 ], [ 79.983333333333334, 32.42 ], [ 79.986666666666665, 32.42 ], [ 79.986666666666665, 32.413333333333334 ], [ 80.0, 32.413333333333334 ], [ 80.0, 32.536666666666669 ], [ 79.986666666666665, 32.536666666666669 ], [ 79.986666666666665, 32.533333333333331 ], [ 79.96, 32.533333333333331 ], [ 79.96, 32.536666666666669 ], [ 79.953333333333333, 32.536666666666669 ], [ 79.953333333333333, 32.54 ], [ 79.943333333333328, 32.54 ], [ 79.943333333333328, 32.543333333333337 ], [ 79.936666666666667, 32.543333333333337 ], [ 79.936666666666667, 32.546666666666667 ], [ 79.923333333333332, 32.546666666666667 ], [ 79.923333333333332, 32.55 ], [ 79.92, 32.55 ], [ 79.92, 32.553333333333335 ], [ 79.91, 32.553333333333335 ], [ 79.91, 32.556666666666665 ], [ 79.9, 32.556666666666665 ], [ 79.9, 32.56 ], [ 79.896666666666661, 32.56 ], [ 79.896666666666661, 32.563333333333333 ], [ 79.89, 32.563333333333333 ], [ 79.89, 32.566666666666663 ], [ 79.876666666666665, 32.566666666666663 ], [ 79.876666666666665, 32.563333333333333 ], [ 79.866666666666674, 32.563333333333333 ], [ 79.866666666666674, 32.566666666666663 ], [ 79.86333333333333, 32.566666666666663 ], [ 79.86333333333333, 32.58 ], [ 79.86, 32.58 ], [ 79.86, 32.583333333333336 ], [ 79.856666666666669, 32.583333333333336 ], [ 79.856666666666669, 32.593333333333334 ], [ 79.86, 32.593333333333334 ], [ 79.86, 32.596666666666664 ], [ 79.873333333333335, 32.596666666666664 ], [ 79.873333333333335, 32.61 ], [ 79.86, 32.61 ], [ 79.86, 32.61333333333333 ], [ 79.856666666666669, 32.61333333333333 ], [ 79.856666666666669, 32.616666666666667 ], [ 79.853333333333339, 32.616666666666667 ], [ 79.853333333333339, 32.626666666666665 ], [ 79.85, 32.626666666666665 ], [ 79.85, 32.646666666666668 ], [ 79.843333333333334, 32.646666666666668 ], [ 79.843333333333334, 32.65 ], [ 79.84, 32.65 ], [ 79.84, 32.653333333333336 ], [ 79.826666666666668, 32.653333333333336 ], [ 79.826666666666668, 32.643333333333331 ], [ 79.81, 32.643333333333331 ], [ 79.81, 32.646666666666668 ], [ 79.8, 32.646666666666668 ], [ 79.8, 32.65 ], [ 79.793333333333337, 32.65 ], [ 79.793333333333337, 32.653333333333336 ], [ 79.78, 32.653333333333336 ], [ 79.78, 32.656666666666666 ], [ 79.773333333333341, 32.656666666666666 ], [ 79.773333333333341, 32.66 ], [ 79.77, 32.66 ], [ 79.77, 32.663333333333334 ], [ 79.736666666666665, 32.663333333333334 ], [ 79.736666666666665, 32.666666666666664 ], [ 79.723333333333329, 32.666666666666664 ], [ 79.723333333333329, 32.67 ], [ 79.716666666666669, 32.67 ], [ 79.716666666666669, 32.673333333333332 ], [ 79.713333333333338, 32.673333333333332 ], [ 79.713333333333338, 32.676666666666669 ], [ 79.71, 32.676666666666669 ], [ 79.71, 32.68333333333333 ], [ 79.7, 32.68333333333333 ], [ 79.7, 32.686666666666667 ], [ 79.676666666666662, 32.686666666666667 ] ], [ [ 79.736666666666665, 32.63666666666667 ], [ 79.74, 32.63666666666667 ], [ 79.74, 32.633333333333333 ], [ 79.736666666666665, 32.633333333333333 ], [ 79.736666666666665, 32.63666666666667 ] ], [ [ 79.74, 32.633333333333333 ], [ 79.743333333333339, 32.633333333333333 ], [ 79.743333333333339, 32.63 ], [ 79.74, 32.63 ], [ 79.74, 32.633333333333333 ] ], [ [ 79.743333333333339, 32.63 ], [ 79.74666666666667, 32.63 ], [ 79.74666666666667, 32.626666666666665 ], [ 79.743333333333339, 32.626666666666665 ], [ 79.743333333333339, 32.63 ] ], [ [ 79.783333333333331, 32.61 ], [ 79.796666666666667, 32.61 ], [ 79.796666666666667, 32.606666666666669 ], [ 79.803333333333327, 32.606666666666669 ], [ 79.803333333333327, 32.603333333333332 ], [ 79.813333333333333, 32.603333333333332 ], [ 79.813333333333333, 32.6 ], [ 79.816666666666663, 32.6 ], [ 79.816666666666663, 32.596666666666664 ], [ 79.82, 32.596666666666664 ], [ 79.82, 32.593333333333334 ], [ 79.823333333333338, 32.593333333333334 ], [ 79.823333333333338, 32.59 ], [ 79.82, 32.59 ], [ 79.82, 32.586666666666666 ], [ 79.806666666666672, 32.586666666666666 ], [ 79.806666666666672, 32.59 ], [ 79.8, 32.59 ], [ 79.8, 32.593333333333334 ], [ 79.793333333333337, 32.593333333333334 ], [ 79.793333333333337, 32.596666666666664 ], [ 79.79, 32.596666666666664 ], [ 79.79, 32.6 ], [ 79.786666666666662, 32.6 ], [ 79.786666666666662, 32.603333333333332 ], [ 79.783333333333331, 32.603333333333332 ], [ 79.783333333333331, 32.61 ] ], [ [ 79.873333333333335, 32.543333333333337 ], [ 79.88333333333334, 32.543333333333337 ], [ 79.88333333333334, 32.54 ], [ 79.88666666666667, 32.54 ], [ 79.88666666666667, 32.536666666666669 ], [ 79.88333333333334, 32.536666666666669 ], [ 79.88333333333334, 32.533333333333331 ], [ 79.88, 32.533333333333331 ], [ 79.88, 32.53 ], [ 79.873333333333335, 32.53 ], [ 79.873333333333335, 32.533333333333331 ], [ 79.87, 32.533333333333331 ], [ 79.87, 32.54 ], [ 79.873333333333335, 32.54 ], [ 79.873333333333335, 32.543333333333337 ] ], [ [ 79.64, 32.526666666666664 ], [ 79.646666666666661, 32.526666666666664 ], [ 79.646666666666661, 32.523333333333333 ], [ 79.64, 32.523333333333333 ], [ 79.64, 32.526666666666664 ] ], [ [ 79.65, 32.516666666666666 ], [ 79.653333333333336, 32.516666666666666 ], [ 79.653333333333336, 32.513333333333335 ], [ 79.66, 32.513333333333335 ], [ 79.66, 32.51 ], [ 79.666666666666671, 32.51 ], [ 79.666666666666671, 32.506666666666668 ], [ 79.67, 32.506666666666668 ], [ 79.67, 32.50333333333333 ], [ 79.673333333333332, 32.50333333333333 ], [ 79.673333333333332, 32.5 ], [ 79.663333333333327, 32.5 ], [ 79.663333333333327, 32.50333333333333 ], [ 79.66, 32.50333333333333 ], [ 79.66, 32.506666666666668 ], [ 79.656666666666666, 32.506666666666668 ], [ 79.656666666666666, 32.51 ], [ 79.65, 32.51 ], [ 79.65, 32.516666666666666 ] ], [ [ 79.876666666666665, 32.453333333333333 ], [ 79.88, 32.453333333333333 ], [ 79.88, 32.45 ], [ 79.876666666666665, 32.45 ], [ 79.876666666666665, 32.453333333333333 ] ], [ [ 79.88666666666667, 32.45 ], [ 79.89, 32.45 ], [ 79.89, 32.446666666666665 ], [ 79.88666666666667, 32.446666666666665 ], [ 79.88666666666667, 32.45 ] ] ] } },
{ "type": "Feature", "properties": { "site_id": "SAFE-SITE-065", "cci_score": 91.199996948242188, "area_sqkm": 33.91, "capacity_families": 2712, "capacity_persons": 13560, "suitability_tier": "Optimal Prime Site (CCI ≥ 75)" }, "geometry": { "type": "Polygon", "coordinates": [ [ [ 79.333333333333329, 32.11333333333333 ], [ 79.333333333333329, 32.11 ], [ 79.33, 32.11 ], [ 79.33, 32.103333333333332 ], [ 79.326666666666668, 32.103333333333332 ], [ 79.326666666666668, 32.083333333333336 ], [ 79.32, 32.083333333333336 ], [ 79.32, 32.076666666666668 ], [ 79.306666666666672, 32.076666666666668 ], [ 79.306666666666672, 32.08 ], [ 79.303333333333327, 32.08 ], [ 79.303333333333327, 32.086666666666666 ], [ 79.29, 32.086666666666666 ], [ 79.29, 32.08 ], [ 79.286666666666662, 32.08 ], [ 79.286666666666662, 32.083333333333336 ], [ 79.273333333333341, 32.083333333333336 ], [ 79.273333333333341, 32.066666666666663 ], [ 79.276666666666671, 32.066666666666663 ], [ 79.276666666666671, 32.063333333333333 ], [ 79.28, 32.063333333333333 ], [ 79.28, 32.06 ], [ 79.283333333333331, 32.06 ], [ 79.283333333333331, 32.053333333333335 ], [ 79.286666666666662, 32.053333333333335 ], [ 79.286666666666662, 32.05 ], [ 79.29, 32.05 ], [ 79.29, 32.046666666666667 ], [ 79.286666666666662, 32.046666666666667 ], [ 79.286666666666662, 32.043333333333337 ], [ 79.283333333333331, 32.043333333333337 ], [ 79.283333333333331, 32.03 ], [ 79.29, 32.03 ], [ 79.29, 32.026666666666664 ], [ 79.293333333333337, 32.026666666666664 ], [ 79.293333333333337, 32.02 ], [ 79.313333333333333, 32.02 ], [ 79.313333333333333, 32.026666666666664 ], [ 79.323333333333338, 32.026666666666664 ], [ 79.323333333333338, 32.046666666666667 ], [ 79.32, 32.046666666666667 ], [ 79.32, 32.063333333333333 ], [ 79.333333333333329, 32.063333333333333 ], [ 79.333333333333329, 32.08 ], [ 79.34, 32.08 ], [ 79.34, 32.083333333333336 ], [ 79.343333333333334, 32.083333333333336 ], [ 79.343333333333334, 32.086666666666666 ], [ 79.346666666666664, 32.086666666666666 ], [ 79.346666666666664, 32.09 ], [ 79.35, 32.09 ], [ 79.35, 32.11 ], [ 79.346666666666664, 32.11 ], [ 79.346666666666664, 32.11333333333333 ], [ 79.333333333333329, 32.11333333333333 ] ] ] } },
{ "type": "Feature", "properties": { "site_id": "SAFE-SITE-066", "cci_score": 91.199996948242188, "area_sqkm": 164.32, "capacity_families": 13145, "capacity_persons": 65725, "suitability_tier": "Optimal Prime Site (CCI ≥ 75)" }, "geometry": { "type": "Polygon", "coordinates": [ [ [ 79.433333333333337, 32.23 ], [ 79.433333333333337, 32.22 ], [ 79.426666666666662, 32.22 ], [ 79.426666666666662, 32.206666666666663 ], [ 79.433333333333337, 32.206666666666663 ], [ 79.433333333333337, 32.2 ], [ 79.43, 32.2 ], [ 79.43, 32.19 ], [ 79.41, 32.19 ], [ 79.41, 32.18333333333333 ], [ 79.403333333333336, 32.18333333333333 ], [ 79.403333333333336, 32.163333333333334 ], [ 79.406666666666666, 32.163333333333334 ], [ 79.406666666666666, 32.16 ], [ 79.433333333333337, 32.16 ], [ 79.433333333333337, 32.156666666666666 ], [ 79.436666666666667, 32.156666666666666 ], [ 79.436666666666667, 32.146666666666668 ], [ 79.456666666666663, 32.146666666666668 ], [ 79.456666666666663, 32.15 ], [ 79.46, 32.15 ], [ 79.46, 32.16 ], [ 79.48, 32.16 ], [ 79.48, 32.156666666666666 ], [ 79.49666666666667, 32.156666666666666 ], [ 79.49666666666667, 32.15 ], [ 79.49, 32.15 ], [ 79.49, 32.146666666666668 ], [ 79.486666666666665, 32.146666666666668 ], [ 79.486666666666665, 32.143333333333331 ], [ 79.483333333333334, 32.143333333333331 ], [ 79.483333333333334, 32.136666666666663 ], [ 79.48, 32.136666666666663 ], [ 79.48, 32.123333333333335 ], [ 79.476666666666659, 32.123333333333335 ], [ 79.476666666666659, 32.106666666666669 ], [ 79.473333333333329, 32.106666666666669 ], [ 79.473333333333329, 32.093333333333334 ], [ 79.483333333333334, 32.093333333333334 ], [ 79.483333333333334, 32.09 ], [ 79.486666666666665, 32.09 ], [ 79.486666666666665, 32.086666666666666 ], [ 79.476666666666659, 32.086666666666666 ], [ 79.476666666666659, 32.083333333333336 ], [ 79.473333333333329, 32.083333333333336 ], [ 79.473333333333329, 32.08 ], [ 79.466666666666669, 32.08 ], [ 79.466666666666669, 32.076666666666668 ], [ 79.463333333333338, 32.076666666666668 ], [ 79.463333333333338, 32.063333333333333 ], [ 79.47, 32.063333333333333 ], [ 79.47, 32.056666666666665 ], [ 79.453333333333333, 32.056666666666665 ], [ 79.453333333333333, 32.05 ], [ 79.443333333333328, 32.05 ], [ 79.443333333333328, 32.046666666666667 ], [ 79.44, 32.046666666666667 ], [ 79.44, 32.043333333333337 ], [ 79.436666666666667, 32.043333333333337 ], [ 79.436666666666667, 32.046666666666667 ], [ 79.43, 32.046666666666667 ], [ 79.43, 32.053333333333335 ], [ 79.416666666666671, 32.053333333333335 ], [ 79.416666666666671, 32.046666666666667 ], [ 79.413333333333327, 32.046666666666667 ], [ 79.413333333333327, 32.043333333333337 ], [ 79.403333333333336, 32.043333333333337 ], [ 79.403333333333336, 32.03 ], [ 79.41, 32.03 ], [ 79.41, 32.026666666666664 ], [ 79.42, 32.026666666666664 ], [ 79.42, 32.023333333333333 ], [ 79.456666666666663, 32.023333333333333 ], [ 79.456666666666663, 32.02 ], [ 79.453333333333333, 32.02 ], [ 79.453333333333333, 32.016666666666666 ], [ 79.436666666666667, 32.016666666666666 ], [ 79.436666666666667, 32.0 ], [ 79.44, 32.0 ], [ 79.44, 31.996666666666666 ], [ 79.453333333333333, 31.996666666666666 ], [ 79.453333333333333, 32.0 ], [ 79.456666666666663, 32.0 ], [ 79.456666666666663, 32.00333333333333 ], [ 79.46, 32.00333333333333 ], [ 79.46, 32.006666666666668 ], [ 79.466666666666669, 32.006666666666668 ], [ 79.466666666666669, 32.01 ], [ 79.47, 32.01 ], [ 79.47, 32.016666666666666 ], [ 79.483333333333334, 32.016666666666666 ], [ 79.483333333333334, 32.033333333333331 ], [ 79.493333333333339, 32.033333333333331 ], [ 79.493333333333339, 32.04 ], [ 79.49666666666667, 32.04 ], [ 79.49666666666667, 32.03 ], [ 79.513333333333335, 32.03 ], [ 79.513333333333335, 32.033333333333331 ], [ 79.516666666666666, 32.033333333333331 ], [ 79.516666666666666, 32.036666666666669 ], [ 79.526666666666671, 32.036666666666669 ], [ 79.526666666666671, 32.05 ], [ 79.53, 32.05 ], [ 79.53, 32.056666666666665 ], [ 79.533333333333331, 32.056666666666665 ], [ 79.533333333333331, 32.073333333333331 ], [ 79.526666666666671, 32.073333333333331 ], [ 79.526666666666671, 32.076666666666668 ], [ 79.52, 32.076666666666668 ], [ 79.52, 32.08 ], [ 79.516666666666666, 32.08 ], [ 79.516666666666666, 32.083333333333336 ], [ 79.513333333333335, 32.083333333333336 ], [ 79.513333333333335, 32.086666666666666 ], [ 79.51, 32.086666666666666 ], [ 79.51, 32.09 ], [ 79.506666666666661, 32.09 ], [ 79.506666666666661, 32.096666666666664 ], [ 79.513333333333335, 32.096666666666664 ], [ 79.513333333333335, 32.1 ], [ 79.516666666666666, 32.1 ], [ 79.516666666666666, 32.103333333333332 ], [ 79.523333333333341, 32.103333333333332 ], [ 79.523333333333341, 32.106666666666669 ], [ 79.526666666666671, 32.106666666666669 ], [ 79.526666666666671, 32.13 ], [ 79.513333333333335, 32.13 ], [ 79.513333333333335, 32.133333333333333 ], [ 79.526666666666671, 32.133333333333333 ], [ 79.526666666666671, 32.136666666666663 ], [ 79.533333333333331, 32.136666666666663 ], [ 79.533333333333331, 32.213333333333331 ], [ 79.536666666666662, 32.213333333333331 ], [ 79.536666666666662, 32.216666666666669 ], [ 79.54, 32.216666666666669 ], [ 79.54, 32.23 ], [ 79.523333333333341, 32.23 ], [ 79.523333333333341, 32.226666666666667 ], [ 79.506666666666661, 32.226666666666667 ], [ 79.506666666666661, 32.223333333333336 ], [ 79.50333333333333, 32.223333333333336 ], [ 79.50333333333333, 32.21 ], [ 79.51, 32.21 ], [ 79.51, 32.206666666666663 ], [ 79.506666666666661, 32.206666666666663 ], [ 79.506666666666661, 32.2 ], [ 79.5, 32.2 ], [ 79.5, 32.196666666666665 ], [ 79.483333333333334, 32.196666666666665 ], [ 79.483333333333334, 32.193333333333335 ], [ 79.48, 32.193333333333335 ], [ 79.48, 32.206666666666663 ], [ 79.47, 32.206666666666663 ], [ 79.47, 32.21 ], [ 79.466666666666669, 32.21 ], [ 79.466666666666669, 32.213333333333331 ], [ 79.463333333333338, 32.213333333333331 ], [ 79.463333333333338, 32.226666666666667 ], [ 79.453333333333333, 32.226666666666667 ], [ 79.453333333333333, 32.23 ], [ 79.433333333333337, 32.23 ] ], [ [ 79.476666666666659, 32.193333333333335 ], [ 79.48, 32.193333333333335 ], [ 79.48, 32.19 ], [ 79.476666666666659, 32.19 ], [ 79.476666666666659, 32.193333333333335 ] ], [ [ 79.47, 32.053333333333335 ], [ 79.476666666666659, 32.053333333333335 ], [ 79.476666666666659, 32.036666666666669 ], [ 79.463333333333338, 32.036666666666669 ], [ 79.463333333333338, 32.033333333333331 ], [ 79.46, 32.033333333333331 ], [ 79.46, 32.036666666666669 ], [ 79.456666666666663, 32.036666666666669 ], [ 79.456666666666663, 32.043333333333337 ], [ 79.47, 32.043333333333337 ], [ 79.47, 32.053333333333335 ] ] ] } },
{ "type": "Feature", "properties": { "site_id": "SAFE-SITE-067", "cci_score": 91.199996948242188, "area_sqkm": 43.55, "capacity_families": 3483, "capacity_persons": 17415, "suitability_tier": "Optimal Prime Site (CCI ≥ 75)" }, "geometry": { "type": "Polygon", "coordinates": [ [ [ 79.396666666666661, 32.013333333333335 ], [ 79.396666666666661, 32.01 ], [ 79.38333333333334, 32.01 ], [ 79.38333333333334, 32.006666666666668 ], [ 79.38, 32.006666666666668 ], [ 79.38, 32.01 ], [ 79.36333333333333, 32.01 ], [ 79.36333333333333, 31.98 ], [ 79.38333333333334, 31.98 ], [ 79.38333333333334, 31.983333333333334 ], [ 79.39, 31.983333333333334 ], [ 79.39, 31.976666666666667 ], [ 79.393333333333331, 31.976666666666667 ], [ 79.393333333333331, 31.973333333333333 ], [ 79.39, 31.973333333333333 ], [ 79.39, 31.97 ], [ 79.38333333333334, 31.97 ], [ 79.38333333333334, 31.966666666666665 ], [ 79.37, 31.966666666666665 ], [ 79.37, 31.953333333333333 ], [ 79.396666666666661, 31.953333333333333 ], [ 79.396666666666661, 31.95 ], [ 79.4, 31.95 ], [ 79.4, 31.946666666666665 ], [ 79.42, 31.946666666666665 ], [ 79.42, 31.94 ], [ 79.45, 31.94 ], [ 79.45, 31.943333333333335 ], [ 79.453333333333333, 31.943333333333335 ], [ 79.453333333333333, 31.95 ], [ 79.456666666666663, 31.95 ], [ 79.456666666666663, 31.966666666666665 ], [ 79.453333333333333, 31.966666666666665 ], [ 79.453333333333333, 31.97 ], [ 79.44, 31.97 ], [ 79.44, 31.973333333333333 ], [ 79.436666666666667, 31.973333333333333 ], [ 79.436666666666667, 31.986666666666665 ], [ 79.42, 31.986666666666665 ], [ 79.42, 32.0 ], [ 79.41, 32.0 ], [ 79.41, 32.013333333333335 ], [ 79.396666666666661, 32.013333333333335 ] ] ] } },
{ "type": "Feature", "properties": { "site_id": "SAFE-SITE-068", "cci_score": 91.199996948242188, "area_sqkm": 19.86, "capacity_families": 1588, "capacity_persons": 7940, "suitability_tier": "Optimal Prime Site (CCI ≥ 75)" }, "geometry": { "type": "Polygon", "coordinates": [ [ [ 79.343333333333334, 31.976666666666667 ], [ 79.343333333333334, 31.966666666666665 ], [ 79.34, 31.966666666666665 ], [ 79.34, 31.946666666666665 ], [ 79.343333333333334, 31.946666666666665 ], [ 79.343333333333334, 31.94 ], [ 79.36, 31.94 ], [ 79.36, 31.943333333333335 ], [ 79.36333333333333, 31.943333333333335 ], [ 79.36333333333333, 31.936666666666667 ], [ 79.353333333333339, 31.936666666666667 ], [ 79.353333333333339, 31.923333333333332 ], [ 79.356666666666669, 31.923333333333332 ], [ 79.356666666666669, 31.92 ], [ 79.4, 31.92 ], [ 79.4, 31.936666666666667 ], [ 79.396666666666661, 31.936666666666667 ], [ 79.396666666666661, 31.946666666666665 ], [ 79.393333333333331, 31.946666666666665 ], [ 79.393333333333331, 31.95 ], [ 79.38, 31.95 ], [ 79.38, 31.943333333333335 ], [ 79.376666666666665, 31.943333333333335 ], [ 79.376666666666665, 31.95 ], [ 79.36333333333333, 31.95 ], [ 79.36333333333333, 31.96 ], [ 79.36, 31.96 ], [ 79.36, 31.973333333333333 ], [ 79.356666666666669, 31.973333333333333 ], [ 79.356666666666669, 31.976666666666667 ], [ 79.343333333333334, 31.976666666666667 ] ] ] } },
{ "type": "Feature", "properties": { "site_id": "SAFE-SITE-069", "cci_score": 91.199996948242188, "area_sqkm": 49.93, "capacity_families": 3994, "capacity_persons": 19970, "suitability_tier": "Optimal Prime Site (CCI ≥ 75)" }, "geometry": { "type": "Polygon", "coordinates": [ [ [ 78.99, 32.036666666666669 ], [ 78.99, 32.03 ], [ 78.983333333333334, 32.03 ], [ 78.983333333333334, 32.016666666666666 ], [ 78.986666666666665, 32.016666666666666 ], [ 78.986666666666665, 32.013333333333335 ], [ 78.99, 32.013333333333335 ], [ 78.99, 32.00333333333333 ], [ 78.986666666666665, 32.00333333333333 ], [ 78.986666666666665, 31.993333333333332 ], [ 78.963333333333338, 31.993333333333332 ], [ 78.963333333333338, 31.99 ], [ 78.956666666666663, 31.99 ], [ 78.956666666666663, 31.98 ], [ 78.953333333333333, 31.98 ], [ 78.953333333333333, 31.976666666666667 ], [ 78.946666666666673, 31.976666666666667 ], [ 78.946666666666673, 31.973333333333333 ], [ 78.93, 31.973333333333333 ], [ 78.93, 31.96 ], [ 78.936666666666667, 31.96 ], [ 78.936666666666667, 31.956666666666667 ], [ 78.94, 31.956666666666667 ], [ 78.94, 31.953333333333333 ], [ 78.943333333333328, 31.953333333333333 ], [ 78.943333333333328, 31.95 ], [ 78.94, 31.95 ], [ 78.94, 31.946666666666665 ], [ 78.936666666666667, 31.946666666666665 ], [ 78.936666666666667, 31.943333333333335 ], [ 78.933333333333337, 31.943333333333335 ], [ 78.933333333333337, 31.94 ], [ 78.93, 31.94 ], [ 78.93, 31.936666666666667 ], [ 78.913333333333327, 31.936666666666667 ], [ 78.913333333333327, 31.92 ], [ 78.92, 31.92 ], [ 78.92, 31.916666666666668 ], [ 78.94, 31.916666666666668 ], [ 78.94, 31.913333333333334 ], [ 78.963333333333338, 31.913333333333334 ], [ 78.963333333333338, 31.916666666666668 ], [ 78.966666666666669, 31.916666666666668 ], [ 78.966666666666669, 31.92 ], [ 78.97, 31.92 ], [ 78.97, 31.923333333333332 ], [ 78.976666666666674, 31.923333333333332 ], [ 78.976666666666674, 31.953333333333333 ], [ 78.98, 31.953333333333333 ], [ 78.98, 31.96 ], [ 78.983333333333334, 31.96 ], [ 78.983333333333334, 31.963333333333331 ], [ 78.986666666666665, 31.963333333333331 ], [ 78.986666666666665, 31.98 ], [ 78.99, 31.98 ], [ 78.99, 31.986666666666665 ], [ 79.00333333333333, 31.986666666666665 ], [ 79.00333333333333, 31.99 ], [ 79.006666666666661, 31.99 ], [ 79.006666666666661, 32.01 ], [ 79.00333333333333, 32.01 ], [ 79.00333333333333, 32.013333333333335 ], [ 79.02, 32.013333333333335 ], [ 79.02, 32.026666666666664 ], [ 79.013333333333335, 32.026666666666664 ], [ 79.013333333333335, 32.033333333333331 ], [ 79.00333333333333, 32.033333333333331 ], [ 79.00333333333333, 32.036666666666669 ], [ 78.99, 32.036666666666669 ] ] ] } },
{ "type": "Feature", "properties": { "site_id": "SAFE-SITE-070", "cci_score": 91.199996948242188, "area_sqkm": 11.15, "capacity_families": 891, "capacity_persons": 4455, "suitability_tier": "Optimal Prime Site (CCI ≥ 75)" }, "geometry": { "type": "Polygon", "coordinates": [ [ [ 79.553333333333327, 31.946666666666665 ], [ 79.553333333333327, 31.943333333333335 ], [ 79.55, 31.943333333333335 ], [ 79.55, 31.94 ], [ 79.546666666666667, 31.94 ], [ 79.546666666666667, 31.93 ], [ 79.543333333333337, 31.93 ], [ 79.543333333333337, 31.916666666666668 ], [ 79.546666666666667, 31.916666666666668 ], [ 79.546666666666667, 31.906666666666666 ], [ 79.55, 31.906666666666666 ], [ 79.55, 31.903333333333332 ], [ 79.563333333333333, 31.903333333333332 ], [ 79.563333333333333, 31.906666666666666 ], [ 79.57, 31.906666666666666 ], [ 79.57, 31.92 ], [ 79.576666666666668, 31.92 ], [ 79.576666666666668, 31.933333333333334 ], [ 79.57, 31.933333333333334 ], [ 79.57, 31.943333333333335 ], [ 79.566666666666663, 31.943333333333335 ], [ 79.566666666666663, 31.946666666666665 ], [ 79.553333333333327, 31.946666666666665 ] ] ] } },
{ "type": "Feature", "properties": { "site_id": "SAFE-SITE-071", "cci_score": 91.199996948242188, "area_sqkm": 422.01, "capacity_families": 33760, "capacity_persons": 168800, "suitability_tier": "Optimal Prime Site (CCI ≥ 75)" }, "geometry": { "type": "Polygon", "coordinates": [ [ [ 79.573333333333338, 32.27 ], [ 79.573333333333338, 32.25 ], [ 79.57, 32.25 ], [ 79.57, 32.24666666666667 ], [ 79.553333333333327, 32.24666666666667 ], [ 79.553333333333327, 32.24 ], [ 79.55, 32.24 ], [ 79.55, 32.236666666666665 ], [ 79.546666666666667, 32.236666666666665 ], [ 79.546666666666667, 32.223333333333336 ], [ 79.563333333333333, 32.223333333333336 ], [ 79.563333333333333, 32.22 ], [ 79.57, 32.22 ], [ 79.57, 32.216666666666669 ], [ 79.573333333333338, 32.216666666666669 ], [ 79.573333333333338, 32.213333333333331 ], [ 79.576666666666668, 32.213333333333331 ], [ 79.576666666666668, 32.21 ], [ 79.58, 32.21 ], [ 79.58, 32.196666666666665 ], [ 79.576666666666668, 32.196666666666665 ], [ 79.576666666666668, 32.2 ], [ 79.563333333333333, 32.2 ], [ 79.563333333333333, 32.18 ], [ 79.566666666666663, 32.18 ], [ 79.566666666666663, 32.17 ], [ 79.563333333333333, 32.17 ], [ 79.563333333333333, 32.166666666666664 ], [ 79.536666666666662, 32.166666666666664 ], [ 79.536666666666662, 32.153333333333336 ], [ 79.556666666666672, 32.153333333333336 ], [ 79.556666666666672, 32.146666666666668 ], [ 79.56, 32.146666666666668 ], [ 79.56, 32.13 ], [ 79.563333333333333, 32.13 ], [ 79.563333333333333, 32.12 ], [ 79.576666666666668, 32.12 ], [ 79.576666666666668, 32.116666666666667 ], [ 79.58, 32.116666666666667 ], [ 79.58, 32.11333333333333 ], [ 79.583333333333329, 32.11333333333333 ], [ 79.583333333333329, 32.106666666666669 ], [ 79.586666666666673, 32.106666666666669 ], [ 79.586666666666673, 32.1 ], [ 79.583333333333329, 32.1 ], [ 79.583333333333329, 32.08 ], [ 79.586666666666673, 32.08 ], [ 79.586666666666673, 32.066666666666663 ], [ 79.583333333333329, 32.066666666666663 ], [ 79.583333333333329, 32.063333333333333 ], [ 79.58, 32.063333333333333 ], [ 79.58, 32.06 ], [ 79.56, 32.06 ], [ 79.56, 32.056666666666665 ], [ 79.556666666666672, 32.056666666666665 ], [ 79.556666666666672, 32.053333333333335 ], [ 79.553333333333327, 32.053333333333335 ], [ 79.553333333333327, 32.036666666666669 ], [ 79.55, 32.036666666666669 ], [ 79.55, 32.023333333333333 ], [ 79.553333333333327, 32.023333333333333 ], [ 79.553333333333327, 32.02 ], [ 79.55, 32.02 ], [ 79.55, 32.016666666666666 ], [ 79.543333333333337, 32.016666666666666 ], [ 79.543333333333337, 32.00333333333333 ], [ 79.55, 32.00333333333333 ], [ 79.55, 32.0 ], [ 79.546666666666667, 32.0 ], [ 79.546666666666667, 31.996666666666666 ], [ 79.543333333333337, 31.996666666666666 ], [ 79.543333333333337, 31.993333333333332 ], [ 79.54, 31.993333333333332 ], [ 79.54, 31.97 ], [ 79.543333333333337, 31.97 ], [ 79.543333333333337, 31.966666666666665 ], [ 79.56, 31.966666666666665 ], [ 79.56, 31.973333333333333 ], [ 79.566666666666663, 31.973333333333333 ], [ 79.566666666666663, 31.98 ], [ 79.57, 31.98 ], [ 79.57, 31.983333333333334 ], [ 79.58, 31.983333333333334 ], [ 79.58, 31.99 ], [ 79.583333333333329, 31.99 ], [ 79.583333333333329, 31.993333333333332 ], [ 79.593333333333334, 31.993333333333332 ], [ 79.593333333333334, 31.99 ], [ 79.616666666666674, 31.99 ], [ 79.616666666666674, 32.006666666666668 ], [ 79.61333333333333, 32.006666666666668 ], [ 79.61333333333333, 32.013333333333335 ], [ 79.606666666666669, 32.013333333333335 ], [ 79.606666666666669, 32.016666666666666 ], [ 79.596666666666664, 32.016666666666666 ], [ 79.596666666666664, 32.02 ], [ 79.593333333333334, 32.02 ], [ 79.593333333333334, 32.036666666666669 ], [ 79.596666666666664, 32.036666666666669 ], [ 79.596666666666664, 32.056666666666665 ], [ 79.6, 32.056666666666665 ], [ 79.6, 32.066666666666663 ], [ 79.603333333333339, 32.066666666666663 ], [ 79.603333333333339, 32.063333333333333 ], [ 79.616666666666674, 32.063333333333333 ], [ 79.616666666666674, 32.07 ], [ 79.63, 32.07 ], [ 79.63, 32.08 ], [ 79.63333333333334, 32.08 ], [ 79.63333333333334, 32.09 ], [ 79.63666666666667, 32.09 ], [ 79.63666666666667, 32.093333333333334 ], [ 79.64, 32.093333333333334 ], [ 79.64, 32.096666666666664 ], [ 79.643333333333331, 32.096666666666664 ], [ 79.643333333333331, 32.09 ], [ 79.64, 32.09 ], [ 79.64, 32.086666666666666 ], [ 79.63666666666667, 32.086666666666666 ], [ 79.63666666666667, 32.06 ], [ 79.63333333333334, 32.06 ], [ 79.63333333333334, 32.043333333333337 ], [ 79.63666666666667, 32.043333333333337 ], [ 79.63666666666667, 32.03 ], [ 79.64, 32.03 ], [ 79.64, 32.023333333333333 ], [ 79.643333333333331, 32.023333333333333 ], [ 79.643333333333331, 32.02 ], [ 79.66, 32.02 ], [ 79.66, 32.013333333333335 ], [ 79.663333333333327, 32.013333333333335 ], [ 79.663333333333327, 32.0 ], [ 79.673333333333332, 32.0 ], [ 79.673333333333332, 31.996666666666666 ], [ 79.666666666666671, 31.996666666666666 ], [ 79.666666666666671, 31.983333333333334 ], [ 79.65, 31.983333333333334 ], [ 79.65, 31.966666666666665 ], [ 79.646666666666661, 31.966666666666665 ], [ 79.646666666666661, 31.963333333333331 ], [ 79.643333333333331, 31.963333333333331 ], [ 79.643333333333331, 31.95 ], [ 79.64, 31.95 ], [ 79.64, 31.933333333333334 ], [ 79.63666666666667, 31.933333333333334 ], [ 79.63666666666667, 31.91 ], [ 79.65, 31.91 ], [ 79.65, 31.923333333333332 ], [ 79.653333333333336, 31.923333333333332 ], [ 79.653333333333336, 31.926666666666666 ], [ 79.666666666666671, 31.926666666666666 ], [ 79.666666666666671, 31.93 ], [ 79.67, 31.93 ], [ 79.67, 31.92 ], [ 79.666666666666671, 31.92 ], [ 79.666666666666671, 31.916666666666668 ], [ 79.656666666666666, 31.916666666666668 ], [ 79.656666666666666, 31.913333333333334 ], [ 79.653333333333336, 31.913333333333334 ], [ 79.653333333333336, 31.903333333333332 ], [ 79.65, 31.903333333333332 ], [ 79.65, 31.886666666666667 ], [ 79.653333333333336, 31.886666666666667 ], [ 79.653333333333336, 31.88 ], [ 79.666666666666671, 31.88 ], [ 79.666666666666671, 31.883333333333333 ], [ 79.67, 31.883333333333333 ], [ 79.67, 31.876666666666665 ], [ 79.683333333333337, 31.876666666666665 ], [ 79.683333333333337, 31.89 ], [ 79.67, 31.89 ], [ 79.67, 31.896666666666668 ], [ 79.666666666666671, 31.896666666666668 ], [ 79.666666666666671, 31.9 ], [ 79.683333333333337, 31.9 ], [ 79.683333333333337, 31.903333333333332 ], [ 79.686666666666667, 31.903333333333332 ], [ 79.686666666666667, 31.91 ], [ 79.693333333333328, 31.91 ], [ 79.693333333333328, 31.893333333333334 ], [ 79.706666666666663, 31.893333333333334 ], [ 79.706666666666663, 31.9 ], [ 79.71, 31.9 ], [ 79.71, 31.893333333333334 ], [ 79.716666666666669, 31.893333333333334 ], [ 79.716666666666669, 31.883333333333333 ], [ 79.726666666666659, 31.883333333333333 ], [ 79.726666666666659, 31.88 ], [ 79.74, 31.88 ], [ 79.74, 31.9 ], [ 79.733333333333334, 31.9 ], [ 79.733333333333334, 31.906666666666666 ], [ 79.736666666666665, 31.906666666666666 ], [ 79.736666666666665, 31.91 ], [ 79.74, 31.91 ], [ 79.74, 31.913333333333334 ], [ 79.743333333333339, 31.913333333333334 ], [ 79.743333333333339, 31.916666666666668 ], [ 79.74666666666667, 31.916666666666668 ], [ 79.74666666666667, 31.92 ], [ 79.75333333333333, 31.92 ], [ 79.75333333333333, 31.923333333333332 ], [ 79.76, 31.923333333333332 ], [ 79.76, 31.926666666666666 ], [ 79.786666666666662, 31.926666666666666 ], [ 79.786666666666662, 31.946666666666665 ], [ 79.783333333333331, 31.946666666666665 ], [ 79.783333333333331, 31.95 ], [ 79.78, 31.95 ], [ 79.78, 31.953333333333333 ], [ 79.776666666666671, 31.953333333333333 ], [ 79.776666666666671, 31.956666666666667 ], [ 79.766666666666666, 31.956666666666667 ], [ 79.766666666666666, 31.96 ], [ 79.763333333333335, 31.96 ], [ 79.763333333333335, 31.996666666666666 ], [ 79.756666666666661, 31.996666666666666 ], [ 79.756666666666661, 32.0 ], [ 79.75, 32.0 ], [ 79.75, 32.016666666666666 ], [ 79.743333333333339, 32.016666666666666 ], [ 79.743333333333339, 32.02 ], [ 79.74, 32.02 ], [ 79.74, 32.023333333333333 ], [ 79.736666666666665, 32.023333333333333 ], [ 79.736666666666665, 32.03 ], [ 79.74, 32.03 ], [ 79.74, 32.043333333333337 ], [ 79.733333333333334, 32.043333333333337 ], [ 79.733333333333334, 32.053333333333335 ], [ 79.73, 32.053333333333335 ], [ 79.73, 32.056666666666665 ], [ 79.72, 32.056666666666665 ], [ 79.72, 32.06 ], [ 79.713333333333338, 32.06 ], [ 79.713333333333338, 32.07 ], [ 79.71, 32.07 ], [ 79.71, 32.073333333333331 ], [ 79.703333333333333, 32.073333333333331 ], [ 79.703333333333333, 32.08 ], [ 79.706666666666663, 32.08 ], [ 79.706666666666663, 32.083333333333336 ], [ 79.71, 32.083333333333336 ], [ 79.71, 32.096666666666664 ], [ 79.706666666666663, 32.096666666666664 ], [ 79.706666666666663, 32.103333333333332 ], [ 79.703333333333333, 32.103333333333332 ], [ 79.703333333333333, 32.106666666666669 ], [ 79.696666666666673, 32.106666666666669 ], [ 79.696666666666673, 32.13 ], [ 79.693333333333328, 32.13 ], [ 79.693333333333328, 32.133333333333333 ], [ 79.69, 32.133333333333333 ], [ 79.69, 32.14 ], [ 79.686666666666667, 32.14 ], [ 79.686666666666667, 32.143333333333331 ], [ 79.683333333333337, 32.143333333333331 ], [ 79.683333333333337, 32.153333333333336 ], [ 79.68, 32.153333333333336 ], [ 79.68, 32.156666666666666 ], [ 79.686666666666667, 32.156666666666666 ], [ 79.686666666666667, 32.16 ], [ 79.7, 32.16 ], [ 79.7, 32.173333333333332 ], [ 79.676666666666662, 32.173333333333332 ], [ 79.676666666666662, 32.17 ], [ 79.673333333333332, 32.17 ], [ 79.673333333333332, 32.16 ], [ 79.64, 32.16 ], [ 79.64, 32.17 ], [ 79.63666666666667, 32.17 ], [ 79.63666666666667, 32.173333333333332 ], [ 79.63333333333334, 32.173333333333332 ], [ 79.63333333333334, 32.176666666666669 ], [ 79.63, 32.176666666666669 ], [ 79.63, 32.18 ], [ 79.626666666666665, 32.18 ], [ 79.626666666666665, 32.186666666666667 ], [ 79.623333333333335, 32.186666666666667 ], [ 79.623333333333335, 32.19 ], [ 79.62, 32.19 ], [ 79.62, 32.193333333333335 ], [ 79.616666666666674, 32.193333333333335 ], [ 79.616666666666674, 32.2 ], [ 79.61333333333333, 32.2 ], [ 79.61333333333333, 32.206666666666663 ], [ 79.61, 32.206666666666663 ], [ 79.61, 32.223333333333336 ], [ 79.606666666666669, 32.223333333333336 ], [ 79.606666666666669, 32.236666666666665 ], [ 79.603333333333339, 32.236666666666665 ], [ 79.603333333333339, 32.26 ], [ 79.593333333333334, 32.26 ], [ 79.593333333333334, 32.27 ], [ 79.573333333333338, 32.27 ] ], [ [ 79.643333333333331, 32.1 ], [ 79.646666666666661, 32.1 ], [ 79.646666666666661, 32.096666666666664 ], [ 79.643333333333331, 32.096666666666664 ], [ 79.643333333333331, 32.1 ] ], [ [ 79.696666666666673, 32.036666666666669 ], [ 79.7, 32.036666666666669 ], [ 79.7, 32.026666666666664 ], [ 79.706666666666663, 32.026666666666664 ], [ 79.706666666666663, 32.023333333333333 ], [ 79.703333333333333, 32.023333333333333 ], [ 79.703333333333333, 32.02 ], [ 79.7, 32.02 ], [ 79.7, 32.016666666666666 ], [ 79.686666666666667, 32.016666666666666 ], [ 79.686666666666667, 32.02 ], [ 79.683333333333337, 32.02 ], [ 79.683333333333337, 32.023333333333333 ], [ 79.686666666666667, 32.023333333333333 ], [ 79.686666666666667, 32.026666666666664 ], [ 79.693333333333328, 32.026666666666664 ], [ 79.693333333333328, 32.033333333333331 ], [ 79.696666666666673, 32.033333333333331 ], [ 79.696666666666673, 32.036666666666669 ] ], [ [ 79.686666666666667, 31.93 ], [ 79.69, 31.93 ], [ 79.69, 31.926666666666666 ], [ 79.686666666666667, 31.926666666666666 ], [ 79.686666666666667, 31.93 ] ] ] } },
{ "type": "Feature", "properties": { "site_id": "SAFE-SITE-072", "cci_score": 91.199996948242188, "area_sqkm": 21.6, "capacity_families": 1727, "capacity_persons": 8635, "suitability_tier": "Optimal Prime Site (CCI ≥ 75)" }, "geometry": { "type": "Polygon", "coordinates": [ [ [ 79.78, 31.923333333333332 ], [ 79.78, 31.92 ], [ 79.773333333333341, 31.92 ], [ 79.773333333333341, 31.916666666666668 ], [ 79.77, 31.916666666666668 ], [ 79.77, 31.913333333333334 ], [ 79.763333333333335, 31.913333333333334 ], [ 79.763333333333335, 31.91 ], [ 79.76, 31.91 ], [ 79.76, 31.896666666666668 ], [ 79.773333333333341, 31.896666666666668 ], [ 79.773333333333341, 31.9 ], [ 79.78, 31.9 ], [ 79.78, 31.89 ], [ 79.786666666666662, 31.89 ], [ 79.786666666666662, 31.88 ], [ 79.793333333333337, 31.88 ], [ 79.793333333333337, 31.876666666666665 ], [ 79.803333333333327, 31.876666666666665 ], [ 79.803333333333327, 31.873333333333335 ], [ 79.81, 31.873333333333335 ], [ 79.81, 31.87 ], [ 79.816666666666663, 31.87 ], [ 79.816666666666663, 31.866666666666667 ], [ 79.823333333333338, 31.866666666666667 ], [ 79.823333333333338, 31.863333333333333 ], [ 79.836666666666673, 31.863333333333333 ], [ 79.836666666666673, 31.883333333333333 ], [ 79.83, 31.883333333333333 ], [ 79.83, 31.896666666666668 ], [ 79.8, 31.896666666666668 ], [ 79.8, 31.903333333333332 ], [ 79.796666666666667, 31.903333333333332 ], [ 79.796666666666667, 31.923333333333332 ], [ 79.78, 31.923333333333332 ] ] ] } },
{ "type": "Feature", "properties": { "site_id": "SAFE-SITE-073", "cci_score": 91.199996948242188, "area_sqkm": 11.26, "capacity_families": 901, "capacity_persons": 4505, "suitability_tier": "Optimal Prime Site (CCI ≥ 75)" }, "geometry": { "type": "Polygon", "coordinates": [ [ [ 79.423333333333332, 31.893333333333334 ], [ 79.423333333333332, 31.88 ], [ 79.42, 31.88 ], [ 79.42, 31.876666666666665 ], [ 79.413333333333327, 31.876666666666665 ], [ 79.413333333333327, 31.873333333333335 ], [ 79.41, 31.873333333333335 ], [ 79.41, 31.866666666666667 ], [ 79.4, 31.866666666666667 ], [ 79.4, 31.853333333333332 ], [ 79.436666666666667, 31.853333333333332 ], [ 79.436666666666667, 31.86 ], [ 79.44, 31.86 ], [ 79.44, 31.876666666666665 ], [ 79.436666666666667, 31.876666666666665 ], [ 79.436666666666667, 31.88 ], [ 79.44, 31.88 ], [ 79.44, 31.893333333333334 ], [ 79.423333333333332, 31.893333333333334 ] ] ] } },
{ "type": "Feature", "properties": { "site_id": "SAFE-SITE-074", "cci_score": 91.199996948242188, "area_sqkm": 23.57, "capacity_families": 1885, "capacity_persons": 9425, "suitability_tier": "Optimal Prime Site (CCI ≥ 75)" }, "geometry": { "type": "Polygon", "coordinates": [ [ [ 79.513333333333335, 31.92 ], [ 79.513333333333335, 31.903333333333332 ], [ 79.523333333333341, 31.903333333333332 ], [ 79.523333333333341, 31.9 ], [ 79.5, 31.9 ], [ 79.5, 31.89 ], [ 79.486666666666665, 31.89 ], [ 79.486666666666665, 31.87 ], [ 79.483333333333334, 31.87 ], [ 79.483333333333334, 31.866666666666667 ], [ 79.48, 31.866666666666667 ], [ 79.48, 31.863333333333333 ], [ 79.473333333333329, 31.863333333333333 ], [ 79.473333333333329, 31.846666666666668 ], [ 79.483333333333334, 31.846666666666668 ], [ 79.483333333333334, 31.833333333333332 ], [ 79.49, 31.833333333333332 ], [ 79.49, 31.826666666666668 ], [ 79.51, 31.826666666666668 ], [ 79.51, 31.84 ], [ 79.49666666666667, 31.84 ], [ 79.49666666666667, 31.846666666666668 ], [ 79.486666666666665, 31.846666666666668 ], [ 79.486666666666665, 31.853333333333332 ], [ 79.49666666666667, 31.853333333333332 ], [ 79.49666666666667, 31.866666666666667 ], [ 79.5, 31.866666666666667 ], [ 79.5, 31.876666666666665 ], [ 79.533333333333331, 31.876666666666665 ], [ 79.533333333333331, 31.883333333333333 ], [ 79.536666666666662, 31.883333333333333 ], [ 79.536666666666662, 31.903333333333332 ], [ 79.53, 31.903333333333332 ], [ 79.53, 31.92 ], [ 79.513333333333335, 31.92 ] ] ] } },
{ "type": "Feature", "properties": { "site_id": "SAFE-SITE-075", "cci_score": 91.199996948242188, "area_sqkm": 20.67, "capacity_families": 1653, "capacity_persons": 8265, "suitability_tier": "Optimal Prime Site (CCI ≥ 75)" }, "geometry": { "type": "Polygon", "coordinates": [ [ [ 77.13, 31.903333333333332 ], [ 77.13, 31.89 ], [ 77.13333333333334, 31.89 ], [ 77.13333333333334, 31.886666666666667 ], [ 77.13666666666667, 31.886666666666667 ], [ 77.13666666666667, 31.876666666666665 ], [ 77.14, 31.876666666666665 ], [ 77.14, 31.873333333333335 ], [ 77.143333333333331, 31.873333333333335 ], [ 77.143333333333331, 31.866666666666667 ], [ 77.15, 31.866666666666667 ], [ 77.15, 31.86 ], [ 77.153333333333336, 31.86 ], [ 77.153333333333336, 31.853333333333332 ], [ 77.156666666666666, 31.853333333333332 ], [ 77.156666666666666, 31.843333333333334 ], [ 77.16, 31.843333333333334 ], [ 77.16, 31.84 ], [ 77.163333333333327, 31.84 ], [ 77.163333333333327, 31.836666666666666 ], [ 77.173333333333332, 31.836666666666666 ], [ 77.173333333333332, 31.816666666666666 ], [ 77.176666666666662, 31.816666666666666 ], [ 77.176666666666662, 31.806666666666665 ], [ 77.19, 31.806666666666665 ], [ 77.19, 31.82 ], [ 77.186666666666667, 31.82 ], [ 77.186666666666667, 31.836666666666666 ], [ 77.176666666666662, 31.836666666666666 ], [ 77.176666666666662, 31.85 ], [ 77.18, 31.85 ], [ 77.18, 31.863333333333333 ], [ 77.176666666666662, 31.863333333333333 ], [ 77.176666666666662, 31.87 ], [ 77.173333333333332, 31.87 ], [ 77.173333333333332, 31.873333333333335 ], [ 77.17, 31.873333333333335 ], [ 77.17, 31.876666666666665 ], [ 77.163333333333327, 31.876666666666665 ], [ 77.163333333333327, 31.88 ], [ 77.16, 31.88 ], [ 77.16, 31.883333333333333 ], [ 77.156666666666666, 31.883333333333333 ], [ 77.156666666666666, 31.886666666666667 ], [ 77.153333333333336, 31.886666666666667 ], [ 77.153333333333336, 31.893333333333334 ], [ 77.15, 31.893333333333334 ], [ 77.15, 31.903333333333332 ], [ 77.13, 31.903333333333332 ] ] ] } },
{ "type": "Feature", "properties": { "site_id": "SAFE-SITE-076", "cci_score": 91.199996948242188, "area_sqkm": 13.35, "capacity_families": 1068, "capacity_persons": 5340, "suitability_tier": "Optimal Prime Site (CCI ≥ 75)" }, "geometry": { "type": "Polygon", "coordinates": [ [ [ 79.41, 31.85 ], [ 79.41, 31.846666666666668 ], [ 79.4, 31.846666666666668 ], [ 79.4, 31.83 ], [ 79.41, 31.83 ], [ 79.41, 31.826666666666668 ], [ 79.413333333333327, 31.826666666666668 ], [ 79.413333333333327, 31.823333333333334 ], [ 79.416666666666671, 31.823333333333334 ], [ 79.416666666666671, 31.813333333333333 ], [ 79.423333333333332, 31.813333333333333 ], [ 79.423333333333332, 31.81 ], [ 79.426666666666662, 31.81 ], [ 79.426666666666662, 31.806666666666665 ], [ 79.436666666666667, 31.806666666666665 ], [ 79.436666666666667, 31.803333333333335 ], [ 79.453333333333333, 31.803333333333335 ], [ 79.453333333333333, 31.816666666666666 ], [ 79.443333333333328, 31.816666666666666 ], [ 79.443333333333328, 31.82 ], [ 79.44, 31.82 ], [ 79.44, 31.826666666666668 ], [ 79.436666666666667, 31.826666666666668 ], [ 79.436666666666667, 31.83 ], [ 79.433333333333337, 31.83 ], [ 79.433333333333337, 31.833333333333332 ], [ 79.43, 31.833333333333332 ], [ 79.43, 31.846666666666668 ], [ 79.426666666666662, 31.846666666666668 ], [ 79.426666666666662, 31.85 ], [ 79.41, 31.85 ] ] ] } },
{ "type": "Feature", "properties": { "site_id": "SAFE-SITE-077", "cci_score": 91.199996948242188, "area_sqkm": 10.8, "capacity_families": 863, "capacity_persons": 4315, "suitability_tier": "Optimal Prime Site (CCI ≥ 75)" }, "geometry": { "type": "Polygon", "coordinates": [ [ [ 79.16, 31.793333333333333 ], [ 79.16, 31.776666666666667 ], [ 79.153333333333336, 31.776666666666667 ], [ 79.153333333333336, 31.763333333333332 ], [ 79.156666666666666, 31.763333333333332 ], [ 79.156666666666666, 31.756666666666668 ], [ 79.16, 31.756666666666668 ], [ 79.16, 31.75 ], [ 79.166666666666671, 31.75 ], [ 79.166666666666671, 31.746666666666666 ], [ 79.183333333333337, 31.746666666666666 ], [ 79.183333333333337, 31.76 ], [ 79.18, 31.76 ], [ 79.18, 31.766666666666666 ], [ 79.176666666666662, 31.766666666666666 ], [ 79.176666666666662, 31.776666666666667 ], [ 79.18, 31.776666666666667 ], [ 79.18, 31.793333333333333 ], [ 79.16, 31.793333333333333 ] ] ] } },
{ "type": "Feature", "properties": { "site_id": "SAFE-SITE-078", "cci_score": 91.199996948242188, "area_sqkm": 117.98, "capacity_families": 9438, "capacity_persons": 47190, "suitability_tier": "Optimal Prime Site (CCI ≥ 75)" }, "geometry": { "type": "Polygon", "coordinates": [ [ [ 79.766666666666666, 31.873333333333335 ], [ 79.766666666666666, 31.87 ], [ 79.75, 31.87 ], [ 79.75, 31.866666666666667 ], [ 79.736666666666665, 31.866666666666667 ], [ 79.736666666666665, 31.85 ], [ 79.74, 31.85 ], [ 79.74, 31.846666666666668 ], [ 79.743333333333339, 31.846666666666668 ], [ 79.743333333333339, 31.84 ], [ 79.74666666666667, 31.84 ], [ 79.74666666666667, 31.836666666666666 ], [ 79.75, 31.836666666666666 ], [ 79.75, 31.83 ], [ 79.75333333333333, 31.83 ], [ 79.75333333333333, 31.82 ], [ 79.76, 31.82 ], [ 79.76, 31.816666666666666 ], [ 79.763333333333335, 31.816666666666666 ], [ 79.763333333333335, 31.813333333333333 ], [ 79.766666666666666, 31.813333333333333 ], [ 79.766666666666666, 31.81 ], [ 79.763333333333335, 31.81 ], [ 79.763333333333335, 31.8 ], [ 79.76, 31.8 ], [ 79.76, 31.796666666666667 ], [ 79.736666666666665, 31.796666666666667 ], [ 79.736666666666665, 31.776666666666667 ], [ 79.74, 31.776666666666667 ], [ 79.74, 31.773333333333333 ], [ 79.743333333333339, 31.773333333333333 ], [ 79.743333333333339, 31.77 ], [ 79.74666666666667, 31.77 ], [ 79.74666666666667, 31.766666666666666 ], [ 79.75333333333333, 31.766666666666666 ], [ 79.75333333333333, 31.753333333333334 ], [ 79.75, 31.753333333333334 ], [ 79.75, 31.746666666666666 ], [ 79.736666666666665, 31.746666666666666 ], [ 79.736666666666665, 31.733333333333334 ], [ 79.756666666666661, 31.733333333333334 ], [ 79.756666666666661, 31.74 ], [ 79.766666666666666, 31.74 ], [ 79.766666666666666, 31.743333333333332 ], [ 79.77, 31.743333333333332 ], [ 79.77, 31.74 ], [ 79.783333333333331, 31.74 ], [ 79.783333333333331, 31.743333333333332 ], [ 79.786666666666662, 31.743333333333332 ], [ 79.786666666666662, 31.73 ], [ 79.793333333333337, 31.73 ], [ 79.793333333333337, 31.723333333333333 ], [ 79.81, 31.723333333333333 ], [ 79.81, 31.726666666666667 ], [ 79.813333333333333, 31.726666666666667 ], [ 79.813333333333333, 31.74 ], [ 79.816666666666663, 31.74 ], [ 79.816666666666663, 31.743333333333332 ], [ 79.823333333333338, 31.743333333333332 ], [ 79.823333333333338, 31.746666666666666 ], [ 79.826666666666668, 31.746666666666666 ], [ 79.826666666666668, 31.756666666666668 ], [ 79.83, 31.756666666666668 ], [ 79.83, 31.77 ], [ 79.833333333333329, 31.77 ], [ 79.833333333333329, 31.776666666666667 ], [ 79.836666666666673, 31.776666666666667 ], [ 79.836666666666673, 31.78 ], [ 79.84, 31.78 ], [ 79.84, 31.783333333333331 ], [ 79.846666666666664, 31.783333333333331 ], [ 79.846666666666664, 31.81 ], [ 79.84, 31.81 ], [ 79.84, 31.813333333333333 ], [ 79.836666666666673, 31.813333333333333 ], [ 79.836666666666673, 31.816666666666666 ], [ 79.833333333333329, 31.816666666666666 ], [ 79.833333333333329, 31.82 ], [ 79.83, 31.82 ], [ 79.83, 31.826666666666668 ], [ 79.833333333333329, 31.826666666666668 ], [ 79.833333333333329, 31.853333333333332 ], [ 79.826666666666668, 31.853333333333332 ], [ 79.826666666666668, 31.856666666666666 ], [ 79.823333333333338, 31.856666666666666 ], [ 79.823333333333338, 31.863333333333333 ], [ 79.803333333333327, 31.863333333333333 ], [ 79.803333333333327, 31.866666666666667 ], [ 79.793333333333337, 31.866666666666667 ], [ 79.793333333333337, 31.87 ], [ 79.783333333333331, 31.87 ], [ 79.783333333333331, 31.873333333333335 ], [ 79.766666666666666, 31.873333333333335 ] ], [ [ 79.763333333333335, 31.78 ], [ 79.783333333333331, 31.78 ], [ 79.783333333333331, 31.776666666666667 ], [ 79.79, 31.776666666666667 ], [ 79.79, 31.77 ], [ 79.786666666666662, 31.77 ], [ 79.786666666666662, 31.766666666666666 ], [ 79.766666666666666, 31.766666666666666 ], [ 79.766666666666666, 31.77 ], [ 79.76, 31.77 ], [ 79.76, 31.776666666666667 ], [ 79.763333333333335, 31.776666666666667 ], [ 79.763333333333335, 31.78 ] ] ] } },
{ "type": "Feature", "properties": { "site_id": "SAFE-SITE-079", "cci_score": 91.199996948242188, "area_sqkm": 13.59, "capacity_families": 1086, "capacity_persons": 5430, "suitability_tier": "Optimal Prime Site (CCI ≥ 75)" }, "geometry": { "type": "Polygon", "coordinates": [ [ [ 79.266666666666666, 31.753333333333334 ], [ 79.266666666666666, 31.746666666666666 ], [ 79.263333333333335, 31.746666666666666 ], [ 79.263333333333335, 31.733333333333334 ], [ 79.26, 31.733333333333334 ], [ 79.26, 31.72 ], [ 79.266666666666666, 31.72 ], [ 79.266666666666666, 31.716666666666665 ], [ 79.27, 31.716666666666665 ], [ 79.27, 31.713333333333331 ], [ 79.286666666666662, 31.713333333333331 ], [ 79.286666666666662, 31.716666666666665 ], [ 79.29, 31.716666666666665 ], [ 79.29, 31.72 ], [ 79.293333333333337, 31.72 ], [ 79.293333333333337, 31.723333333333333 ], [ 79.3, 31.723333333333333 ], [ 79.3, 31.73 ], [ 79.303333333333327, 31.73 ], [ 79.303333333333327, 31.743333333333332 ], [ 79.3, 31.743333333333332 ], [ 79.3, 31.746666666666666 ], [ 79.29, 31.746666666666666 ], [ 79.29, 31.75 ], [ 79.28, 31.75 ], [ 79.28, 31.753333333333334 ], [ 79.266666666666666, 31.753333333333334 ] ] ] } },
{ "type": "Feature", "properties": { "site_id": "SAFE-SITE-080", "cci_score": 91.199996948242188, "area_sqkm": 12.31, "capacity_families": 984, "capacity_persons": 4920, "suitability_tier": "Optimal Prime Site (CCI ≥ 75)" }, "geometry": { "type": "Polygon", "coordinates": [ [ [ 79.373333333333335, 31.67 ], [ 79.373333333333335, 31.666666666666668 ], [ 79.356666666666669, 31.666666666666668 ], [ 79.356666666666669, 31.653333333333332 ], [ 79.36, 31.653333333333332 ], [ 79.36, 31.65 ], [ 79.36333333333333, 31.65 ], [ 79.36333333333333, 31.646666666666668 ], [ 79.366666666666674, 31.646666666666668 ], [ 79.366666666666674, 31.64 ], [ 79.373333333333335, 31.64 ], [ 79.373333333333335, 31.633333333333333 ], [ 79.39, 31.633333333333333 ], [ 79.39, 31.65 ], [ 79.406666666666666, 31.65 ], [ 79.406666666666666, 31.663333333333334 ], [ 79.39, 31.663333333333334 ], [ 79.39, 31.67 ], [ 79.373333333333335, 31.67 ] ] ] } },
{ "type": "Feature", "properties": { "site_id": "SAFE-SITE-081", "cci_score": 91.199996948242188, "area_sqkm": 22.88, "capacity_families": 1830, "capacity_persons": 9150, "suitability_tier": "Optimal Prime Site (CCI ≥ 75)" }, "geometry": { "type": "Polygon", "coordinates": [ [ [ 79.393333333333331, 31.696666666666665 ], [ 79.393333333333331, 31.683333333333334 ], [ 79.403333333333336, 31.683333333333334 ], [ 79.403333333333336, 31.68 ], [ 79.406666666666666, 31.68 ], [ 79.406666666666666, 31.663333333333334 ], [ 79.41, 31.663333333333334 ], [ 79.41, 31.656666666666666 ], [ 79.413333333333327, 31.656666666666666 ], [ 79.413333333333327, 31.653333333333332 ], [ 79.416666666666671, 31.653333333333332 ], [ 79.416666666666671, 31.65 ], [ 79.42, 31.65 ], [ 79.42, 31.646666666666668 ], [ 79.423333333333332, 31.646666666666668 ], [ 79.423333333333332, 31.63 ], [ 79.453333333333333, 31.63 ], [ 79.453333333333333, 31.633333333333333 ], [ 79.456666666666663, 31.633333333333333 ], [ 79.456666666666663, 31.646666666666668 ], [ 79.443333333333328, 31.646666666666668 ], [ 79.443333333333328, 31.643333333333334 ], [ 79.44, 31.643333333333334 ], [ 79.44, 31.646666666666668 ], [ 79.436666666666667, 31.646666666666668 ], [ 79.436666666666667, 31.653333333333332 ], [ 79.446666666666673, 31.653333333333332 ], [ 79.446666666666673, 31.676666666666666 ], [ 79.443333333333328, 31.676666666666666 ], [ 79.443333333333328, 31.68 ], [ 79.44, 31.68 ], [ 79.44, 31.686666666666667 ], [ 79.426666666666662, 31.686666666666667 ], [ 79.426666666666662, 31.69 ], [ 79.416666666666671, 31.69 ], [ 79.416666666666671, 31.693333333333332 ], [ 79.41, 31.693333333333332 ], [ 79.41, 31.696666666666665 ], [ 79.393333333333331, 31.696666666666665 ] ] ] } },
{ "type": "Feature", "properties": { "site_id": "SAFE-SITE-082", "cci_score": 91.199996948242188, "area_sqkm": 421.54, "capacity_families": 33723, "capacity_persons": 168615, "suitability_tier": "Optimal Prime Site (CCI ≥ 75)" }, "geometry": { "type": "Polygon", "coordinates": [ [ [ 79.626666666666665, 31.9 ], [ 79.626666666666665, 31.893333333333334 ], [ 79.61333333333333, 31.893333333333334 ], [ 79.61333333333333, 31.886666666666667 ], [ 79.61, 31.886666666666667 ], [ 79.61, 31.883333333333333 ], [ 79.596666666666664, 31.883333333333333 ], [ 79.596666666666664, 31.866666666666667 ], [ 79.586666666666673, 31.866666666666667 ], [ 79.586666666666673, 31.85 ], [ 79.58, 31.85 ], [ 79.58, 31.846666666666668 ], [ 79.573333333333338, 31.846666666666668 ], [ 79.573333333333338, 31.843333333333334 ], [ 79.57, 31.843333333333334 ], [ 79.57, 31.833333333333332 ], [ 79.566666666666663, 31.833333333333332 ], [ 79.566666666666663, 31.83 ], [ 79.563333333333333, 31.83 ], [ 79.563333333333333, 31.823333333333334 ], [ 79.553333333333327, 31.823333333333334 ], [ 79.553333333333327, 31.836666666666666 ], [ 79.556666666666672, 31.836666666666666 ], [ 79.556666666666672, 31.856666666666666 ], [ 79.55, 31.856666666666666 ], [ 79.55, 31.866666666666667 ], [ 79.546666666666667, 31.866666666666667 ], [ 79.546666666666667, 31.873333333333335 ], [ 79.526666666666671, 31.873333333333335 ], [ 79.526666666666671, 31.866666666666667 ], [ 79.523333333333341, 31.866666666666667 ], [ 79.523333333333341, 31.86 ], [ 79.52, 31.86 ], [ 79.52, 31.873333333333335 ], [ 79.506666666666661, 31.873333333333335 ], [ 79.506666666666661, 31.856666666666666 ], [ 79.513333333333335, 31.856666666666666 ], [ 79.513333333333335, 31.843333333333334 ], [ 79.52, 31.843333333333334 ], [ 79.52, 31.84 ], [ 79.516666666666666, 31.84 ], [ 79.516666666666666, 31.82 ], [ 79.52, 31.82 ], [ 79.52, 31.816666666666666 ], [ 79.523333333333341, 31.816666666666666 ], [ 79.523333333333341, 31.813333333333333 ], [ 79.52, 31.813333333333333 ], [ 79.52, 31.803333333333335 ], [ 79.516666666666666, 31.803333333333335 ], [ 79.516666666666666, 31.806666666666665 ], [ 79.51, 31.806666666666665 ], [ 79.51, 31.81 ], [ 79.506666666666661, 31.81 ], [ 79.506666666666661, 31.813333333333333 ], [ 79.50333333333333, 31.813333333333333 ], [ 79.50333333333333, 31.816666666666666 ], [ 79.49, 31.816666666666666 ], [ 79.49, 31.81 ], [ 79.486666666666665, 31.81 ], [ 79.486666666666665, 31.803333333333335 ], [ 79.483333333333334, 31.803333333333335 ], [ 79.483333333333334, 31.78 ], [ 79.5, 31.78 ], [ 79.5, 31.783333333333331 ], [ 79.506666666666661, 31.783333333333331 ], [ 79.506666666666661, 31.786666666666665 ], [ 79.51, 31.786666666666665 ], [ 79.51, 31.79 ], [ 79.513333333333335, 31.79 ], [ 79.513333333333335, 31.783333333333331 ], [ 79.51, 31.783333333333331 ], [ 79.51, 31.78 ], [ 79.50333333333333, 31.78 ], [ 79.50333333333333, 31.776666666666667 ], [ 79.493333333333339, 31.776666666666667 ], [ 79.493333333333339, 31.773333333333333 ], [ 79.49, 31.773333333333333 ], [ 79.49, 31.75 ], [ 79.49666666666667, 31.75 ], [ 79.49666666666667, 31.746666666666666 ], [ 79.5, 31.746666666666666 ], [ 79.5, 31.743333333333332 ], [ 79.50333333333333, 31.743333333333332 ], [ 79.50333333333333, 31.74 ], [ 79.506666666666661, 31.74 ], [ 79.506666666666661, 31.736666666666665 ], [ 79.51, 31.736666666666665 ], [ 79.51, 31.733333333333334 ], [ 79.513333333333335, 31.733333333333334 ], [ 79.513333333333335, 31.73 ], [ 79.516666666666666, 31.73 ], [ 79.516666666666666, 31.726666666666667 ], [ 79.523333333333341, 31.726666666666667 ], [ 79.523333333333341, 31.723333333333333 ], [ 79.526666666666671, 31.723333333333333 ], [ 79.526666666666671, 31.72 ], [ 79.53, 31.72 ], [ 79.53, 31.716666666666665 ], [ 79.533333333333331, 31.716666666666665 ], [ 79.533333333333331, 31.713333333333331 ], [ 79.536666666666662, 31.713333333333331 ], [ 79.536666666666662, 31.703333333333333 ], [ 79.55, 31.703333333333333 ], [ 79.55, 31.71 ], [ 79.556666666666672, 31.71 ], [ 79.556666666666672, 31.7 ], [ 79.563333333333333, 31.7 ], [ 79.563333333333333, 31.696666666666665 ], [ 79.57, 31.696666666666665 ], [ 79.57, 31.69 ], [ 79.566666666666663, 31.69 ], [ 79.566666666666663, 31.676666666666666 ], [ 79.563333333333333, 31.676666666666666 ], [ 79.563333333333333, 31.66 ], [ 79.55, 31.66 ], [ 79.55, 31.646666666666668 ], [ 79.553333333333327, 31.646666666666668 ], [ 79.553333333333327, 31.643333333333334 ], [ 79.573333333333338, 31.643333333333334 ], [ 79.573333333333338, 31.646666666666668 ], [ 79.576666666666668, 31.646666666666668 ], [ 79.576666666666668, 31.643333333333334 ], [ 79.6, 31.643333333333334 ], [ 79.6, 31.64 ], [ 79.603333333333339, 31.64 ], [ 79.603333333333339, 31.623333333333335 ], [ 79.61333333333333, 31.623333333333335 ], [ 79.61333333333333, 31.62 ], [ 79.616666666666674, 31.62 ], [ 79.616666666666674, 31.603333333333332 ], [ 79.63666666666667, 31.603333333333332 ], [ 79.63666666666667, 31.606666666666666 ], [ 79.65, 31.606666666666666 ], [ 79.65, 31.62 ], [ 79.646666666666661, 31.62 ], [ 79.646666666666661, 31.623333333333335 ], [ 79.643333333333331, 31.623333333333335 ], [ 79.643333333333331, 31.63 ], [ 79.64, 31.63 ], [ 79.64, 31.633333333333333 ], [ 79.63666666666667, 31.633333333333333 ], [ 79.63666666666667, 31.636666666666667 ], [ 79.64, 31.636666666666667 ], [ 79.64, 31.653333333333332 ], [ 79.643333333333331, 31.653333333333332 ], [ 79.643333333333331, 31.67 ], [ 79.646666666666661, 31.67 ], [ 79.646666666666661, 31.68 ], [ 79.65, 31.68 ], [ 79.65, 31.683333333333334 ], [ 79.656666666666666, 31.683333333333334 ], [ 79.656666666666666, 31.686666666666667 ], [ 79.66, 31.686666666666667 ], [ 79.66, 31.7 ], [ 79.663333333333327, 31.7 ], [ 79.663333333333327, 31.703333333333333 ], [ 79.673333333333332, 31.703333333333333 ], [ 79.673333333333332, 31.7 ], [ 79.68, 31.7 ], [ 79.68, 31.696666666666665 ], [ 79.69, 31.696666666666665 ], [ 79.69, 31.693333333333332 ], [ 79.693333333333328, 31.693333333333332 ], [ 79.693333333333328, 31.683333333333334 ], [ 79.706666666666663, 31.683333333333334 ], [ 79.706666666666663, 31.68 ], [ 79.72, 31.68 ], [ 79.72, 31.693333333333332 ], [ 79.723333333333329, 31.693333333333332 ], [ 79.723333333333329, 31.69 ], [ 79.726666666666659, 31.69 ], [ 79.726666666666659, 31.68 ], [ 79.736666666666665, 31.68 ], [ 79.736666666666665, 31.676666666666666 ], [ 79.74, 31.676666666666666 ], [ 79.74, 31.673333333333332 ], [ 79.743333333333339, 31.673333333333332 ], [ 79.743333333333339, 31.67 ], [ 79.75333333333333, 31.67 ], [ 79.75333333333333, 31.663333333333334 ], [ 79.766666666666666, 31.663333333333334 ], [ 79.766666666666666, 31.666666666666668 ], [ 79.773333333333341, 31.666666666666668 ], [ 79.773333333333341, 31.67 ], [ 79.776666666666671, 31.67 ], [ 79.776666666666671, 31.673333333333332 ], [ 79.78, 31.673333333333332 ], [ 79.78, 31.676666666666666 ], [ 79.783333333333331, 31.676666666666666 ], [ 79.783333333333331, 31.693333333333332 ], [ 79.766666666666666, 31.693333333333332 ], [ 79.766666666666666, 31.69 ], [ 79.763333333333335, 31.69 ], [ 79.763333333333335, 31.683333333333334 ], [ 79.76, 31.683333333333334 ], [ 79.76, 31.696666666666665 ], [ 79.75333333333333, 31.696666666666665 ], [ 79.75333333333333, 31.703333333333333 ], [ 79.74666666666667, 31.703333333333333 ], [ 79.74666666666667, 31.716666666666665 ], [ 79.74, 31.716666666666665 ], [ 79.74, 31.72 ], [ 79.736666666666665, 31.72 ], [ 79.736666666666665, 31.723333333333333 ], [ 79.71, 31.723333333333333 ], [ 79.71, 31.726666666666667 ], [ 79.706666666666663, 31.726666666666667 ], [ 79.706666666666663, 31.736666666666665 ], [ 79.703333333333333, 31.736666666666665 ], [ 79.703333333333333, 31.746666666666666 ], [ 79.706666666666663, 31.746666666666666 ], [ 79.706666666666663, 31.743333333333332 ], [ 79.72, 31.743333333333332 ], [ 79.72, 31.746666666666666 ], [ 79.73, 31.746666666666666 ], [ 79.73, 31.76 ], [ 79.726666666666659, 31.76 ], [ 79.726666666666659, 31.766666666666666 ], [ 79.723333333333329, 31.766666666666666 ], [ 79.723333333333329, 31.773333333333333 ], [ 79.72, 31.773333333333333 ], [ 79.72, 31.776666666666667 ], [ 79.716666666666669, 31.776666666666667 ], [ 79.716666666666669, 31.78 ], [ 79.71, 31.78 ], [ 79.71, 31.786666666666665 ], [ 79.706666666666663, 31.786666666666665 ], [ 79.706666666666663, 31.79 ], [ 79.703333333333333, 31.79 ], [ 79.703333333333333, 31.796666666666667 ], [ 79.7, 31.796666666666667 ], [ 79.7, 31.816666666666666 ], [ 79.696666666666673, 31.816666666666666 ], [ 79.696666666666673, 31.83 ], [ 79.69, 31.83 ], [ 79.69, 31.833333333333332 ], [ 79.703333333333333, 31.833333333333332 ], [ 79.703333333333333, 31.836666666666666 ], [ 79.706666666666663, 31.836666666666666 ], [ 79.706666666666663, 31.84 ], [ 79.71, 31.84 ], [ 79.71, 31.846666666666668 ], [ 79.713333333333338, 31.846666666666668 ], [ 79.713333333333338, 31.86 ], [ 79.686666666666667, 31.86 ], [ 79.686666666666667, 31.856666666666666 ], [ 79.68, 31.856666666666666 ], [ 79.68, 31.86 ], [ 79.676666666666662, 31.86 ], [ 79.676666666666662, 31.87 ], [ 79.663333333333327, 31.87 ], [ 79.663333333333327, 31.866666666666667 ], [ 79.66, 31.866666666666667 ], [ 79.66, 31.863333333333333 ], [ 79.656666666666666, 31.863333333333333 ], [ 79.656666666666666, 31.843333333333334 ], [ 79.646666666666661, 31.843333333333334 ], [ 79.646666666666661, 31.846666666666668 ], [ 79.65, 31.846666666666668 ], [ 79.65, 31.863333333333333 ], [ 79.626666666666665, 31.863333333333333 ], [ 79.626666666666665, 31.86 ], [ 79.623333333333335, 31.86 ], [ 79.623333333333335, 31.866666666666667 ], [ 79.626666666666665, 31.866666666666667 ], [ 79.626666666666665, 31.886666666666667 ], [ 79.64, 31.886666666666667 ], [ 79.64, 31.9 ], [ 79.626666666666665, 31.9 ] ], [ [ 79.61, 31.85 ], [ 79.61333333333333, 31.85 ], [ 79.61333333333333, 31.836666666666666 ], [ 79.603333333333339, 31.836666666666666 ], [ 79.603333333333339, 31.843333333333334 ], [ 79.606666666666669, 31.843333333333334 ], [ 79.606666666666669, 31.846666666666668 ], [ 79.61, 31.846666666666668 ], [ 79.61, 31.85 ] ], [ [ 79.626666666666665, 31.843333333333334 ], [ 79.63, 31.843333333333334 ], [ 79.63, 31.84 ], [ 79.626666666666665, 31.84 ], [ 79.626666666666665, 31.843333333333334 ] ], [ [ 79.643333333333331, 31.843333333333334 ], [ 79.646666666666661, 31.843333333333334 ], [ 79.646666666666661, 31.84 ], [ 79.643333333333331, 31.84 ], [ 79.643333333333331, 31.843333333333334 ] ], [ [ 79.68, 31.843333333333334 ], [ 79.69, 31.843333333333334 ], [ 79.69, 31.833333333333332 ], [ 79.686666666666667, 31.833333333333332 ], [ 79.686666666666667, 31.836666666666666 ], [ 79.683333333333337, 31.836666666666666 ], [ 79.683333333333337, 31.84 ], [ 79.68, 31.84 ], [ 79.68, 31.843333333333334 ] ], [ [ 79.61333333333333, 31.836666666666666 ], [ 79.623333333333335, 31.836666666666666 ], [ 79.623333333333335, 31.833333333333332 ], [ 79.616666666666674, 31.833333333333332 ], [ 79.616666666666674, 31.83 ], [ 79.61333333333333, 31.83 ], [ 79.61333333333333, 31.836666666666666 ] ], [ [ 79.663333333333327, 31.836666666666666 ], [ 79.67, 31.836666666666666 ], [ 79.67, 31.833333333333332 ], [ 79.666666666666671, 31.833333333333332 ], [ 79.666666666666671, 31.83 ], [ 79.663333333333327, 31.83 ], [ 79.663333333333327, 31.836666666666666 ] ], [ [ 79.583333333333329, 31.82 ], [ 79.59, 31.82 ], [ 79.59, 31.816666666666666 ], [ 79.586666666666673, 31.816666666666666 ], [ 79.586666666666673, 31.813333333333333 ], [ 79.58, 31.813333333333333 ], [ 79.58, 31.816666666666666 ], [ 79.583333333333329, 31.816666666666666 ], [ 79.583333333333329, 31.82 ] ], [ [ 79.576666666666668, 31.813333333333333 ], [ 79.58, 31.813333333333333 ], [ 79.58, 31.806666666666665 ], [ 79.576666666666668, 31.806666666666665 ], [ 79.576666666666668, 31.813333333333333 ] ], [ [ 79.533333333333331, 31.803333333333335 ], [ 79.536666666666662, 31.803333333333335 ], [ 79.536666666666662, 31.8 ], [ 79.533333333333331, 31.8 ], [ 79.533333333333331, 31.803333333333335 ] ], [ [ 79.64, 31.783333333333331 ], [ 79.66, 31.783333333333331 ], [ 79.66, 31.78 ], [ 79.663333333333327, 31.78 ], [ 79.663333333333327, 31.77 ], [ 79.66, 31.77 ], [ 79.66, 31.76 ], [ 79.656666666666666, 31.76 ], [ 79.656666666666666, 31.756666666666668 ], [ 79.653333333333336, 31.756666666666668 ], [ 79.653333333333336, 31.753333333333334 ], [ 79.65, 31.753333333333334 ], [ 79.65, 31.746666666666666 ], [ 79.643333333333331, 31.746666666666666 ], [ 79.643333333333331, 31.743333333333332 ], [ 79.63, 31.743333333333332 ], [ 79.63, 31.746666666666666 ], [ 79.63666666666667, 31.746666666666666 ], [ 79.63666666666667, 31.75 ], [ 79.64, 31.75 ], [ 79.64, 31.756666666666668 ], [ 79.646666666666661, 31.756666666666668 ], [ 79.646666666666661, 31.76 ], [ 79.65, 31.76 ], [ 79.65, 31.773333333333333 ], [ 79.63333333333334, 31.773333333333333 ], [ 79.63333333333334, 31.77 ], [ 79.62, 31.77 ], [ 79.62, 31.766666666666666 ], [ 79.61, 31.766666666666666 ], [ 79.61, 31.77 ], [ 79.616666666666674, 31.77 ], [ 79.616666666666674, 31.773333333333333 ], [ 79.626666666666665, 31.773333333333333 ], [ 79.626666666666665, 31.776666666666667 ], [ 79.63333333333334, 31.776666666666667 ], [ 79.63333333333334, 31.78 ], [ 79.64, 31.78 ], [ 79.64, 31.783333333333331 ] ], [ [ 79.58, 31.773333333333333 ], [ 79.583333333333329, 31.773333333333333 ], [ 79.583333333333329, 31.763333333333332 ], [ 79.603333333333339, 31.763333333333332 ], [ 79.603333333333339, 31.76 ], [ 79.6, 31.76 ], [ 79.6, 31.756666666666668 ], [ 79.586666666666673, 31.756666666666668 ], [ 79.586666666666673, 31.753333333333334 ], [ 79.573333333333338, 31.753333333333334 ], [ 79.573333333333338, 31.75 ], [ 79.57, 31.75 ], [ 79.57, 31.736666666666665 ], [ 79.566666666666663, 31.736666666666665 ], [ 79.566666666666663, 31.756666666666668 ], [ 79.56, 31.756666666666668 ], [ 79.56, 31.76 ], [ 79.563333333333333, 31.76 ], [ 79.563333333333333, 31.763333333333332 ], [ 79.57, 31.763333333333332 ], [ 79.57, 31.766666666666666 ], [ 79.576666666666668, 31.766666666666666 ], [ 79.576666666666668, 31.77 ], [ 79.58, 31.77 ], [ 79.58, 31.773333333333333 ] ], [ [ 79.606666666666669, 31.766666666666666 ], [ 79.61, 31.766666666666666 ], [ 79.61, 31.763333333333332 ], [ 79.606666666666669, 31.763333333333332 ], [ 79.606666666666669, 31.766666666666666 ] ], [ [ 79.623333333333335, 31.743333333333332 ], [ 79.63, 31.743333333333332 ], [ 79.63, 31.74 ], [ 79.626666666666665, 31.74 ], [ 79.626666666666665, 31.736666666666665 ], [ 79.62, 31.736666666666665 ], [ 79.62, 31.726666666666667 ], [ 79.61333333333333, 31.726666666666667 ], [ 79.61333333333333, 31.716666666666665 ], [ 79.61, 31.716666666666665 ], [ 79.61, 31.72 ], [ 79.606666666666669, 31.72 ], [ 79.606666666666669, 31.723333333333333 ], [ 79.586666666666673, 31.723333333333333 ], [ 79.586666666666673, 31.726666666666667 ], [ 79.596666666666664, 31.726666666666667 ], [ 79.596666666666664, 31.736666666666665 ], [ 79.603333333333339, 31.736666666666665 ], [ 79.603333333333339, 31.74 ], [ 79.623333333333335, 31.74 ], [ 79.623333333333335, 31.743333333333332 ] ], [ [ 79.57, 31.716666666666665 ], [ 79.576666666666668, 31.716666666666665 ], [ 79.576666666666668, 31.713333333333331 ], [ 79.573333333333338, 31.713333333333331 ], [ 79.573333333333338, 31.71 ], [ 79.57, 31.71 ], [ 79.57, 31.716666666666665 ] ], [ [ 79.593333333333334, 31.663333333333334 ], [ 79.596666666666664, 31.663333333333334 ], [ 79.596666666666664, 31.656666666666666 ], [ 79.593333333333334, 31.656666666666666 ], [ 79.593333333333334, 31.663333333333334 ] ], [ [ 79.563333333333333, 31.66 ], [ 79.566666666666663, 31.66 ], [ 79.566666666666663, 31.656666666666666 ], [ 79.563333333333333, 31.656666666666666 ], [ 79.563333333333333, 31.66 ] ] ] } },
{ "type": "Feature", "properties": { "site_id": "SAFE-SITE-083", "cci_score": 91.199996948242188, "area_sqkm": 120.54, "capacity_families": 9643, "capacity_persons": 48215, "suitability_tier": "Optimal Prime Site (CCI ≥ 75)" }, "geometry": { "type": "Polygon", "coordinates": [ [ [ 79.843333333333334, 31.77 ], [ 79.843333333333334, 31.756666666666668 ], [ 79.84, 31.756666666666668 ], [ 79.84, 31.753333333333334 ], [ 79.836666666666673, 31.753333333333334 ], [ 79.836666666666673, 31.743333333333332 ], [ 79.833333333333329, 31.743333333333332 ], [ 79.833333333333329, 31.74 ], [ 79.83, 31.74 ], [ 79.83, 31.723333333333333 ], [ 79.833333333333329, 31.723333333333333 ], [ 79.833333333333329, 31.713333333333331 ], [ 79.846666666666664, 31.713333333333331 ], [ 79.846666666666664, 31.723333333333333 ], [ 79.86, 31.723333333333333 ], [ 79.86, 31.72 ], [ 79.856666666666669, 31.72 ], [ 79.856666666666669, 31.716666666666665 ], [ 79.853333333333339, 31.716666666666665 ], [ 79.853333333333339, 31.713333333333331 ], [ 79.85, 31.713333333333331 ], [ 79.85, 31.71 ], [ 79.846666666666664, 31.71 ], [ 79.846666666666664, 31.706666666666667 ], [ 79.84, 31.706666666666667 ], [ 79.84, 31.683333333333334 ], [ 79.856666666666669, 31.683333333333334 ], [ 79.856666666666669, 31.69 ], [ 79.86333333333333, 31.69 ], [ 79.86333333333333, 31.693333333333332 ], [ 79.87, 31.693333333333332 ], [ 79.87, 31.686666666666667 ], [ 79.873333333333335, 31.686666666666667 ], [ 79.873333333333335, 31.673333333333332 ], [ 79.876666666666665, 31.673333333333332 ], [ 79.876666666666665, 31.67 ], [ 79.87, 31.67 ], [ 79.87, 31.666666666666668 ], [ 79.86333333333333, 31.666666666666668 ], [ 79.86333333333333, 31.676666666666666 ], [ 79.836666666666673, 31.676666666666666 ], [ 79.836666666666673, 31.663333333333334 ], [ 79.84, 31.663333333333334 ], [ 79.84, 31.66 ], [ 79.843333333333334, 31.66 ], [ 79.843333333333334, 31.656666666666666 ], [ 79.846666666666664, 31.656666666666666 ], [ 79.846666666666664, 31.646666666666668 ], [ 79.86333333333333, 31.646666666666668 ], [ 79.86333333333333, 31.643333333333334 ], [ 79.87, 31.643333333333334 ], [ 79.87, 31.64 ], [ 79.876666666666665, 31.64 ], [ 79.876666666666665, 31.633333333333333 ], [ 79.86333333333333, 31.633333333333333 ], [ 79.86333333333333, 31.636666666666667 ], [ 79.86, 31.636666666666667 ], [ 79.86, 31.64 ], [ 79.856666666666669, 31.64 ], [ 79.856666666666669, 31.643333333333334 ], [ 79.843333333333334, 31.643333333333334 ], [ 79.843333333333334, 31.623333333333335 ], [ 79.846666666666664, 31.623333333333335 ], [ 79.846666666666664, 31.62 ], [ 79.86, 31.62 ], [ 79.86, 31.623333333333335 ], [ 79.86333333333333, 31.623333333333335 ], [ 79.86333333333333, 31.62 ], [ 79.866666666666674, 31.62 ], [ 79.866666666666674, 31.616666666666667 ], [ 79.88, 31.616666666666667 ], [ 79.88, 31.63 ], [ 79.9, 31.63 ], [ 79.9, 31.623333333333335 ], [ 79.903333333333336, 31.623333333333335 ], [ 79.903333333333336, 31.61 ], [ 79.906666666666666, 31.61 ], [ 79.906666666666666, 31.603333333333332 ], [ 79.91, 31.603333333333332 ], [ 79.91, 31.6 ], [ 79.903333333333336, 31.6 ], [ 79.903333333333336, 31.603333333333332 ], [ 79.9, 31.603333333333332 ], [ 79.9, 31.606666666666666 ], [ 79.88333333333334, 31.606666666666666 ], [ 79.88333333333334, 31.6 ], [ 79.88, 31.6 ], [ 79.88, 31.596666666666668 ], [ 79.876666666666665, 31.596666666666668 ], [ 79.876666666666665, 31.583333333333332 ], [ 79.893333333333331, 31.583333333333332 ], [ 79.893333333333331, 31.58 ], [ 79.896666666666661, 31.58 ], [ 79.896666666666661, 31.576666666666668 ], [ 79.9, 31.576666666666668 ], [ 79.9, 31.566666666666666 ], [ 79.916666666666671, 31.566666666666666 ], [ 79.916666666666671, 31.57 ], [ 79.92, 31.57 ], [ 79.92, 31.573333333333334 ], [ 79.94, 31.573333333333334 ], [ 79.94, 31.576666666666668 ], [ 79.943333333333328, 31.576666666666668 ], [ 79.943333333333328, 31.58 ], [ 79.95, 31.58 ], [ 79.95, 31.583333333333332 ], [ 79.953333333333333, 31.583333333333332 ], [ 79.953333333333333, 31.586666666666666 ], [ 79.96, 31.586666666666666 ], [ 79.96, 31.603333333333332 ], [ 79.956666666666663, 31.603333333333332 ], [ 79.956666666666663, 31.613333333333333 ], [ 79.95, 31.613333333333333 ], [ 79.95, 31.616666666666667 ], [ 79.94, 31.616666666666667 ], [ 79.94, 31.62 ], [ 79.936666666666667, 31.62 ], [ 79.936666666666667, 31.623333333333335 ], [ 79.933333333333337, 31.623333333333335 ], [ 79.933333333333337, 31.626666666666665 ], [ 79.93, 31.626666666666665 ], [ 79.93, 31.653333333333332 ], [ 79.926666666666662, 31.653333333333332 ], [ 79.926666666666662, 31.656666666666666 ], [ 79.92, 31.656666666666666 ], [ 79.92, 31.66 ], [ 79.916666666666671, 31.66 ], [ 79.916666666666671, 31.663333333333334 ], [ 79.913333333333327, 31.663333333333334 ], [ 79.913333333333327, 31.686666666666667 ], [ 79.91, 31.686666666666667 ], [ 79.91, 31.693333333333332 ], [ 79.903333333333336, 31.693333333333332 ], [ 79.903333333333336, 31.703333333333333 ], [ 79.9, 31.703333333333333 ], [ 79.9, 31.706666666666667 ], [ 79.893333333333331, 31.706666666666667 ], [ 79.893333333333331, 31.736666666666665 ], [ 79.873333333333335, 31.736666666666665 ], [ 79.873333333333335, 31.75 ], [ 79.87, 31.75 ], [ 79.87, 31.753333333333334 ], [ 79.866666666666674, 31.753333333333334 ], [ 79.866666666666674, 31.756666666666668 ], [ 79.86333333333333, 31.756666666666668 ], [ 79.86333333333333, 31.77 ], [ 79.843333333333334, 31.77 ] ], [ [ 79.866666666666674, 31.73 ], [ 79.87, 31.73 ], [ 79.87, 31.726666666666667 ], [ 79.866666666666674, 31.726666666666667 ], [ 79.866666666666674, 31.73 ] ], [ [ 79.86, 31.726666666666667 ], [ 79.86333333333333, 31.726666666666667 ], [ 79.86333333333333, 31.723333333333333 ], [ 79.86, 31.723333333333333 ], [ 79.86, 31.726666666666667 ] ] ] } },
{ "type": "Feature", "properties": { "site_id": "SAFE-SITE-084", "cci_score": 91.199996948242188, "area_sqkm": 14.52, "capacity_families": 1161, "capacity_persons": 5805, "suitability_tier": "Optimal Prime Site (CCI ≥ 75)" }, "geometry": { "type": "Polygon", "coordinates": [ [ [ 77.03, 31.6 ], [ 77.03, 31.593333333333334 ], [ 77.026666666666671, 31.593333333333334 ], [ 77.026666666666671, 31.59 ], [ 77.023333333333341, 31.59 ], [ 77.023333333333341, 31.583333333333332 ], [ 77.016666666666666, 31.583333333333332 ], [ 77.016666666666666, 31.58 ], [ 76.99666666666667, 31.58 ], [ 76.99666666666667, 31.56 ], [ 77.0, 31.56 ], [ 77.0, 31.556666666666665 ], [ 77.006666666666661, 31.556666666666665 ], [ 77.006666666666661, 31.553333333333335 ], [ 77.026666666666671, 31.553333333333335 ], [ 77.026666666666671, 31.563333333333333 ], [ 77.03, 31.563333333333333 ], [ 77.03, 31.566666666666666 ], [ 77.033333333333331, 31.566666666666666 ], [ 77.033333333333331, 31.57 ], [ 77.036666666666662, 31.57 ], [ 77.036666666666662, 31.573333333333334 ], [ 77.04, 31.573333333333334 ], [ 77.04, 31.58 ], [ 77.05, 31.58 ], [ 77.05, 31.596666666666668 ], [ 77.043333333333337, 31.596666666666668 ], [ 77.043333333333337, 31.6 ], [ 77.03, 31.6 ] ] ] } },
{ "type": "Feature", "properties": { "site_id": "SAFE-SITE-085", "cci_score": 91.199996948242188, "area_sqkm": 159.79, "capacity_families": 12783, "capacity_persons": 63915, "suitability_tier": "Optimal Prime Site (CCI ≥ 75)" }, "geometry": { "type": "Polygon", "coordinates": [ [ [ 76.89, 31.71 ], [ 76.89, 31.69 ], [ 76.88666666666667, 31.69 ], [ 76.88666666666667, 31.656666666666666 ], [ 76.88333333333334, 31.656666666666666 ], [ 76.88333333333334, 31.653333333333332 ], [ 76.88, 31.653333333333332 ], [ 76.88, 31.646666666666668 ], [ 76.876666666666665, 31.646666666666668 ], [ 76.876666666666665, 31.643333333333334 ], [ 76.873333333333335, 31.643333333333334 ], [ 76.873333333333335, 31.63 ], [ 76.88, 31.63 ], [ 76.88, 31.623333333333335 ], [ 76.876666666666665, 31.623333333333335 ], [ 76.876666666666665, 31.613333333333333 ], [ 76.87, 31.613333333333333 ], [ 76.87, 31.593333333333334 ], [ 76.86666666666666, 31.593333333333334 ], [ 76.86666666666666, 31.59 ], [ 76.86, 31.59 ], [ 76.86, 31.573333333333334 ], [ 76.853333333333339, 31.573333333333334 ], [ 76.853333333333339, 31.55 ], [ 76.85, 31.55 ], [ 76.85, 31.523333333333333 ], [ 76.86666666666666, 31.523333333333333 ], [ 76.86666666666666, 31.516666666666666 ], [ 76.87, 31.516666666666666 ], [ 76.87, 31.51 ], [ 76.88, 31.51 ], [ 76.88, 31.506666666666668 ], [ 76.893333333333331, 31.506666666666668 ], [ 76.893333333333331, 31.53 ], [ 76.896666666666661, 31.53 ], [ 76.896666666666661, 31.533333333333331 ], [ 76.903333333333336, 31.533333333333331 ], [ 76.903333333333336, 31.53 ], [ 76.91, 31.53 ], [ 76.91, 31.526666666666667 ], [ 76.913333333333327, 31.526666666666667 ], [ 76.913333333333327, 31.523333333333333 ], [ 76.916666666666671, 31.523333333333333 ], [ 76.916666666666671, 31.52 ], [ 76.933333333333337, 31.52 ], [ 76.933333333333337, 31.516666666666666 ], [ 76.936666666666667, 31.516666666666666 ], [ 76.936666666666667, 31.513333333333332 ], [ 76.95, 31.513333333333332 ], [ 76.95, 31.53 ], [ 76.943333333333328, 31.53 ], [ 76.943333333333328, 31.536666666666665 ], [ 76.946666666666673, 31.536666666666665 ], [ 76.946666666666673, 31.54 ], [ 76.96, 31.54 ], [ 76.96, 31.55 ], [ 76.973333333333329, 31.55 ], [ 76.973333333333329, 31.553333333333335 ], [ 76.98, 31.553333333333335 ], [ 76.98, 31.57 ], [ 76.976666666666674, 31.57 ], [ 76.976666666666674, 31.576666666666668 ], [ 76.973333333333329, 31.576666666666668 ], [ 76.973333333333329, 31.58 ], [ 76.97, 31.58 ], [ 76.97, 31.583333333333332 ], [ 76.973333333333329, 31.583333333333332 ], [ 76.973333333333329, 31.593333333333334 ], [ 76.976666666666674, 31.593333333333334 ], [ 76.976666666666674, 31.623333333333335 ], [ 76.97, 31.623333333333335 ], [ 76.97, 31.626666666666665 ], [ 76.966666666666669, 31.626666666666665 ], [ 76.966666666666669, 31.633333333333333 ], [ 76.963333333333338, 31.633333333333333 ], [ 76.963333333333338, 31.636666666666667 ], [ 76.966666666666669, 31.636666666666667 ], [ 76.966666666666669, 31.643333333333334 ], [ 76.97, 31.643333333333334 ], [ 76.97, 31.656666666666666 ], [ 76.966666666666669, 31.656666666666666 ], [ 76.966666666666669, 31.66 ], [ 76.963333333333338, 31.66 ], [ 76.963333333333338, 31.663333333333334 ], [ 76.96, 31.663333333333334 ], [ 76.96, 31.666666666666668 ], [ 76.943333333333328, 31.666666666666668 ], [ 76.943333333333328, 31.65 ], [ 76.94, 31.65 ], [ 76.94, 31.643333333333334 ], [ 76.926666666666662, 31.643333333333334 ], [ 76.926666666666662, 31.636666666666667 ], [ 76.92, 31.636666666666667 ], [ 76.92, 31.633333333333333 ], [ 76.916666666666671, 31.633333333333333 ], [ 76.916666666666671, 31.63 ], [ 76.903333333333336, 31.63 ], [ 76.903333333333336, 31.633333333333333 ], [ 76.906666666666666, 31.633333333333333 ], [ 76.906666666666666, 31.643333333333334 ], [ 76.91, 31.643333333333334 ], [ 76.91, 31.66 ], [ 76.92, 31.66 ], [ 76.92, 31.68 ], [ 76.91, 31.68 ], [ 76.91, 31.683333333333334 ], [ 76.903333333333336, 31.683333333333334 ], [ 76.903333333333336, 31.686666666666667 ], [ 76.906666666666666, 31.686666666666667 ], [ 76.906666666666666, 31.703333333333333 ], [ 76.903333333333336, 31.703333333333333 ], [ 76.903333333333336, 31.71 ], [ 76.89, 31.71 ] ] ] } },
{ "type": "Feature", "properties": { "site_id": "SAFE-SITE-086", "cci_score": 91.199996948242188, "area_sqkm": 44.24, "capacity_families": 3539, "capacity_persons": 17695, "suitability_tier": "Optimal Prime Site (CCI ≥ 75)" }, "geometry": { "type": "Polygon", "coordinates": [ [ [ 79.963333333333338, 31.583333333333332 ], [ 79.963333333333338, 31.58 ], [ 79.96, 31.58 ], [ 79.96, 31.576666666666668 ], [ 79.953333333333333, 31.576666666666668 ], [ 79.953333333333333, 31.573333333333334 ], [ 79.95, 31.573333333333334 ], [ 79.95, 31.57 ], [ 79.946666666666673, 31.57 ], [ 79.946666666666673, 31.566666666666666 ], [ 79.94, 31.566666666666666 ], [ 79.94, 31.563333333333333 ], [ 79.933333333333337, 31.563333333333333 ], [ 79.933333333333337, 31.56 ], [ 79.93, 31.56 ], [ 79.93, 31.546666666666667 ], [ 79.94, 31.546666666666667 ], [ 79.94, 31.543333333333333 ], [ 79.946666666666673, 31.543333333333333 ], [ 79.946666666666673, 31.533333333333331 ], [ 79.956666666666663, 31.533333333333331 ], [ 79.956666666666663, 31.53 ], [ 79.97, 31.53 ], [ 79.97, 31.526666666666667 ], [ 79.946666666666673, 31.526666666666667 ], [ 79.946666666666673, 31.51 ], [ 79.95, 31.51 ], [ 79.95, 31.503333333333334 ], [ 79.953333333333333, 31.503333333333334 ], [ 79.953333333333333, 31.5 ], [ 79.963333333333338, 31.5 ], [ 79.963333333333338, 31.493333333333332 ], [ 80.0, 31.493333333333332 ], [ 80.0, 31.533333333333331 ], [ 79.993333333333339, 31.533333333333331 ], [ 79.993333333333339, 31.536666666666665 ], [ 79.983333333333334, 31.536666666666665 ], [ 79.983333333333334, 31.54 ], [ 79.986666666666665, 31.54 ], [ 79.986666666666665, 31.543333333333333 ], [ 79.99, 31.543333333333333 ], [ 79.99, 31.546666666666667 ], [ 79.993333333333339, 31.546666666666667 ], [ 79.993333333333339, 31.57 ], [ 79.99, 31.57 ], [ 79.99, 31.58 ], [ 79.983333333333334, 31.58 ], [ 79.983333333333334, 31.583333333333332 ], [ 79.963333333333338, 31.583333333333332 ] ], [ [ 79.973333333333329, 31.533333333333331 ], [ 79.976666666666659, 31.533333333333331 ], [ 79.976666666666659, 31.53 ], [ 79.973333333333329, 31.53 ], [ 79.973333333333329, 31.533333333333331 ] ] ] } },
{ "type": "Feature", "properties": { "site_id": "SAFE-SITE-087", "cci_score": 91.199996948242188, "area_sqkm": 44.94, "capacity_families": 3595, "capacity_persons": 17975, "suitability_tier": "Optimal Prime Site (CCI ≥ 75)" }, "geometry": { "type": "Polygon", "coordinates": [ [ [ 79.676666666666662, 31.506666666666668 ], [ 79.676666666666662, 31.503333333333334 ], [ 79.663333333333327, 31.503333333333334 ], [ 79.663333333333327, 31.49 ], [ 79.673333333333332, 31.49 ], [ 79.673333333333332, 31.486666666666665 ], [ 79.663333333333327, 31.486666666666665 ], [ 79.663333333333327, 31.473333333333333 ], [ 79.666666666666671, 31.473333333333333 ], [ 79.666666666666671, 31.466666666666665 ], [ 79.68, 31.466666666666665 ], [ 79.68, 31.463333333333331 ], [ 79.683333333333337, 31.463333333333331 ], [ 79.683333333333337, 31.46 ], [ 79.713333333333338, 31.46 ], [ 79.713333333333338, 31.466666666666665 ], [ 79.73, 31.466666666666665 ], [ 79.73, 31.47 ], [ 79.733333333333334, 31.47 ], [ 79.733333333333334, 31.473333333333333 ], [ 79.743333333333339, 31.473333333333333 ], [ 79.743333333333339, 31.476666666666667 ], [ 79.75, 31.476666666666667 ], [ 79.75, 31.48 ], [ 79.783333333333331, 31.48 ], [ 79.783333333333331, 31.476666666666667 ], [ 79.796666666666667, 31.476666666666667 ], [ 79.796666666666667, 31.48 ], [ 79.806666666666672, 31.48 ], [ 79.806666666666672, 31.483333333333334 ], [ 79.816666666666663, 31.483333333333334 ], [ 79.816666666666663, 31.493333333333332 ], [ 79.82, 31.493333333333332 ], [ 79.82, 31.506666666666668 ], [ 79.773333333333341, 31.506666666666668 ], [ 79.773333333333341, 31.503333333333334 ], [ 79.76, 31.503333333333334 ], [ 79.76, 31.5 ], [ 79.74, 31.5 ], [ 79.74, 31.496666666666666 ], [ 79.736666666666665, 31.496666666666666 ], [ 79.736666666666665, 31.493333333333332 ], [ 79.713333333333338, 31.493333333333332 ], [ 79.713333333333338, 31.49 ], [ 79.696666666666673, 31.49 ], [ 79.696666666666673, 31.486666666666665 ], [ 79.693333333333328, 31.486666666666665 ], [ 79.693333333333328, 31.49 ], [ 79.676666666666662, 31.49 ], [ 79.676666666666662, 31.493333333333332 ], [ 79.69, 31.493333333333332 ], [ 79.69, 31.506666666666668 ], [ 79.676666666666662, 31.506666666666668 ] ] ] } },
{ "type": "Feature", "properties": { "site_id": "SAFE-SITE-088", "cci_score": 91.199996948242188, "area_sqkm": 15.56, "capacity_families": 1244, "capacity_persons": 6220, "suitability_tier": "Optimal Prime Site (CCI ≥ 75)" }, "geometry": { "type": "Polygon", "coordinates": [ [ [ 79.966666666666669, 31.466666666666665 ], [ 79.966666666666669, 31.45 ], [ 79.97, 31.45 ], [ 79.97, 31.426666666666666 ], [ 79.973333333333329, 31.426666666666666 ], [ 79.973333333333329, 31.423333333333332 ], [ 79.976666666666659, 31.423333333333332 ], [ 79.976666666666659, 31.42 ], [ 79.983333333333334, 31.42 ], [ 79.983333333333334, 31.413333333333334 ], [ 80.0, 31.413333333333334 ], [ 80.0, 31.463333333333331 ], [ 79.986666666666665, 31.463333333333331 ], [ 79.986666666666665, 31.466666666666665 ], [ 79.966666666666669, 31.466666666666665 ] ] ] } },
{ "type": "Feature", "properties": { "site_id": "SAFE-SITE-089", "cci_score": 91.199996948242188, "area_sqkm": 10.92, "capacity_families": 873, "capacity_persons": 4365, "suitability_tier": "Optimal Prime Site (CCI ≥ 75)" }, "geometry": { "type": "Polygon", "coordinates": [ [ [ 79.74, 31.443333333333332 ], [ 79.74, 31.44 ], [ 79.736666666666665, 31.44 ], [ 79.736666666666665, 31.43 ], [ 79.723333333333329, 31.43 ], [ 79.723333333333329, 31.426666666666666 ], [ 79.72, 31.426666666666666 ], [ 79.72, 31.416666666666668 ], [ 79.716666666666669, 31.416666666666668 ], [ 79.716666666666669, 31.4 ], [ 79.733333333333334, 31.4 ], [ 79.733333333333334, 31.406666666666666 ], [ 79.736666666666665, 31.406666666666666 ], [ 79.736666666666665, 31.41 ], [ 79.74, 31.41 ], [ 79.74, 31.416666666666668 ], [ 79.756666666666661, 31.416666666666668 ], [ 79.756666666666661, 31.436666666666667 ], [ 79.75333333333333, 31.436666666666667 ], [ 79.75333333333333, 31.443333333333332 ], [ 79.74, 31.443333333333332 ] ] ] } },
{ "type": "Feature", "properties": { "site_id": "SAFE-SITE-090", "cci_score": 91.199996948242188, "area_sqkm": 17.42, "capacity_families": 1393, "capacity_persons": 6965, "suitability_tier": "Optimal Prime Site (CCI ≥ 75)" }, "geometry": { "type": "Polygon", "coordinates": [ [ [ 79.836666666666673, 31.436666666666667 ], [ 79.836666666666673, 31.433333333333334 ], [ 79.823333333333338, 31.433333333333334 ], [ 79.823333333333338, 31.43 ], [ 79.816666666666663, 31.43 ], [ 79.816666666666663, 31.423333333333332 ], [ 79.813333333333333, 31.423333333333332 ], [ 79.813333333333333, 31.42 ], [ 79.806666666666672, 31.42 ], [ 79.806666666666672, 31.41 ], [ 79.803333333333327, 31.41 ], [ 79.803333333333327, 31.406666666666666 ], [ 79.796666666666667, 31.406666666666666 ], [ 79.796666666666667, 31.403333333333332 ], [ 79.786666666666662, 31.403333333333332 ], [ 79.786666666666662, 31.396666666666668 ], [ 79.783333333333331, 31.396666666666668 ], [ 79.783333333333331, 31.393333333333334 ], [ 79.78, 31.393333333333334 ], [ 79.78, 31.38 ], [ 79.793333333333337, 31.38 ], [ 79.793333333333337, 31.383333333333333 ], [ 79.8, 31.383333333333333 ], [ 79.8, 31.386666666666667 ], [ 79.81, 31.386666666666667 ], [ 79.81, 31.393333333333334 ], [ 79.813333333333333, 31.393333333333334 ], [ 79.813333333333333, 31.396666666666668 ], [ 79.816666666666663, 31.396666666666668 ], [ 79.816666666666663, 31.4 ], [ 79.823333333333338, 31.4 ], [ 79.823333333333338, 31.403333333333332 ], [ 79.83, 31.403333333333332 ], [ 79.83, 31.406666666666666 ], [ 79.833333333333329, 31.406666666666666 ], [ 79.833333333333329, 31.41 ], [ 79.84, 31.41 ], [ 79.84, 31.416666666666668 ], [ 79.843333333333334, 31.416666666666668 ], [ 79.843333333333334, 31.42 ], [ 79.85, 31.42 ], [ 79.85, 31.436666666666667 ], [ 79.836666666666673, 31.436666666666667 ] ] ] } },
{ "type": "Feature", "properties": { "site_id": "SAFE-SITE-091", "cci_score": 91.199996948242188, "area_sqkm": 19.97, "capacity_families": 1597, "capacity_persons": 7985, "suitability_tier": "Optimal Prime Site (CCI ≥ 75)" }, "geometry": { "type": "Polygon", "coordinates": [ [ [ 79.923333333333332, 31.403333333333332 ], [ 79.923333333333332, 31.4 ], [ 79.92, 31.4 ], [ 79.92, 31.396666666666668 ], [ 79.916666666666671, 31.396666666666668 ], [ 79.916666666666671, 31.383333333333333 ], [ 79.92, 31.383333333333333 ], [ 79.92, 31.38 ], [ 79.923333333333332, 31.38 ], [ 79.923333333333332, 31.373333333333335 ], [ 79.926666666666662, 31.373333333333335 ], [ 79.926666666666662, 31.37 ], [ 79.93, 31.37 ], [ 79.93, 31.366666666666667 ], [ 79.933333333333337, 31.366666666666667 ], [ 79.933333333333337, 31.363333333333333 ], [ 79.936666666666667, 31.363333333333333 ], [ 79.936666666666667, 31.36 ], [ 79.94, 31.36 ], [ 79.94, 31.356666666666666 ], [ 79.943333333333328, 31.356666666666666 ], [ 79.943333333333328, 31.35 ], [ 79.946666666666673, 31.35 ], [ 79.946666666666673, 31.346666666666668 ], [ 79.97, 31.346666666666668 ], [ 79.97, 31.35 ], [ 79.983333333333334, 31.35 ], [ 79.983333333333334, 31.363333333333333 ], [ 79.966666666666669, 31.363333333333333 ], [ 79.966666666666669, 31.366666666666667 ], [ 79.963333333333338, 31.366666666666667 ], [ 79.963333333333338, 31.37 ], [ 79.96, 31.37 ], [ 79.96, 31.373333333333335 ], [ 79.963333333333338, 31.373333333333335 ], [ 79.963333333333338, 31.386666666666667 ], [ 79.953333333333333, 31.386666666666667 ], [ 79.953333333333333, 31.39 ], [ 79.94, 31.39 ], [ 79.94, 31.393333333333334 ], [ 79.936666666666667, 31.393333333333334 ], [ 79.936666666666667, 31.403333333333332 ], [ 79.923333333333332, 31.403333333333332 ] ] ] } },
{ "type": "Feature", "properties": { "site_id": "SAFE-SITE-092", "cci_score": 91.199996948242188, "area_sqkm": 40.41, "capacity_families": 3232, "capacity_persons": 16160, "suitability_tier": "Optimal Prime Site (CCI ≥ 75)" }, "geometry": { "type": "Polygon", "coordinates": [ [ [ 79.87, 31.42 ], [ 79.87, 31.416666666666668 ], [ 79.86333333333333, 31.416666666666668 ], [ 79.86333333333333, 31.413333333333334 ], [ 79.86, 31.413333333333334 ], [ 79.86, 31.41 ], [ 79.853333333333339, 31.41 ], [ 79.853333333333339, 31.406666666666666 ], [ 79.84, 31.406666666666666 ], [ 79.84, 31.403333333333332 ], [ 79.836666666666673, 31.403333333333332 ], [ 79.836666666666673, 31.4 ], [ 79.83, 31.4 ], [ 79.83, 31.396666666666668 ], [ 79.823333333333338, 31.396666666666668 ], [ 79.823333333333338, 31.393333333333334 ], [ 79.82, 31.393333333333334 ], [ 79.82, 31.386666666666667 ], [ 79.816666666666663, 31.386666666666667 ], [ 79.816666666666663, 31.383333333333333 ], [ 79.81, 31.383333333333333 ], [ 79.81, 31.38 ], [ 79.8, 31.38 ], [ 79.8, 31.376666666666665 ], [ 79.793333333333337, 31.376666666666665 ], [ 79.793333333333337, 31.363333333333333 ], [ 79.796666666666667, 31.363333333333333 ], [ 79.796666666666667, 31.36 ], [ 79.793333333333337, 31.36 ], [ 79.793333333333337, 31.356666666666666 ], [ 79.783333333333331, 31.356666666666666 ], [ 79.783333333333331, 31.353333333333332 ], [ 79.776666666666671, 31.353333333333332 ], [ 79.776666666666671, 31.34 ], [ 79.82, 31.34 ], [ 79.82, 31.343333333333334 ], [ 79.823333333333338, 31.343333333333334 ], [ 79.823333333333338, 31.346666666666668 ], [ 79.833333333333329, 31.346666666666668 ], [ 79.833333333333329, 31.35 ], [ 79.836666666666673, 31.35 ], [ 79.836666666666673, 31.353333333333332 ], [ 79.843333333333334, 31.353333333333332 ], [ 79.843333333333334, 31.356666666666666 ], [ 79.846666666666664, 31.356666666666666 ], [ 79.846666666666664, 31.36 ], [ 79.853333333333339, 31.36 ], [ 79.853333333333339, 31.373333333333335 ], [ 79.846666666666664, 31.373333333333335 ], [ 79.846666666666664, 31.376666666666665 ], [ 79.85, 31.376666666666665 ], [ 79.85, 31.38 ], [ 79.853333333333339, 31.38 ], [ 79.853333333333339, 31.383333333333333 ], [ 79.87, 31.383333333333333 ], [ 79.87, 31.386666666666667 ], [ 79.873333333333335, 31.386666666666667 ], [ 79.873333333333335, 31.39 ], [ 79.876666666666665, 31.39 ], [ 79.876666666666665, 31.396666666666668 ], [ 79.88, 31.396666666666668 ], [ 79.88, 31.4 ], [ 79.88333333333334, 31.4 ], [ 79.88333333333334, 31.406666666666666 ], [ 79.88666666666667, 31.406666666666666 ], [ 79.88666666666667, 31.42 ], [ 79.87, 31.42 ] ] ] } },
{ "type": "Feature", "properties": { "site_id": "SAFE-SITE-093", "cci_score": 91.199996948242188, "area_sqkm": 14.98, "capacity_families": 1198, "capacity_persons": 5990, "suitability_tier": "Optimal Prime Site (CCI ≥ 75)" }, "geometry": { "type": "Polygon", "coordinates": [ [ [ 79.956666666666663, 31.343333333333334 ], [ 79.956666666666663, 31.333333333333332 ], [ 79.946666666666673, 31.333333333333332 ], [ 79.946666666666673, 31.33 ], [ 79.943333333333328, 31.33 ], [ 79.943333333333328, 31.323333333333334 ], [ 79.936666666666667, 31.323333333333334 ], [ 79.936666666666667, 31.316666666666666 ], [ 79.933333333333337, 31.316666666666666 ], [ 79.933333333333337, 31.3 ], [ 79.926666666666662, 31.3 ], [ 79.926666666666662, 31.286666666666665 ], [ 79.94, 31.286666666666665 ], [ 79.94, 31.293333333333333 ], [ 79.946666666666673, 31.293333333333333 ], [ 79.946666666666673, 31.306666666666665 ], [ 79.95, 31.306666666666665 ], [ 79.95, 31.313333333333333 ], [ 79.956666666666663, 31.313333333333333 ], [ 79.956666666666663, 31.316666666666666 ], [ 79.963333333333338, 31.316666666666666 ], [ 79.963333333333338, 31.32 ], [ 79.98, 31.32 ], [ 79.98, 31.323333333333334 ], [ 79.986666666666665, 31.323333333333334 ], [ 79.986666666666665, 31.336666666666666 ], [ 79.983333333333334, 31.336666666666666 ], [ 79.983333333333334, 31.343333333333334 ], [ 79.956666666666663, 31.343333333333334 ] ] ] } },
{ "type": "Feature", "properties": { "site_id": "SAFE-SITE-094", "cci_score": 91.199996948242188, "area_sqkm": 24.62, "capacity_families": 1969, "capacity_persons": 9845, "suitability_tier": "Optimal Prime Site (CCI ≥ 75)" }, "geometry": { "type": "Polygon", "coordinates": [ [ [ 76.816666666666663, 31.34 ], [ 76.816666666666663, 31.33 ], [ 76.813333333333333, 31.33 ], [ 76.813333333333333, 31.323333333333334 ], [ 76.81, 31.323333333333334 ], [ 76.81, 31.316666666666666 ], [ 76.806666666666672, 31.316666666666666 ], [ 76.806666666666672, 31.283333333333331 ], [ 76.81, 31.283333333333331 ], [ 76.81, 31.266666666666666 ], [ 76.826666666666668, 31.266666666666666 ], [ 76.826666666666668, 31.256666666666668 ], [ 76.84, 31.256666666666668 ], [ 76.84, 31.266666666666666 ], [ 76.843333333333334, 31.266666666666666 ], [ 76.843333333333334, 31.28 ], [ 76.84, 31.28 ], [ 76.84, 31.283333333333331 ], [ 76.836666666666673, 31.283333333333331 ], [ 76.836666666666673, 31.296666666666667 ], [ 76.833333333333329, 31.296666666666667 ], [ 76.833333333333329, 31.3 ], [ 76.83, 31.3 ], [ 76.83, 31.303333333333335 ], [ 76.833333333333329, 31.303333333333335 ], [ 76.833333333333329, 31.31 ], [ 76.843333333333334, 31.31 ], [ 76.843333333333334, 31.313333333333333 ], [ 76.846666666666664, 31.313333333333333 ], [ 76.846666666666664, 31.33 ], [ 76.84, 31.33 ], [ 76.84, 31.333333333333332 ], [ 76.836666666666673, 31.333333333333332 ], [ 76.836666666666673, 31.34 ], [ 76.816666666666663, 31.34 ] ] ] } },
{ "type": "Feature", "properties": { "site_id": "SAFE-SITE-095", "cci_score": 91.199996948242188, "area_sqkm": 11.96, "capacity_families": 956, "capacity_persons": 4780, "suitability_tier": "Optimal Prime Site (CCI ≥ 75)" }, "geometry": { "type": "Polygon", "coordinates": [ [ [ 79.963333333333338, 31.283333333333331 ], [ 79.963333333333338, 31.27 ], [ 79.966666666666669, 31.27 ], [ 79.966666666666669, 31.26 ], [ 79.97, 31.26 ], [ 79.97, 31.246666666666666 ], [ 79.993333333333339, 31.246666666666666 ], [ 79.993333333333339, 31.25 ], [ 80.0, 31.25 ], [ 80.0, 31.27 ], [ 79.99666666666667, 31.27 ], [ 79.99666666666667, 31.283333333333331 ], [ 79.98, 31.283333333333331 ], [ 79.98, 31.28 ], [ 79.976666666666659, 31.28 ], [ 79.976666666666659, 31.283333333333331 ], [ 79.963333333333338, 31.283333333333331 ] ] ] } },
{ "type": "Feature", "properties": { "site_id": "SAFE-SITE-096", "cci_score": 91.199996948242188, "area_sqkm": 156.31, "capacity_families": 12504, "capacity_persons": 62520, "suitability_tier": "Optimal Prime Site (CCI ≥ 75)" }, "geometry": { "type": "Polygon", "coordinates": [ [ [ 79.58, 31.393333333333334 ], [ 79.58, 31.39 ], [ 79.576666666666668, 31.39 ], [ 79.576666666666668, 31.386666666666667 ], [ 79.573333333333338, 31.386666666666667 ], [ 79.573333333333338, 31.383333333333333 ], [ 79.566666666666663, 31.383333333333333 ], [ 79.566666666666663, 31.38 ], [ 79.563333333333333, 31.38 ], [ 79.563333333333333, 31.373333333333335 ], [ 79.56, 31.373333333333335 ], [ 79.56, 31.37 ], [ 79.556666666666672, 31.37 ], [ 79.556666666666672, 31.366666666666667 ], [ 79.553333333333327, 31.366666666666667 ], [ 79.553333333333327, 31.343333333333334 ], [ 79.556666666666672, 31.343333333333334 ], [ 79.556666666666672, 31.333333333333332 ], [ 79.553333333333327, 31.333333333333332 ], [ 79.553333333333327, 31.303333333333335 ], [ 79.556666666666672, 31.303333333333335 ], [ 79.556666666666672, 31.296666666666667 ], [ 79.56, 31.296666666666667 ], [ 79.56, 31.29 ], [ 79.566666666666663, 31.29 ], [ 79.566666666666663, 31.28 ], [ 79.55, 31.28 ], [ 79.55, 31.266666666666666 ], [ 79.553333333333327, 31.266666666666666 ], [ 79.553333333333327, 31.24 ], [ 79.566666666666663, 31.24 ], [ 79.566666666666663, 31.23 ], [ 79.586666666666673, 31.23 ], [ 79.586666666666673, 31.233333333333334 ], [ 79.593333333333334, 31.233333333333334 ], [ 79.593333333333334, 31.236666666666665 ], [ 79.596666666666664, 31.236666666666665 ], [ 79.596666666666664, 31.256666666666668 ], [ 79.593333333333334, 31.256666666666668 ], [ 79.593333333333334, 31.26 ], [ 79.596666666666664, 31.26 ], [ 79.596666666666664, 31.273333333333333 ], [ 79.59, 31.273333333333333 ], [ 79.59, 31.276666666666667 ], [ 79.586666666666673, 31.276666666666667 ], [ 79.586666666666673, 31.283333333333331 ], [ 79.583333333333329, 31.283333333333331 ], [ 79.583333333333329, 31.286666666666665 ], [ 79.58, 31.286666666666665 ], [ 79.58, 31.29 ], [ 79.573333333333338, 31.29 ], [ 79.573333333333338, 31.3 ], [ 79.576666666666668, 31.3 ], [ 79.576666666666668, 31.303333333333335 ], [ 79.6, 31.303333333333335 ], [ 79.6, 31.31 ], [ 79.616666666666674, 31.31 ], [ 79.616666666666674, 31.306666666666665 ], [ 79.623333333333335, 31.306666666666665 ], [ 79.623333333333335, 31.3 ], [ 79.653333333333336, 31.3 ], [ 79.653333333333336, 31.323333333333334 ], [ 79.65, 31.323333333333334 ], [ 79.65, 31.326666666666668 ], [ 79.656666666666666, 31.326666666666668 ], [ 79.656666666666666, 31.33 ], [ 79.67, 31.33 ], [ 79.67, 31.326666666666668 ], [ 79.673333333333332, 31.326666666666668 ], [ 79.673333333333332, 31.32 ], [ 79.68, 31.32 ], [ 79.68, 31.316666666666666 ], [ 79.683333333333337, 31.316666666666666 ], [ 79.683333333333337, 31.313333333333333 ], [ 79.686666666666667, 31.313333333333333 ], [ 79.686666666666667, 31.303333333333335 ], [ 79.69, 31.303333333333335 ], [ 79.69, 31.3 ], [ 79.693333333333328, 31.3 ], [ 79.693333333333328, 31.296666666666667 ], [ 79.706666666666663, 31.296666666666667 ], [ 79.706666666666663, 31.3 ], [ 79.71, 31.3 ], [ 79.71, 31.306666666666665 ], [ 79.713333333333338, 31.306666666666665 ], [ 79.713333333333338, 31.31 ], [ 79.716666666666669, 31.31 ], [ 79.716666666666669, 31.313333333333333 ], [ 79.72, 31.313333333333333 ], [ 79.72, 31.316666666666666 ], [ 79.723333333333329, 31.316666666666666 ], [ 79.723333333333329, 31.33 ], [ 79.73, 31.33 ], [ 79.73, 31.333333333333332 ], [ 79.733333333333334, 31.333333333333332 ], [ 79.733333333333334, 31.336666666666666 ], [ 79.736666666666665, 31.336666666666666 ], [ 79.736666666666665, 31.353333333333332 ], [ 79.74, 31.353333333333332 ], [ 79.74, 31.366666666666667 ], [ 79.723333333333329, 31.366666666666667 ], [ 79.723333333333329, 31.37 ], [ 79.71, 31.37 ], [ 79.71, 31.373333333333335 ], [ 79.706666666666663, 31.373333333333335 ], [ 79.706666666666663, 31.376666666666665 ], [ 79.7, 31.376666666666665 ], [ 79.7, 31.38 ], [ 79.676666666666662, 31.38 ], [ 79.676666666666662, 31.376666666666665 ], [ 79.673333333333332, 31.376666666666665 ], [ 79.673333333333332, 31.37 ], [ 79.67, 31.37 ], [ 79.67, 31.36 ], [ 79.653333333333336, 31.36 ], [ 79.653333333333336, 31.373333333333335 ], [ 79.63666666666667, 31.373333333333335 ], [ 79.63666666666667, 31.37 ], [ 79.63, 31.37 ], [ 79.63, 31.376666666666665 ], [ 79.626666666666665, 31.376666666666665 ], [ 79.626666666666665, 31.393333333333334 ], [ 79.58, 31.393333333333334 ] ] ] } },
{ "type": "Feature", "properties": { "site_id": "SAFE-SITE-097", "cci_score": 91.199996948242188, "area_sqkm": 18.93, "capacity_families": 1514, "capacity_persons": 7570, "suitability_tier": "Optimal Prime Site (CCI ≥ 75)" }, "geometry": { "type": "Polygon", "coordinates": [ [ [ 76.88333333333334, 31.303333333333335 ], [ 76.88333333333334, 31.283333333333331 ], [ 76.88666666666667, 31.283333333333331 ], [ 76.88666666666667, 31.27 ], [ 76.89, 31.27 ], [ 76.89, 31.266666666666666 ], [ 76.893333333333331, 31.266666666666666 ], [ 76.893333333333331, 31.26 ], [ 76.896666666666661, 31.26 ], [ 76.896666666666661, 31.243333333333332 ], [ 76.9, 31.243333333333332 ], [ 76.9, 31.226666666666667 ], [ 76.903333333333336, 31.226666666666667 ], [ 76.903333333333336, 31.216666666666665 ], [ 76.906666666666666, 31.216666666666665 ], [ 76.906666666666666, 31.213333333333331 ], [ 76.91, 31.213333333333331 ], [ 76.91, 31.206666666666667 ], [ 76.923333333333332, 31.206666666666667 ], [ 76.923333333333332, 31.223333333333333 ], [ 76.92, 31.223333333333333 ], [ 76.92, 31.233333333333334 ], [ 76.916666666666671, 31.233333333333334 ], [ 76.916666666666671, 31.24 ], [ 76.913333333333327, 31.24 ], [ 76.913333333333327, 31.25 ], [ 76.91, 31.25 ], [ 76.91, 31.263333333333332 ], [ 76.906666666666666, 31.263333333333332 ], [ 76.906666666666666, 31.276666666666667 ], [ 76.91, 31.276666666666667 ], [ 76.91, 31.296666666666667 ], [ 76.906666666666666, 31.296666666666667 ], [ 76.906666666666666, 31.3 ], [ 76.903333333333336, 31.3 ], [ 76.903333333333336, 31.303333333333335 ], [ 76.88333333333334, 31.303333333333335 ] ] ] } },
{ "type": "Feature", "properties": { "site_id": "SAFE-SITE-098", "cci_score": 91.199996948242188, "area_sqkm": 223.66, "capacity_families": 17892, "capacity_persons": 89460, "suitability_tier": "Optimal Prime Site (CCI ≥ 75)" }, "geometry": { "type": "Polygon", "coordinates": [ [ [ 79.896666666666661, 31.32 ], [ 79.896666666666661, 31.316666666666666 ], [ 79.893333333333331, 31.316666666666666 ], [ 79.893333333333331, 31.313333333333333 ], [ 79.88666666666667, 31.313333333333333 ], [ 79.88666666666667, 31.31 ], [ 79.88333333333334, 31.31 ], [ 79.88333333333334, 31.3 ], [ 79.88, 31.3 ], [ 79.88, 31.293333333333333 ], [ 79.876666666666665, 31.293333333333333 ], [ 79.876666666666665, 31.283333333333331 ], [ 79.87, 31.283333333333331 ], [ 79.87, 31.27 ], [ 79.88, 31.27 ], [ 79.88, 31.263333333333332 ], [ 79.88333333333334, 31.263333333333332 ], [ 79.88333333333334, 31.256666666666668 ], [ 79.876666666666665, 31.256666666666668 ], [ 79.876666666666665, 31.243333333333332 ], [ 79.88666666666667, 31.243333333333332 ], [ 79.88666666666667, 31.24 ], [ 79.88333333333334, 31.24 ], [ 79.88333333333334, 31.233333333333334 ], [ 79.88, 31.233333333333334 ], [ 79.88, 31.236666666666665 ], [ 79.873333333333335, 31.236666666666665 ], [ 79.873333333333335, 31.246666666666666 ], [ 79.85, 31.246666666666666 ], [ 79.85, 31.243333333333332 ], [ 79.846666666666664, 31.243333333333332 ], [ 79.846666666666664, 31.24 ], [ 79.84, 31.24 ], [ 79.84, 31.243333333333332 ], [ 79.836666666666673, 31.243333333333332 ], [ 79.836666666666673, 31.246666666666666 ], [ 79.84, 31.246666666666666 ], [ 79.84, 31.25 ], [ 79.843333333333334, 31.25 ], [ 79.843333333333334, 31.253333333333334 ], [ 79.846666666666664, 31.253333333333334 ], [ 79.846666666666664, 31.256666666666668 ], [ 79.853333333333339, 31.256666666666668 ], [ 79.853333333333339, 31.263333333333332 ], [ 79.86, 31.263333333333332 ], [ 79.86, 31.286666666666665 ], [ 79.856666666666669, 31.286666666666665 ], [ 79.856666666666669, 31.293333333333333 ], [ 79.853333333333339, 31.293333333333333 ], [ 79.853333333333339, 31.3 ], [ 79.836666666666673, 31.3 ], [ 79.836666666666673, 31.296666666666667 ], [ 79.83, 31.296666666666667 ], [ 79.83, 31.293333333333333 ], [ 79.823333333333338, 31.293333333333333 ], [ 79.823333333333338, 31.29 ], [ 79.813333333333333, 31.29 ], [ 79.813333333333333, 31.286666666666665 ], [ 79.81, 31.286666666666665 ], [ 79.81, 31.29 ], [ 79.803333333333327, 31.29 ], [ 79.803333333333327, 31.293333333333333 ], [ 79.81, 31.293333333333333 ], [ 79.81, 31.306666666666665 ], [ 79.806666666666672, 31.306666666666665 ], [ 79.806666666666672, 31.313333333333333 ], [ 79.803333333333327, 31.313333333333333 ], [ 79.803333333333327, 31.316666666666666 ], [ 79.783333333333331, 31.316666666666666 ], [ 79.783333333333331, 31.313333333333333 ], [ 79.78, 31.313333333333333 ], [ 79.78, 31.31 ], [ 79.773333333333341, 31.31 ], [ 79.773333333333341, 31.306666666666665 ], [ 79.766666666666666, 31.306666666666665 ], [ 79.766666666666666, 31.303333333333335 ], [ 79.763333333333335, 31.303333333333335 ], [ 79.763333333333335, 31.3 ], [ 79.756666666666661, 31.3 ], [ 79.756666666666661, 31.296666666666667 ], [ 79.75333333333333, 31.296666666666667 ], [ 79.75333333333333, 31.29 ], [ 79.75, 31.29 ], [ 79.75, 31.286666666666665 ], [ 79.74666666666667, 31.286666666666665 ], [ 79.74666666666667, 31.283333333333331 ], [ 79.74, 31.283333333333331 ], [ 79.74, 31.276666666666667 ], [ 79.736666666666665, 31.276666666666667 ], [ 79.736666666666665, 31.273333333333333 ], [ 79.733333333333334, 31.273333333333333 ], [ 79.733333333333334, 31.27 ], [ 79.726666666666659, 31.27 ], [ 79.726666666666659, 31.266666666666666 ], [ 79.723333333333329, 31.266666666666666 ], [ 79.723333333333329, 31.25 ], [ 79.726666666666659, 31.25 ], [ 79.726666666666659, 31.243333333333332 ], [ 79.73, 31.243333333333332 ], [ 79.73, 31.24 ], [ 79.733333333333334, 31.24 ], [ 79.733333333333334, 31.236666666666665 ], [ 79.736666666666665, 31.236666666666665 ], [ 79.736666666666665, 31.233333333333334 ], [ 79.74, 31.233333333333334 ], [ 79.74, 31.23 ], [ 79.743333333333339, 31.23 ], [ 79.743333333333339, 31.226666666666667 ], [ 79.74666666666667, 31.226666666666667 ], [ 79.74666666666667, 31.223333333333333 ], [ 79.756666666666661, 31.223333333333333 ], [ 79.756666666666661, 31.22 ], [ 79.76, 31.22 ], [ 79.76, 31.216666666666665 ], [ 79.776666666666671, 31.216666666666665 ], [ 79.776666666666671, 31.213333333333331 ], [ 79.783333333333331, 31.213333333333331 ], [ 79.783333333333331, 31.21 ], [ 79.786666666666662, 31.21 ], [ 79.786666666666662, 31.206666666666667 ], [ 79.79, 31.206666666666667 ], [ 79.79, 31.203333333333333 ], [ 79.793333333333337, 31.203333333333333 ], [ 79.793333333333337, 31.2 ], [ 79.81, 31.2 ], [ 79.81, 31.203333333333333 ], [ 79.813333333333333, 31.203333333333333 ], [ 79.813333333333333, 31.2 ], [ 79.816666666666663, 31.2 ], [ 79.816666666666663, 31.19 ], [ 79.813333333333333, 31.19 ], [ 79.813333333333333, 31.176666666666666 ], [ 79.816666666666663, 31.176666666666666 ], [ 79.816666666666663, 31.17 ], [ 79.82, 31.17 ], [ 79.82, 31.156666666666666 ], [ 79.823333333333338, 31.156666666666666 ], [ 79.823333333333338, 31.153333333333332 ], [ 79.826666666666668, 31.153333333333332 ], [ 79.826666666666668, 31.143333333333334 ], [ 79.83, 31.143333333333334 ], [ 79.83, 31.133333333333333 ], [ 79.846666666666664, 31.133333333333333 ], [ 79.846666666666664, 31.136666666666667 ], [ 79.85, 31.136666666666667 ], [ 79.85, 31.14 ], [ 79.853333333333339, 31.14 ], [ 79.853333333333339, 31.143333333333334 ], [ 79.856666666666669, 31.143333333333334 ], [ 79.856666666666669, 31.146666666666668 ], [ 79.86333333333333, 31.146666666666668 ], [ 79.86333333333333, 31.15 ], [ 79.87, 31.15 ], [ 79.87, 31.153333333333332 ], [ 79.873333333333335, 31.153333333333332 ], [ 79.873333333333335, 31.156666666666666 ], [ 79.88666666666667, 31.156666666666666 ], [ 79.88666666666667, 31.16 ], [ 79.896666666666661, 31.16 ], [ 79.896666666666661, 31.163333333333334 ], [ 79.903333333333336, 31.163333333333334 ], [ 79.903333333333336, 31.166666666666668 ], [ 79.913333333333327, 31.166666666666668 ], [ 79.913333333333327, 31.17 ], [ 79.93, 31.17 ], [ 79.93, 31.186666666666667 ], [ 79.926666666666662, 31.186666666666667 ], [ 79.926666666666662, 31.19 ], [ 79.923333333333332, 31.19 ], [ 79.923333333333332, 31.193333333333332 ], [ 79.92, 31.193333333333332 ], [ 79.92, 31.196666666666665 ], [ 79.916666666666671, 31.196666666666665 ], [ 79.916666666666671, 31.213333333333331 ], [ 79.913333333333327, 31.213333333333331 ], [ 79.913333333333327, 31.223333333333333 ], [ 79.903333333333336, 31.223333333333333 ], [ 79.903333333333336, 31.226666666666667 ], [ 79.913333333333327, 31.226666666666667 ], [ 79.913333333333327, 31.243333333333332 ], [ 79.91, 31.243333333333332 ], [ 79.91, 31.253333333333334 ], [ 79.906666666666666, 31.253333333333334 ], [ 79.906666666666666, 31.256666666666668 ], [ 79.91, 31.256666666666668 ], [ 79.91, 31.266666666666666 ], [ 79.913333333333327, 31.266666666666666 ], [ 79.913333333333327, 31.27 ], [ 79.916666666666671, 31.27 ], [ 79.916666666666671, 31.313333333333333 ], [ 79.913333333333327, 31.313333333333333 ], [ 79.913333333333327, 31.316666666666666 ], [ 79.91, 31.316666666666666 ], [ 79.91, 31.32 ], [ 79.896666666666661, 31.32 ] ], [ [ 79.896666666666661, 31.233333333333334 ], [ 79.9, 31.233333333333334 ], [ 79.9, 31.23 ], [ 79.896666666666661, 31.23 ], [ 79.896666666666661, 31.233333333333334 ] ] ] } },
{ "type": "Feature", "properties": { "site_id": "SAFE-SITE-099", "cci_score": 91.199996948242188, "area_sqkm": 11.03, "capacity_families": 882, "capacity_persons": 4410, "suitability_tier": "Optimal Prime Site (CCI ≥ 75)" }, "geometry": { "type": "Polygon", "coordinates": [ [ [ 76.79, 31.126666666666665 ], [ 76.79, 31.106666666666666 ], [ 76.793333333333337, 31.106666666666666 ], [ 76.793333333333337, 31.1 ], [ 76.796666666666667, 31.1 ], [ 76.796666666666667, 31.09 ], [ 76.823333333333338, 31.09 ], [ 76.823333333333338, 31.12 ], [ 76.82, 31.12 ], [ 76.82, 31.123333333333335 ], [ 76.803333333333327, 31.123333333333335 ], [ 76.803333333333327, 31.126666666666665 ], [ 76.79, 31.126666666666665 ] ] ] } },
{ "type": "Feature", "properties": { "site_id": "SAFE-SITE-100", "cci_score": 91.199996948242188, "area_sqkm": 26.59, "capacity_families": 2127, "capacity_persons": 10635, "suitability_tier": "Optimal Prime Site (CCI ≥ 75)" }, "geometry": { "type": "Polygon", "coordinates": [ [ [ 79.896666666666661, 31.15 ], [ 79.896666666666661, 31.146666666666668 ], [ 79.893333333333331, 31.146666666666668 ], [ 79.893333333333331, 31.136666666666667 ], [ 79.89, 31.136666666666667 ], [ 79.89, 31.14 ], [ 79.873333333333335, 31.14 ], [ 79.873333333333335, 31.136666666666667 ], [ 79.87, 31.136666666666667 ], [ 79.87, 31.12 ], [ 79.88, 31.12 ], [ 79.88, 31.113333333333333 ], [ 79.876666666666665, 31.113333333333333 ], [ 79.876666666666665, 31.093333333333334 ], [ 79.88333333333334, 31.093333333333334 ], [ 79.88333333333334, 31.09 ], [ 79.88666666666667, 31.09 ], [ 79.88666666666667, 31.086666666666666 ], [ 79.903333333333336, 31.086666666666666 ], [ 79.903333333333336, 31.093333333333334 ], [ 79.91, 31.093333333333334 ], [ 79.91, 31.096666666666668 ], [ 79.913333333333327, 31.096666666666668 ], [ 79.913333333333327, 31.1 ], [ 79.916666666666671, 31.1 ], [ 79.916666666666671, 31.103333333333332 ], [ 79.923333333333332, 31.103333333333332 ], [ 79.923333333333332, 31.106666666666666 ], [ 79.926666666666662, 31.106666666666666 ], [ 79.926666666666662, 31.136666666666667 ], [ 79.923333333333332, 31.136666666666667 ], [ 79.923333333333332, 31.14 ], [ 79.91, 31.14 ], [ 79.91, 31.15 ], [ 79.896666666666661, 31.15 ] ] ] } },
{ "type": "Feature", "properties": { "site_id": "SAFE-SITE-101", "cci_score": 91.199996948242188, "area_sqkm": 60.85, "capacity_families": 4868, "capacity_persons": 24340, "suitability_tier": "Optimal Prime Site (CCI ≥ 75)" }, "geometry": { "type": "Polygon", "coordinates": [ [ [ 79.963333333333338, 31.223333333333333 ], [ 79.963333333333338, 31.206666666666667 ], [ 79.966666666666669, 31.206666666666667 ], [ 79.966666666666669, 31.186666666666667 ], [ 79.97, 31.186666666666667 ], [ 79.97, 31.183333333333334 ], [ 79.963333333333338, 31.183333333333334 ], [ 79.963333333333338, 31.173333333333332 ], [ 79.953333333333333, 31.173333333333332 ], [ 79.953333333333333, 31.163333333333334 ], [ 79.95, 31.163333333333334 ], [ 79.95, 31.156666666666666 ], [ 79.946666666666673, 31.156666666666666 ], [ 79.946666666666673, 31.146666666666668 ], [ 79.943333333333328, 31.146666666666668 ], [ 79.943333333333328, 31.136666666666667 ], [ 79.94, 31.136666666666667 ], [ 79.94, 31.113333333333333 ], [ 79.95, 31.113333333333333 ], [ 79.95, 31.11 ], [ 79.953333333333333, 31.11 ], [ 79.953333333333333, 31.096666666666668 ], [ 79.96, 31.096666666666668 ], [ 79.96, 31.093333333333334 ], [ 79.973333333333329, 31.093333333333334 ], [ 79.973333333333329, 31.09 ], [ 79.976666666666659, 31.09 ], [ 79.976666666666659, 31.086666666666666 ], [ 79.98, 31.086666666666666 ], [ 79.98, 31.073333333333334 ], [ 79.993333333333339, 31.073333333333334 ], [ 79.993333333333339, 31.096666666666668 ], [ 79.99666666666667, 31.096666666666668 ], [ 79.99666666666667, 31.1 ], [ 80.0, 31.1 ], [ 80.0, 31.113333333333333 ], [ 79.98, 31.113333333333333 ], [ 79.98, 31.116666666666667 ], [ 79.976666666666659, 31.116666666666667 ], [ 79.976666666666659, 31.12 ], [ 79.98, 31.12 ], [ 79.98, 31.123333333333335 ], [ 79.993333333333339, 31.123333333333335 ], [ 79.993333333333339, 31.136666666666667 ], [ 79.99666666666667, 31.136666666666667 ], [ 79.99666666666667, 31.14 ], [ 80.0, 31.14 ], [ 80.0, 31.22 ], [ 79.986666666666665, 31.22 ], [ 79.986666666666665, 31.213333333333331 ], [ 79.983333333333334, 31.213333333333331 ], [ 79.983333333333334, 31.216666666666665 ], [ 79.98, 31.216666666666665 ], [ 79.98, 31.223333333333333 ], [ 79.963333333333338, 31.223333333333333 ] ] ] } },
{ "type": "Feature", "properties": { "site_id": "SAFE-SITE-102", "cci_score": 91.199996948242188, "area_sqkm": 17.19, "capacity_families": 1374, "capacity_persons": 6870, "suitability_tier": "Optimal Prime Site (CCI ≥ 75)" }, "geometry": { "type": "Polygon", "coordinates": [ [ [ 77.053333333333327, 31.123333333333335 ], [ 77.053333333333327, 31.106666666666666 ], [ 77.06, 31.106666666666666 ], [ 77.06, 31.096666666666668 ], [ 77.063333333333333, 31.096666666666668 ], [ 77.063333333333333, 31.093333333333334 ], [ 77.073333333333338, 31.093333333333334 ], [ 77.073333333333338, 31.073333333333334 ], [ 77.076666666666668, 31.073333333333334 ], [ 77.076666666666668, 31.07 ], [ 77.08, 31.07 ], [ 77.08, 31.066666666666666 ], [ 77.103333333333339, 31.066666666666666 ], [ 77.103333333333339, 31.07 ], [ 77.106666666666669, 31.07 ], [ 77.106666666666669, 31.093333333333334 ], [ 77.103333333333339, 31.093333333333334 ], [ 77.103333333333339, 31.096666666666668 ], [ 77.086666666666673, 31.096666666666668 ], [ 77.086666666666673, 31.106666666666666 ], [ 77.083333333333329, 31.106666666666666 ], [ 77.083333333333329, 31.113333333333333 ], [ 77.08, 31.113333333333333 ], [ 77.08, 31.116666666666667 ], [ 77.07, 31.116666666666667 ], [ 77.07, 31.123333333333335 ], [ 77.053333333333327, 31.123333333333335 ] ] ] } },
{ "type": "Feature", "properties": { "site_id": "SAFE-SITE-103", "cci_score": 91.199996948242188, "area_sqkm": 16.84, "capacity_families": 1347, "capacity_persons": 6735, "suitability_tier": "Optimal Prime Site (CCI ≥ 75)" }, "geometry": { "type": "Polygon", "coordinates": [ [ [ 79.926666666666662, 31.08 ], [ 79.926666666666662, 31.076666666666668 ], [ 79.92, 31.076666666666668 ], [ 79.92, 31.07 ], [ 79.916666666666671, 31.07 ], [ 79.916666666666671, 31.063333333333333 ], [ 79.913333333333327, 31.063333333333333 ], [ 79.913333333333327, 31.06 ], [ 79.91, 31.06 ], [ 79.91, 31.04 ], [ 79.936666666666667, 31.04 ], [ 79.936666666666667, 31.043333333333333 ], [ 79.943333333333328, 31.043333333333333 ], [ 79.943333333333328, 31.046666666666667 ], [ 79.95, 31.046666666666667 ], [ 79.95, 31.053333333333335 ], [ 79.956666666666663, 31.053333333333335 ], [ 79.956666666666663, 31.056666666666665 ], [ 79.963333333333338, 31.056666666666665 ], [ 79.963333333333338, 31.06 ], [ 79.966666666666669, 31.06 ], [ 79.966666666666669, 31.073333333333334 ], [ 79.946666666666673, 31.073333333333334 ], [ 79.946666666666673, 31.076666666666668 ], [ 79.943333333333328, 31.076666666666668 ], [ 79.943333333333328, 31.08 ], [ 79.926666666666662, 31.08 ] ] ] } },
{ "type": "Feature", "properties": { "site_id": "SAFE-SITE-104", "cci_score": 91.199996948242188, "area_sqkm": 140.63, "capacity_families": 11250, "capacity_persons": 56250, "suitability_tier": "Optimal Prime Site (CCI ≥ 75)" }, "geometry": { "type": "Polygon", "coordinates": [ [ [ 76.966666666666669, 31.2 ], [ 76.966666666666669, 31.173333333333332 ], [ 76.97, 31.173333333333332 ], [ 76.97, 31.166666666666668 ], [ 76.973333333333329, 31.166666666666668 ], [ 76.973333333333329, 31.156666666666666 ], [ 76.966666666666669, 31.156666666666666 ], [ 76.966666666666669, 31.153333333333332 ], [ 76.963333333333338, 31.153333333333332 ], [ 76.963333333333338, 31.15 ], [ 76.96, 31.15 ], [ 76.96, 31.133333333333333 ], [ 76.963333333333338, 31.133333333333333 ], [ 76.963333333333338, 31.123333333333335 ], [ 76.966666666666669, 31.123333333333335 ], [ 76.966666666666669, 31.113333333333333 ], [ 76.97, 31.113333333333333 ], [ 76.97, 31.106666666666666 ], [ 76.966666666666669, 31.106666666666666 ], [ 76.966666666666669, 31.103333333333332 ], [ 76.963333333333338, 31.103333333333332 ], [ 76.963333333333338, 31.096666666666668 ], [ 76.96, 31.096666666666668 ], [ 76.96, 31.093333333333334 ], [ 76.956666666666663, 31.093333333333334 ], [ 76.956666666666663, 31.09 ], [ 76.953333333333333, 31.09 ], [ 76.953333333333333, 31.063333333333333 ], [ 76.94, 31.063333333333333 ], [ 76.94, 31.06 ], [ 76.936666666666667, 31.06 ], [ 76.936666666666667, 31.043333333333333 ], [ 76.946666666666673, 31.043333333333333 ], [ 76.946666666666673, 31.033333333333331 ], [ 76.95, 31.033333333333331 ], [ 76.95, 31.03 ], [ 76.963333333333338, 31.03 ], [ 76.963333333333338, 31.026666666666667 ], [ 76.966666666666669, 31.026666666666667 ], [ 76.966666666666669, 31.023333333333333 ], [ 76.953333333333333, 31.023333333333333 ], [ 76.953333333333333, 30.993333333333332 ], [ 76.956666666666663, 30.993333333333332 ], [ 76.956666666666663, 30.976666666666667 ], [ 76.96, 30.976666666666667 ], [ 76.96, 30.97 ], [ 76.963333333333338, 30.97 ], [ 76.963333333333338, 30.966666666666669 ], [ 76.966666666666669, 30.966666666666669 ], [ 76.966666666666669, 30.963333333333331 ], [ 76.98, 30.963333333333331 ], [ 76.98, 30.976666666666667 ], [ 76.976666666666674, 30.976666666666667 ], [ 76.976666666666674, 30.983333333333334 ], [ 76.973333333333329, 30.983333333333334 ], [ 76.973333333333329, 30.996666666666666 ], [ 76.98, 30.996666666666666 ], [ 76.98, 31.0 ], [ 76.986666666666665, 31.0 ], [ 76.986666666666665, 31.01 ], [ 76.99, 31.01 ], [ 76.99, 31.013333333333332 ], [ 76.99666666666667, 31.013333333333332 ], [ 76.99666666666667, 31.01 ], [ 76.993333333333339, 31.01 ], [ 76.993333333333339, 30.996666666666666 ], [ 77.00333333333333, 30.996666666666666 ], [ 77.00333333333333, 30.973333333333333 ], [ 77.006666666666661, 30.973333333333333 ], [ 77.006666666666661, 30.966666666666669 ], [ 77.01, 30.966666666666669 ], [ 77.01, 30.963333333333331 ], [ 77.013333333333335, 30.963333333333331 ], [ 77.013333333333335, 30.96 ], [ 77.016666666666666, 30.96 ], [ 77.016666666666666, 30.953333333333333 ], [ 77.03, 30.953333333333333 ], [ 77.03, 30.96 ], [ 77.036666666666662, 30.96 ], [ 77.036666666666662, 30.973333333333333 ], [ 77.043333333333337, 30.973333333333333 ], [ 77.043333333333337, 30.98 ], [ 77.053333333333327, 30.98 ], [ 77.053333333333327, 30.996666666666666 ], [ 77.046666666666667, 30.996666666666666 ], [ 77.046666666666667, 31.003333333333334 ], [ 77.016666666666666, 31.003333333333334 ], [ 77.016666666666666, 31.006666666666668 ], [ 77.013333333333335, 31.006666666666668 ], [ 77.013333333333335, 31.01 ], [ 77.01, 31.01 ], [ 77.01, 31.023333333333333 ], [ 77.006666666666661, 31.023333333333333 ], [ 77.006666666666661, 31.026666666666667 ], [ 77.01, 31.026666666666667 ], [ 77.01, 31.04 ], [ 77.006666666666661, 31.04 ], [ 77.006666666666661, 31.043333333333333 ], [ 77.013333333333335, 31.043333333333333 ], [ 77.013333333333335, 31.056666666666665 ], [ 76.99666666666667, 31.056666666666665 ], [ 76.99666666666667, 31.073333333333334 ], [ 76.99, 31.073333333333334 ], [ 76.99, 31.08 ], [ 76.99666666666667, 31.08 ], [ 76.99666666666667, 31.09 ], [ 77.006666666666661, 31.09 ], [ 77.006666666666661, 31.086666666666666 ], [ 77.00333333333333, 31.086666666666666 ], [ 77.00333333333333, 31.07 ], [ 77.013333333333335, 31.07 ], [ 77.013333333333335, 31.06 ], [ 77.026666666666671, 31.06 ], [ 77.026666666666671, 31.083333333333332 ], [ 77.02, 31.083333333333332 ], [ 77.02, 31.096666666666668 ], [ 77.023333333333341, 31.096666666666668 ], [ 77.023333333333341, 31.106666666666666 ], [ 77.03, 31.106666666666666 ], [ 77.03, 31.11 ], [ 77.043333333333337, 31.11 ], [ 77.043333333333337, 31.133333333333333 ], [ 77.036666666666662, 31.133333333333333 ], [ 77.036666666666662, 31.136666666666667 ], [ 77.033333333333331, 31.136666666666667 ], [ 77.033333333333331, 31.146666666666668 ], [ 77.03, 31.146666666666668 ], [ 77.03, 31.153333333333332 ], [ 77.026666666666671, 31.153333333333332 ], [ 77.026666666666671, 31.16 ], [ 77.006666666666661, 31.16 ], [ 77.006666666666661, 31.156666666666666 ], [ 77.00333333333333, 31.156666666666666 ], [ 77.00333333333333, 31.16 ], [ 77.0, 31.16 ], [ 77.0, 31.163333333333334 ], [ 76.99, 31.163333333333334 ], [ 76.99, 31.18 ], [ 76.986666666666665, 31.18 ], [ 76.986666666666665, 31.196666666666665 ], [ 76.983333333333334, 31.196666666666665 ], [ 76.983333333333334, 31.2 ], [ 76.966666666666669, 31.2 ] ], [ [ 76.99666666666667, 31.143333333333334 ], [ 77.0, 31.143333333333334 ], [ 77.0, 31.14 ], [ 76.99666666666667, 31.14 ], [ 76.99666666666667, 31.143333333333334 ] ], [ [ 76.99, 31.123333333333335 ], [ 76.993333333333339, 31.123333333333335 ], [ 76.993333333333339, 31.12 ], [ 76.99, 31.12 ], [ 76.99, 31.123333333333335 ] ], [ [ 76.986666666666665, 31.103333333333332 ], [ 76.99, 31.103333333333332 ], [ 76.99, 31.1 ], [ 76.986666666666665, 31.1 ], [ 76.986666666666665, 31.103333333333332 ] ], [ [ 76.99, 31.1 ], [ 76.993333333333339, 31.1 ], [ 76.993333333333339, 31.096666666666668 ], [ 76.99, 31.096666666666668 ], [ 76.99, 31.1 ] ], [ [ 76.953333333333333, 31.06 ], [ 76.956666666666663, 31.06 ], [ 76.956666666666663, 31.056666666666665 ], [ 76.96, 31.056666666666665 ], [ 76.96, 31.05 ], [ 76.963333333333338, 31.05 ], [ 76.963333333333338, 31.046666666666667 ], [ 76.95, 31.046666666666667 ], [ 76.95, 31.05 ], [ 76.953333333333333, 31.05 ], [ 76.953333333333333, 31.06 ] ], [ [ 76.99, 31.053333333333335 ], [ 76.993333333333339, 31.053333333333335 ], [ 76.993333333333339, 31.046666666666667 ], [ 76.99, 31.046666666666667 ], [ 76.99, 31.053333333333335 ] ], [ [ 76.966666666666669, 31.023333333333333 ], [ 76.97, 31.023333333333333 ], [ 76.97, 31.02 ], [ 76.966666666666669, 31.02 ], [ 76.966666666666669, 31.023333333333333 ] ] ] } },
{ "type": "Feature", "properties": { "site_id": "SAFE-SITE-105", "cci_score": 91.199996948242188, "area_sqkm": 34.95, "capacity_families": 2796, "capacity_persons": 13980, "suitability_tier": "Optimal Prime Site (CCI ≥ 75)" }, "geometry": { "type": "Polygon", "coordinates": [ [ [ 77.093333333333334, 30.786666666666665 ], [ 77.093333333333334, 30.766666666666666 ], [ 77.096666666666664, 30.766666666666666 ], [ 77.096666666666664, 30.76 ], [ 77.1, 30.76 ], [ 77.1, 30.756666666666668 ], [ 77.11333333333333, 30.756666666666668 ], [ 77.11333333333333, 30.753333333333334 ], [ 77.106666666666669, 30.753333333333334 ], [ 77.106666666666669, 30.736666666666665 ], [ 77.11, 30.736666666666665 ], [ 77.11, 30.733333333333334 ], [ 77.11333333333333, 30.733333333333334 ], [ 77.11333333333333, 30.73 ], [ 77.123333333333335, 30.73 ], [ 77.123333333333335, 30.716666666666669 ], [ 77.13333333333334, 30.716666666666669 ], [ 77.13333333333334, 30.713333333333331 ], [ 77.13666666666667, 30.713333333333331 ], [ 77.13666666666667, 30.71 ], [ 77.14, 30.71 ], [ 77.14, 30.703333333333333 ], [ 77.123333333333335, 30.703333333333333 ], [ 77.123333333333335, 30.686666666666667 ], [ 77.13, 30.686666666666667 ], [ 77.13, 30.683333333333334 ], [ 77.13666666666667, 30.683333333333334 ], [ 77.13666666666667, 30.68 ], [ 77.14, 30.68 ], [ 77.14, 30.673333333333332 ], [ 77.153333333333336, 30.673333333333332 ], [ 77.153333333333336, 30.676666666666666 ], [ 77.156666666666666, 30.676666666666666 ], [ 77.156666666666666, 30.69 ], [ 77.15, 30.69 ], [ 77.15, 30.693333333333335 ], [ 77.153333333333336, 30.693333333333335 ], [ 77.153333333333336, 30.696666666666665 ], [ 77.176666666666662, 30.696666666666665 ], [ 77.176666666666662, 30.713333333333331 ], [ 77.173333333333332, 30.713333333333331 ], [ 77.173333333333332, 30.716666666666669 ], [ 77.17, 30.716666666666669 ], [ 77.17, 30.72 ], [ 77.16, 30.72 ], [ 77.16, 30.723333333333333 ], [ 77.156666666666666, 30.723333333333333 ], [ 77.156666666666666, 30.726666666666667 ], [ 77.153333333333336, 30.726666666666667 ], [ 77.153333333333336, 30.73 ], [ 77.15, 30.73 ], [ 77.15, 30.736666666666665 ], [ 77.143333333333331, 30.736666666666665 ], [ 77.143333333333331, 30.74 ], [ 77.14, 30.74 ], [ 77.14, 30.743333333333332 ], [ 77.13666666666667, 30.743333333333332 ], [ 77.13666666666667, 30.746666666666666 ], [ 77.13, 30.746666666666666 ], [ 77.13, 30.753333333333334 ], [ 77.126666666666665, 30.753333333333334 ], [ 77.126666666666665, 30.76 ], [ 77.12, 30.76 ], [ 77.12, 30.77 ], [ 77.11666666666666, 30.77 ], [ 77.11666666666666, 30.773333333333333 ], [ 77.11333333333333, 30.773333333333333 ], [ 77.11333333333333, 30.78 ], [ 77.11, 30.78 ], [ 77.11, 30.783333333333331 ], [ 77.106666666666669, 30.783333333333331 ], [ 77.106666666666669, 30.786666666666665 ], [ 77.093333333333334, 30.786666666666665 ] ] ] } },
{ "type": "Feature", "properties": { "site_id": "SAFE-SITE-106", "cci_score": 91.199996948242188, "area_sqkm": 52833.24, "capacity_families": 4226659, "capacity_persons": 21133295, "suitability_tier": "Optimal Prime Site (CCI ≥ 75)" }, "geometry": { "type": "Polygon", "coordinates": [ [ [ 75.0, 32.876666666666665 ], [ 75.0, 32.803333333333335 ], [ 75.006666666666661, 32.803333333333335 ], [ 75.006666666666661, 32.8 ], [ 75.01, 32.8 ], [ 75.01, 32.796666666666667 ], [ 75.013333333333335, 32.796666666666667 ], [ 75.013333333333335, 32.793333333333337 ], [ 75.016666666666666, 32.793333333333337 ], [ 75.016666666666666, 32.79 ], [ 75.02, 32.79 ], [ 75.02, 32.786666666666669 ], [ 75.023333333333326, 32.786666666666669 ], [ 75.023333333333326, 32.783333333333331 ], [ 75.016666666666666, 32.783333333333331 ], [ 75.016666666666666, 32.786666666666669 ], [ 75.013333333333335, 32.786666666666669 ], [ 75.013333333333335, 32.79 ], [ 75.0, 32.79 ], [ 75.0, 30.0 ], [ 78.083333333333329, 30.0 ], [ 78.083333333333329, 30.003333333333334 ], [ 78.09, 30.003333333333334 ], [ 78.09, 30.023333333333333 ], [ 78.096666666666664, 30.023333333333333 ], [ 78.096666666666664, 30.003333333333334 ], [ 78.103333333333339, 30.003333333333334 ], [ 78.103333333333339, 30.0 ], [ 78.293333333333337, 30.0 ], [ 78.293333333333337, 30.013333333333332 ], [ 78.296666666666667, 30.013333333333332 ], [ 78.296666666666667, 30.016666666666666 ], [ 78.3, 30.016666666666666 ], [ 78.3, 30.02 ], [ 78.306666666666672, 30.02 ], [ 78.306666666666672, 30.026666666666667 ], [ 78.313333333333333, 30.026666666666667 ], [ 78.313333333333333, 30.04 ], [ 78.316666666666663, 30.04 ], [ 78.316666666666663, 30.056666666666665 ], [ 78.32, 30.056666666666665 ], [ 78.32, 30.083333333333332 ], [ 78.316666666666663, 30.083333333333332 ], [ 78.316666666666663, 30.09 ], [ 78.31, 30.09 ], [ 78.31, 30.096666666666668 ], [ 78.303333333333327, 30.096666666666668 ], [ 78.303333333333327, 30.1 ], [ 78.306666666666672, 30.1 ], [ 78.306666666666672, 30.103333333333332 ], [ 78.316666666666663, 30.103333333333332 ], [ 78.316666666666663, 30.123333333333335 ], [ 78.303333333333327, 30.123333333333335 ], [ 78.303333333333327, 30.126666666666665 ], [ 78.3, 30.126666666666665 ], [ 78.3, 30.133333333333333 ], [ 78.286666666666662, 30.133333333333333 ], [ 78.286666666666662, 30.136666666666667 ], [ 78.283333333333331, 30.136666666666667 ], [ 78.283333333333331, 30.14 ], [ 78.276666666666671, 30.14 ], [ 78.276666666666671, 30.143333333333331 ], [ 78.256666666666661, 30.143333333333331 ], [ 78.256666666666661, 30.163333333333334 ], [ 78.25, 30.163333333333334 ], [ 78.25, 30.2 ], [ 78.24666666666667, 30.2 ], [ 78.24666666666667, 30.206666666666667 ], [ 78.243333333333339, 30.206666666666667 ], [ 78.243333333333339, 30.213333333333331 ], [ 78.24, 30.213333333333331 ], [ 78.24, 30.216666666666669 ], [ 78.233333333333334, 30.216666666666669 ], [ 78.233333333333334, 30.23 ], [ 78.226666666666674, 30.23 ], [ 78.226666666666674, 30.236666666666665 ], [ 78.223333333333329, 30.236666666666665 ], [ 78.223333333333329, 30.246666666666666 ], [ 78.203333333333333, 30.246666666666666 ], [ 78.203333333333333, 30.25 ], [ 78.2, 30.25 ], [ 78.2, 30.253333333333334 ], [ 78.196666666666673, 30.253333333333334 ], [ 78.196666666666673, 30.256666666666668 ], [ 78.19, 30.256666666666668 ], [ 78.19, 30.26 ], [ 78.183333333333337, 30.26 ], [ 78.183333333333337, 30.263333333333332 ], [ 78.15, 30.263333333333332 ], [ 78.15, 30.266666666666666 ], [ 78.146666666666661, 30.266666666666666 ], [ 78.146666666666661, 30.276666666666667 ], [ 78.14, 30.276666666666667 ], [ 78.14, 30.28 ], [ 78.13666666666667, 30.28 ], [ 78.13666666666667, 30.283333333333331 ], [ 78.13333333333334, 30.283333333333331 ], [ 78.13333333333334, 30.293333333333333 ], [ 78.126666666666665, 30.293333333333333 ], [ 78.126666666666665, 30.296666666666667 ], [ 78.123333333333335, 30.296666666666667 ], [ 78.123333333333335, 30.31 ], [ 78.12, 30.31 ], [ 78.12, 30.313333333333333 ], [ 78.11666666666666, 30.313333333333333 ], [ 78.11666666666666, 30.323333333333334 ], [ 78.11333333333333, 30.323333333333334 ], [ 78.11333333333333, 30.336666666666666 ], [ 78.106666666666669, 30.336666666666666 ], [ 78.106666666666669, 30.34 ], [ 78.11666666666666, 30.34 ], [ 78.11666666666666, 30.366666666666667 ], [ 78.11333333333333, 30.366666666666667 ], [ 78.11333333333333, 30.37 ], [ 78.11666666666666, 30.37 ], [ 78.11666666666666, 30.386666666666667 ], [ 78.11, 30.386666666666667 ], [ 78.11, 30.39 ], [ 78.106666666666669, 30.39 ], [ 78.106666666666669, 30.4 ], [ 78.103333333333339, 30.4 ], [ 78.103333333333339, 30.403333333333332 ], [ 78.1, 30.403333333333332 ], [ 78.1, 30.406666666666666 ], [ 78.083333333333329, 30.406666666666666 ], [ 78.083333333333329, 30.41 ], [ 78.066666666666663, 30.41 ], [ 78.066666666666663, 30.413333333333334 ], [ 78.063333333333333, 30.413333333333334 ], [ 78.063333333333333, 30.416666666666664 ], [ 78.06, 30.416666666666664 ], [ 78.06, 30.42 ], [ 78.043333333333337, 30.42 ], [ 78.043333333333337, 30.406666666666666 ], [ 78.03, 30.406666666666666 ], [ 78.03, 30.393333333333331 ], [ 78.04, 30.393333333333331 ], [ 78.04, 30.39 ], [ 78.046666666666667, 30.39 ], [ 78.046666666666667, 30.383333333333333 ], [ 78.043333333333337, 30.383333333333333 ], [ 78.043333333333337, 30.376666666666665 ], [ 78.04, 30.376666666666665 ], [ 78.04, 30.38 ], [ 78.026666666666671, 30.38 ], [ 78.026666666666671, 30.376666666666665 ], [ 78.023333333333341, 30.376666666666665 ], [ 78.023333333333341, 30.373333333333335 ], [ 78.02, 30.373333333333335 ], [ 78.02, 30.38 ], [ 78.023333333333341, 30.38 ], [ 78.023333333333341, 30.386666666666667 ], [ 78.026666666666671, 30.386666666666667 ], [ 78.026666666666671, 30.403333333333332 ], [ 78.016666666666666, 30.403333333333332 ], [ 78.016666666666666, 30.406666666666666 ], [ 77.993333333333339, 30.406666666666666 ], [ 77.993333333333339, 30.41 ], [ 77.983333333333334, 30.41 ], [ 77.983333333333334, 30.413333333333334 ], [ 77.976666666666674, 30.413333333333334 ], [ 77.976666666666674, 30.42 ], [ 77.98, 30.42 ], [ 77.98, 30.433333333333334 ], [ 77.966666666666669, 30.433333333333334 ], [ 77.966666666666669, 30.426666666666666 ], [ 77.963333333333338, 30.426666666666666 ], [ 77.963333333333338, 30.43 ], [ 77.953333333333333, 30.43 ], [ 77.953333333333333, 30.433333333333334 ], [ 77.95, 30.433333333333334 ], [ 77.95, 30.443333333333335 ], [ 77.926666666666662, 30.443333333333335 ], [ 77.926666666666662, 30.456666666666667 ], [ 77.92, 30.456666666666667 ], [ 77.92, 30.463333333333331 ], [ 77.91, 30.463333333333331 ], [ 77.91, 30.47 ], [ 77.9, 30.47 ], [ 77.9, 30.473333333333333 ], [ 77.893333333333331, 30.473333333333333 ], [ 77.893333333333331, 30.476666666666667 ], [ 77.89, 30.476666666666667 ], [ 77.89, 30.483333333333334 ], [ 77.88666666666667, 30.483333333333334 ], [ 77.88666666666667, 30.486666666666665 ], [ 77.873333333333335, 30.486666666666665 ], [ 77.873333333333335, 30.483333333333334 ], [ 77.87, 30.483333333333334 ], [ 77.87, 30.49 ], [ 77.86666666666666, 30.49 ], [ 77.86666666666666, 30.496666666666666 ], [ 77.87, 30.496666666666666 ], [ 77.87, 30.503333333333334 ], [ 77.873333333333335, 30.503333333333334 ], [ 77.873333333333335, 30.516666666666666 ], [ 77.86, 30.516666666666666 ], [ 77.86, 30.52 ], [ 77.856666666666669, 30.52 ], [ 77.856666666666669, 30.526666666666667 ], [ 77.84, 30.526666666666667 ], [ 77.84, 30.523333333333333 ], [ 77.836666666666673, 30.523333333333333 ], [ 77.836666666666673, 30.526666666666667 ], [ 77.83, 30.526666666666667 ], [ 77.83, 30.533333333333331 ], [ 77.816666666666663, 30.533333333333331 ], [ 77.816666666666663, 30.516666666666666 ], [ 77.813333333333333, 30.516666666666666 ], [ 77.813333333333333, 30.513333333333332 ], [ 77.81, 30.513333333333332 ], [ 77.81, 30.51 ], [ 77.796666666666667, 30.51 ], [ 77.796666666666667, 30.513333333333332 ], [ 77.793333333333337, 30.513333333333332 ], [ 77.793333333333337, 30.52 ], [ 77.776666666666671, 30.52 ], [ 77.776666666666671, 30.516666666666666 ], [ 77.763333333333335, 30.516666666666666 ], [ 77.763333333333335, 30.533333333333331 ], [ 77.75333333333333, 30.533333333333331 ], [ 77.75333333333333, 30.536666666666665 ], [ 77.726666666666674, 30.536666666666665 ], [ 77.726666666666674, 30.54 ], [ 77.703333333333333, 30.54 ], [ 77.703333333333333, 30.536666666666665 ], [ 77.69, 30.536666666666665 ], [ 77.69, 30.533333333333331 ], [ 77.683333333333337, 30.533333333333331 ], [ 77.683333333333337, 30.53 ], [ 77.68, 30.53 ], [ 77.68, 30.533333333333331 ], [ 77.66, 30.533333333333331 ], [ 77.66, 30.53 ], [ 77.656666666666666, 30.53 ], [ 77.656666666666666, 30.526666666666667 ], [ 77.63666666666667, 30.526666666666667 ], [ 77.63666666666667, 30.53 ], [ 77.623333333333335, 30.53 ], [ 77.623333333333335, 30.526666666666667 ], [ 77.61, 30.526666666666667 ], [ 77.61, 30.523333333333333 ], [ 77.6, 30.523333333333333 ], [ 77.6, 30.52 ], [ 77.596666666666664, 30.52 ], [ 77.596666666666664, 30.526666666666667 ], [ 77.583333333333329, 30.526666666666667 ], [ 77.583333333333329, 30.52 ], [ 77.58, 30.52 ], [ 77.58, 30.516666666666666 ], [ 77.566666666666663, 30.516666666666666 ], [ 77.566666666666663, 30.52 ], [ 77.563333333333333, 30.52 ], [ 77.563333333333333, 30.523333333333333 ], [ 77.553333333333327, 30.523333333333333 ], [ 77.553333333333327, 30.526666666666667 ], [ 77.546666666666667, 30.526666666666667 ], [ 77.546666666666667, 30.533333333333331 ], [ 77.543333333333337, 30.533333333333331 ], [ 77.543333333333337, 30.536666666666665 ], [ 77.526666666666671, 30.536666666666665 ], [ 77.526666666666671, 30.54 ], [ 77.516666666666666, 30.54 ], [ 77.516666666666666, 30.543333333333333 ], [ 77.5, 30.543333333333333 ], [ 77.5, 30.533333333333331 ], [ 77.493333333333339, 30.533333333333331 ], [ 77.493333333333339, 30.53 ], [ 77.486666666666665, 30.53 ], [ 77.486666666666665, 30.543333333333333 ], [ 77.453333333333333, 30.543333333333333 ], [ 77.453333333333333, 30.54 ], [ 77.426666666666662, 30.54 ], [ 77.426666666666662, 30.536666666666665 ], [ 77.423333333333332, 30.536666666666665 ], [ 77.423333333333332, 30.54 ], [ 77.406666666666666, 30.54 ], [ 77.406666666666666, 30.533333333333331 ], [ 77.39, 30.533333333333331 ], [ 77.39, 30.536666666666665 ], [ 77.37, 30.536666666666665 ], [ 77.37, 30.54 ], [ 77.35, 30.54 ], [ 77.35, 30.543333333333333 ], [ 77.343333333333334, 30.543333333333333 ], [ 77.343333333333334, 30.546666666666667 ], [ 77.34, 30.546666666666667 ], [ 77.34, 30.55 ], [ 77.346666666666664, 30.55 ], [ 77.346666666666664, 30.563333333333333 ], [ 77.333333333333329, 30.563333333333333 ], [ 77.333333333333329, 30.553333333333335 ], [ 77.326666666666668, 30.553333333333335 ], [ 77.326666666666668, 30.55 ], [ 77.323333333333338, 30.55 ], [ 77.323333333333338, 30.546666666666667 ], [ 77.32, 30.546666666666667 ], [ 77.32, 30.55 ], [ 77.303333333333327, 30.55 ], [ 77.303333333333327, 30.546666666666667 ], [ 77.296666666666667, 30.546666666666667 ], [ 77.296666666666667, 30.55 ], [ 77.29, 30.55 ], [ 77.29, 30.553333333333335 ], [ 77.273333333333341, 30.553333333333335 ], [ 77.273333333333341, 30.556666666666665 ], [ 77.263333333333335, 30.556666666666665 ], [ 77.263333333333335, 30.56 ], [ 77.26, 30.56 ], [ 77.26, 30.563333333333333 ], [ 77.25333333333333, 30.563333333333333 ], [ 77.25333333333333, 30.576666666666668 ], [ 77.243333333333339, 30.576666666666668 ], [ 77.243333333333339, 30.58 ], [ 77.23, 30.58 ], [ 77.23, 30.583333333333332 ], [ 77.22, 30.583333333333332 ], [ 77.22, 30.586666666666666 ], [ 77.216666666666669, 30.586666666666666 ], [ 77.216666666666669, 30.59 ], [ 77.213333333333338, 30.59 ], [ 77.213333333333338, 30.593333333333334 ], [ 77.216666666666669, 30.593333333333334 ], [ 77.216666666666669, 30.6 ], [ 77.223333333333329, 30.6 ], [ 77.223333333333329, 30.596666666666668 ], [ 77.226666666666674, 30.596666666666668 ], [ 77.226666666666674, 30.593333333333334 ], [ 77.236666666666665, 30.593333333333334 ], [ 77.236666666666665, 30.59 ], [ 77.24, 30.59 ], [ 77.24, 30.586666666666666 ], [ 77.243333333333339, 30.586666666666666 ], [ 77.243333333333339, 30.583333333333332 ], [ 77.25, 30.583333333333332 ], [ 77.25, 30.58 ], [ 77.256666666666661, 30.58 ], [ 77.256666666666661, 30.566666666666666 ], [ 77.263333333333335, 30.566666666666666 ], [ 77.263333333333335, 30.563333333333333 ], [ 77.28, 30.563333333333333 ], [ 77.28, 30.566666666666666 ], [ 77.283333333333331, 30.566666666666666 ], [ 77.283333333333331, 30.556666666666665 ], [ 77.3, 30.556666666666665 ], [ 77.3, 30.563333333333333 ], [ 77.303333333333327, 30.563333333333333 ], [ 77.303333333333327, 30.576666666666668 ], [ 77.296666666666667, 30.576666666666668 ], [ 77.296666666666667, 30.58 ], [ 77.283333333333331, 30.58 ], [ 77.283333333333331, 30.583333333333332 ], [ 77.28, 30.583333333333332 ], [ 77.28, 30.586666666666666 ], [ 77.276666666666671, 30.586666666666666 ], [ 77.276666666666671, 30.59 ], [ 77.263333333333335, 30.59 ], [ 77.263333333333335, 30.596666666666668 ], [ 77.26, 30.596666666666668 ], [ 77.26, 30.603333333333332 ], [ 77.25333333333333, 30.603333333333332 ], [ 77.25333333333333, 30.61 ], [ 77.23, 30.61 ], [ 77.23, 30.616666666666667 ], [ 77.21, 30.616666666666667 ], [ 77.21, 30.623333333333335 ], [ 77.206666666666663, 30.623333333333335 ], [ 77.206666666666663, 30.626666666666665 ], [ 77.203333333333333, 30.626666666666665 ], [ 77.203333333333333, 30.643333333333331 ], [ 77.2, 30.643333333333331 ], [ 77.2, 30.65 ], [ 77.186666666666667, 30.65 ], [ 77.186666666666667, 30.646666666666668 ], [ 77.183333333333337, 30.646666666666668 ], [ 77.183333333333337, 30.643333333333331 ], [ 77.18, 30.643333333333331 ], [ 77.18, 30.636666666666667 ], [ 77.176666666666662, 30.636666666666667 ], [ 77.176666666666662, 30.63 ], [ 77.17, 30.63 ], [ 77.17, 30.626666666666665 ], [ 77.166666666666671, 30.626666666666665 ], [ 77.166666666666671, 30.623333333333335 ], [ 77.16, 30.623333333333335 ], [ 77.16, 30.62 ], [ 77.156666666666666, 30.62 ], [ 77.156666666666666, 30.616666666666667 ], [ 77.153333333333336, 30.616666666666667 ], [ 77.153333333333336, 30.613333333333333 ], [ 77.146666666666661, 30.613333333333333 ], [ 77.146666666666661, 30.616666666666667 ], [ 77.11333333333333, 30.616666666666667 ], [ 77.11333333333333, 30.62 ], [ 77.11, 30.62 ], [ 77.11, 30.623333333333335 ], [ 77.096666666666664, 30.623333333333335 ], [ 77.096666666666664, 30.626666666666665 ], [ 77.09, 30.626666666666665 ], [ 77.09, 30.633333333333333 ], [ 77.086666666666673, 30.633333333333333 ], [ 77.086666666666673, 30.636666666666667 ], [ 77.093333333333334, 30.636666666666667 ], [ 77.093333333333334, 30.65 ], [ 77.086666666666673, 30.65 ], [ 77.086666666666673, 30.653333333333332 ], [ 77.08, 30.653333333333332 ], [ 77.08, 30.663333333333334 ], [ 77.063333333333333, 30.663333333333334 ], [ 77.063333333333333, 30.656666666666666 ], [ 77.053333333333327, 30.656666666666666 ], [ 77.053333333333327, 30.683333333333334 ], [ 77.046666666666667, 30.683333333333334 ], [ 77.046666666666667, 30.69 ], [ 77.043333333333337, 30.69 ], [ 77.043333333333337, 30.693333333333335 ], [ 77.04, 30.693333333333335 ], [ 77.04, 30.696666666666665 ], [ 77.036666666666662, 30.696666666666665 ], [ 77.036666666666662, 30.703333333333333 ], [ 77.03, 30.703333333333333 ], [ 77.03, 30.706666666666667 ], [ 77.023333333333341, 30.706666666666667 ], [ 77.023333333333341, 30.71 ], [ 77.013333333333335, 30.71 ], [ 77.013333333333335, 30.713333333333331 ], [ 77.0, 30.713333333333331 ], [ 77.0, 30.726666666666667 ], [ 77.006666666666661, 30.726666666666667 ], [ 77.006666666666661, 30.736666666666665 ], [ 77.013333333333335, 30.736666666666665 ], [ 77.013333333333335, 30.753333333333334 ], [ 77.01, 30.753333333333334 ], [ 77.01, 30.76 ], [ 77.006666666666661, 30.76 ], [ 77.006666666666661, 30.77 ], [ 77.0, 30.77 ], [ 77.0, 30.773333333333333 ], [ 76.99666666666667, 30.773333333333333 ], [ 76.99666666666667, 30.776666666666667 ], [ 76.993333333333339, 30.776666666666667 ], [ 76.993333333333339, 30.78 ], [ 76.986666666666665, 30.78 ], [ 76.986666666666665, 30.786666666666665 ], [ 76.983333333333334, 30.786666666666665 ], [ 76.983333333333334, 30.79 ], [ 76.976666666666674, 30.79 ], [ 76.976666666666674, 30.793333333333333 ], [ 76.973333333333329, 30.793333333333333 ], [ 76.973333333333329, 30.796666666666667 ], [ 76.97, 30.796666666666667 ], [ 76.97, 30.8 ], [ 76.966666666666669, 30.8 ], [ 76.966666666666669, 30.806666666666665 ], [ 76.963333333333338, 30.806666666666665 ], [ 76.963333333333338, 30.82 ], [ 76.953333333333333, 30.82 ], [ 76.953333333333333, 30.83 ], [ 76.95, 30.83 ], [ 76.95, 30.833333333333332 ], [ 76.943333333333328, 30.833333333333332 ], [ 76.943333333333328, 30.843333333333334 ], [ 76.94, 30.843333333333334 ], [ 76.94, 30.846666666666668 ], [ 76.936666666666667, 30.846666666666668 ], [ 76.936666666666667, 30.85 ], [ 76.933333333333337, 30.85 ], [ 76.933333333333337, 30.853333333333332 ], [ 76.93, 30.853333333333332 ], [ 76.93, 30.86 ], [ 76.926666666666662, 30.86 ], [ 76.926666666666662, 30.863333333333333 ], [ 76.923333333333332, 30.863333333333333 ], [ 76.923333333333332, 30.88 ], [ 76.92, 30.88 ], [ 76.92, 30.883333333333333 ], [ 76.916666666666671, 30.883333333333333 ], [ 76.916666666666671, 30.886666666666667 ], [ 76.9, 30.886666666666667 ], [ 76.9, 30.89 ], [ 76.903333333333336, 30.89 ], [ 76.903333333333336, 30.906666666666666 ], [ 76.88666666666667, 30.906666666666666 ], [ 76.88666666666667, 30.91 ], [ 76.88333333333334, 30.91 ], [ 76.88333333333334, 30.916666666666664 ], [ 76.876666666666665, 30.916666666666664 ], [ 76.876666666666665, 30.93 ], [ 76.873333333333335, 30.93 ], [ 76.873333333333335, 30.933333333333334 ], [ 76.87, 30.933333333333334 ], [ 76.87, 30.936666666666667 ], [ 76.86, 30.936666666666667 ], [ 76.86, 30.94 ], [ 76.856666666666669, 30.94 ], [ 76.856666666666669, 30.943333333333335 ], [ 76.853333333333339, 30.943333333333335 ], [ 76.853333333333339, 30.946666666666665 ], [ 76.846666666666664, 30.946666666666665 ], [ 76.846666666666664, 30.96 ], [ 76.843333333333334, 30.96 ], [ 76.843333333333334, 30.966666666666669 ], [ 76.83, 30.966666666666669 ], [ 76.83, 30.963333333333331 ], [ 76.826666666666668, 30.963333333333331 ], [ 76.826666666666668, 30.966666666666669 ], [ 76.82, 30.966666666666669 ], [ 76.82, 30.97 ], [ 76.816666666666663, 30.97 ], [ 76.816666666666663, 30.973333333333333 ], [ 76.813333333333333, 30.973333333333333 ], [ 76.813333333333333, 30.986666666666665 ], [ 76.81, 30.986666666666665 ], [ 76.81, 31.003333333333334 ], [ 76.806666666666672, 31.003333333333334 ], [ 76.806666666666672, 31.01 ], [ 76.8, 31.01 ], [ 76.8, 31.013333333333332 ], [ 76.79, 31.013333333333332 ], [ 76.79, 31.016666666666666 ], [ 76.786666666666662, 31.016666666666666 ], [ 76.786666666666662, 31.02 ], [ 76.776666666666671, 31.02 ], [ 76.776666666666671, 31.023333333333333 ], [ 76.77, 31.023333333333333 ], [ 76.77, 31.026666666666667 ], [ 76.776666666666671, 31.026666666666667 ], [ 76.776666666666671, 31.033333333333331 ], [ 76.783333333333331, 31.033333333333331 ], [ 76.783333333333331, 31.05 ], [ 76.78, 31.05 ], [ 76.78, 31.053333333333335 ], [ 76.776666666666671, 31.053333333333335 ], [ 76.776666666666671, 31.056666666666665 ], [ 76.77, 31.056666666666665 ], [ 76.77, 31.06 ], [ 76.766666666666666, 31.06 ], [ 76.766666666666666, 31.063333333333333 ], [ 76.76, 31.063333333333333 ], [ 76.76, 31.066666666666666 ], [ 76.756666666666661, 31.066666666666666 ], [ 76.756666666666661, 31.07 ], [ 76.743333333333339, 31.07 ], [ 76.743333333333339, 31.05 ], [ 76.74, 31.05 ], [ 76.74, 31.03 ], [ 76.743333333333339, 31.03 ], [ 76.743333333333339, 31.026666666666667 ], [ 76.74, 31.026666666666667 ], [ 76.74, 31.023333333333333 ], [ 76.736666666666665, 31.023333333333333 ], [ 76.736666666666665, 31.03 ], [ 76.72, 31.03 ], [ 76.72, 31.033333333333331 ], [ 76.726666666666674, 31.033333333333331 ], [ 76.726666666666674, 31.05 ], [ 76.73, 31.05 ], [ 76.73, 31.056666666666665 ], [ 76.733333333333334, 31.056666666666665 ], [ 76.733333333333334, 31.06 ], [ 76.736666666666665, 31.06 ], [ 76.736666666666665, 31.073333333333334 ], [ 76.733333333333334, 31.073333333333334 ], [ 76.733333333333334, 31.08 ], [ 76.73, 31.08 ], [ 76.73, 31.083333333333332 ], [ 76.72, 31.083333333333332 ], [ 76.72, 31.096666666666668 ], [ 76.713333333333338, 31.096666666666668 ], [ 76.713333333333338, 31.13 ], [ 76.71, 31.13 ], [ 76.71, 31.133333333333333 ], [ 76.706666666666663, 31.133333333333333 ], [ 76.706666666666663, 31.136666666666667 ], [ 76.71, 31.136666666666667 ], [ 76.71, 31.153333333333332 ], [ 76.7, 31.153333333333332 ], [ 76.7, 31.156666666666666 ], [ 76.696666666666673, 31.156666666666666 ], [ 76.696666666666673, 31.18 ], [ 76.693333333333328, 31.18 ], [ 76.693333333333328, 31.19 ], [ 76.686666666666667, 31.19 ], [ 76.686666666666667, 31.193333333333332 ], [ 76.683333333333337, 31.193333333333332 ], [ 76.683333333333337, 31.196666666666665 ], [ 76.68, 31.196666666666665 ], [ 76.68, 31.2 ], [ 76.676666666666662, 31.2 ], [ 76.676666666666662, 31.203333333333333 ], [ 76.68, 31.203333333333333 ], [ 76.68, 31.22 ], [ 76.676666666666662, 31.22 ], [ 76.676666666666662, 31.223333333333333 ], [ 76.673333333333332, 31.223333333333333 ], [ 76.673333333333332, 31.226666666666667 ], [ 76.666666666666671, 31.226666666666667 ], [ 76.666666666666671, 31.23 ], [ 76.66, 31.23 ], [ 76.66, 31.233333333333334 ], [ 76.65, 31.233333333333334 ], [ 76.65, 31.236666666666665 ], [ 76.61333333333333, 31.236666666666665 ], [ 76.61333333333333, 31.24 ], [ 76.606666666666669, 31.24 ], [ 76.606666666666669, 31.243333333333332 ], [ 76.603333333333339, 31.243333333333332 ], [ 76.603333333333339, 31.246666666666666 ], [ 76.596666666666664, 31.246666666666666 ], [ 76.596666666666664, 31.25 ], [ 76.593333333333334, 31.25 ], [ 76.593333333333334, 31.253333333333334 ], [ 76.59, 31.253333333333334 ], [ 76.59, 31.256666666666668 ], [ 76.586666666666673, 31.256666666666668 ], [ 76.586666666666673, 31.26 ], [ 76.583333333333329, 31.26 ], [ 76.583333333333329, 31.263333333333332 ], [ 76.58, 31.263333333333332 ], [ 76.58, 31.266666666666666 ], [ 76.576666666666668, 31.266666666666666 ], [ 76.576666666666668, 31.27 ], [ 76.57, 31.27 ], [ 76.57, 31.273333333333333 ], [ 76.553333333333327, 31.273333333333333 ], [ 76.553333333333327, 31.276666666666667 ], [ 76.546666666666667, 31.276666666666667 ], [ 76.546666666666667, 31.28 ], [ 76.533333333333331, 31.28 ], [ 76.533333333333331, 31.283333333333331 ], [ 76.53, 31.283333333333331 ], [ 76.53, 31.286666666666665 ], [ 76.526666666666671, 31.286666666666665 ], [ 76.526666666666671, 31.29 ], [ 76.523333333333341, 31.29 ], [ 76.523333333333341, 31.293333333333333 ], [ 76.52, 31.293333333333333 ], [ 76.52, 31.296666666666667 ], [ 76.516666666666666, 31.296666666666667 ], [ 76.516666666666666, 31.3 ], [ 76.513333333333335, 31.3 ], [ 76.513333333333335, 31.313333333333333 ], [ 76.51, 31.313333333333333 ], [ 76.51, 31.32 ], [ 76.506666666666661, 31.32 ], [ 76.506666666666661, 31.33 ], [ 76.5, 31.33 ], [ 76.5, 31.333333333333332 ], [ 76.49666666666667, 31.333333333333332 ], [ 76.49666666666667, 31.336666666666666 ], [ 76.493333333333339, 31.336666666666666 ], [ 76.493333333333339, 31.343333333333334 ], [ 76.49, 31.343333333333334 ], [ 76.49, 31.346666666666668 ], [ 76.486666666666665, 31.346666666666668 ], [ 76.486666666666665, 31.35 ], [ 76.483333333333334, 31.35 ], [ 76.483333333333334, 31.356666666666666 ], [ 76.48, 31.356666666666666 ], [ 76.48, 31.36 ], [ 76.476666666666674, 31.36 ], [ 76.476666666666674, 31.363333333333333 ], [ 76.473333333333329, 31.363333333333333 ], [ 76.473333333333329, 31.366666666666667 ], [ 76.463333333333338, 31.366666666666667 ], [ 76.463333333333338, 31.376666666666665 ], [ 76.46, 31.376666666666665 ], [ 76.46, 31.38 ], [ 76.453333333333333, 31.38 ], [ 76.453333333333333, 31.383333333333333 ], [ 76.45, 31.383333333333333 ], [ 76.45, 31.386666666666667 ], [ 76.446666666666673, 31.386666666666667 ], [ 76.446666666666673, 31.39 ], [ 76.443333333333328, 31.39 ], [ 76.443333333333328, 31.393333333333334 ], [ 76.44, 31.393333333333334 ], [ 76.44, 31.396666666666668 ], [ 76.436666666666667, 31.396666666666668 ], [ 76.436666666666667, 31.4 ], [ 76.433333333333337, 31.4 ], [ 76.433333333333337, 31.406666666666666 ], [ 76.43, 31.406666666666666 ], [ 76.43, 31.41 ], [ 76.423333333333332, 31.41 ], [ 76.423333333333332, 31.413333333333334 ], [ 76.416666666666671, 31.413333333333334 ], [ 76.416666666666671, 31.416666666666668 ], [ 76.413333333333327, 31.416666666666668 ], [ 76.413333333333327, 31.43 ], [ 76.41, 31.43 ], [ 76.41, 31.433333333333334 ], [ 76.403333333333336, 31.433333333333334 ], [ 76.403333333333336, 31.44 ], [ 76.4, 31.44 ], [ 76.4, 31.443333333333332 ], [ 76.396666666666661, 31.443333333333332 ], [ 76.396666666666661, 31.446666666666665 ], [ 76.393333333333331, 31.446666666666665 ], [ 76.393333333333331, 31.45 ], [ 76.39, 31.45 ], [ 76.39, 31.46 ], [ 76.38666666666667, 31.46 ], [ 76.38666666666667, 31.463333333333331 ], [ 76.38, 31.463333333333331 ], [ 76.38, 31.466666666666665 ], [ 76.376666666666665, 31.466666666666665 ], [ 76.376666666666665, 31.473333333333333 ], [ 76.373333333333335, 31.473333333333333 ], [ 76.373333333333335, 31.476666666666667 ], [ 76.37, 31.476666666666667 ], [ 76.37, 31.49 ], [ 76.36666666666666, 31.49 ], [ 76.36666666666666, 31.493333333333332 ], [ 76.36333333333333, 31.493333333333332 ], [ 76.36333333333333, 31.496666666666666 ], [ 76.36, 31.496666666666666 ], [ 76.36, 31.503333333333334 ], [ 76.356666666666669, 31.503333333333334 ], [ 76.356666666666669, 31.506666666666668 ], [ 76.353333333333339, 31.506666666666668 ], [ 76.353333333333339, 31.513333333333332 ], [ 76.346666666666664, 31.513333333333332 ], [ 76.346666666666664, 31.516666666666666 ], [ 76.336666666666673, 31.516666666666666 ], [ 76.336666666666673, 31.523333333333333 ], [ 76.343333333333334, 31.523333333333333 ], [ 76.343333333333334, 31.533333333333331 ], [ 76.346666666666664, 31.533333333333331 ], [ 76.346666666666664, 31.53 ], [ 76.35, 31.53 ], [ 76.35, 31.526666666666667 ], [ 76.353333333333339, 31.526666666666667 ], [ 76.353333333333339, 31.523333333333333 ], [ 76.36, 31.523333333333333 ], [ 76.36, 31.52 ], [ 76.36333333333333, 31.52 ], [ 76.36333333333333, 31.516666666666666 ], [ 76.36666666666666, 31.516666666666666 ], [ 76.36666666666666, 31.513333333333332 ], [ 76.37, 31.513333333333332 ], [ 76.37, 31.51 ], [ 76.376666666666665, 31.51 ], [ 76.376666666666665, 31.506666666666668 ], [ 76.38, 31.506666666666668 ], [ 76.38, 31.5 ], [ 76.38666666666667, 31.5 ], [ 76.38666666666667, 31.496666666666666 ], [ 76.393333333333331, 31.496666666666666 ], [ 76.393333333333331, 31.49 ], [ 76.403333333333336, 31.49 ], [ 76.403333333333336, 31.466666666666665 ], [ 76.416666666666671, 31.466666666666665 ], [ 76.416666666666671, 31.463333333333331 ], [ 76.423333333333332, 31.463333333333331 ], [ 76.423333333333332, 31.45 ], [ 76.426666666666662, 31.45 ], [ 76.426666666666662, 31.436666666666667 ], [ 76.43, 31.436666666666667 ], [ 76.43, 31.433333333333334 ], [ 76.433333333333337, 31.433333333333334 ], [ 76.433333333333337, 31.43 ], [ 76.44, 31.43 ], [ 76.44, 31.41 ], [ 76.456666666666663, 31.41 ], [ 76.456666666666663, 31.406666666666666 ], [ 76.46, 31.406666666666666 ], [ 76.46, 31.403333333333332 ], [ 76.463333333333338, 31.403333333333332 ], [ 76.463333333333338, 31.4 ], [ 76.466666666666669, 31.4 ], [ 76.466666666666669, 31.396666666666668 ], [ 76.47, 31.396666666666668 ], [ 76.47, 31.393333333333334 ], [ 76.473333333333329, 31.393333333333334 ], [ 76.473333333333329, 31.39 ], [ 76.476666666666674, 31.39 ], [ 76.476666666666674, 31.383333333333333 ], [ 76.483333333333334, 31.383333333333333 ], [ 76.483333333333334, 31.38 ], [ 76.486666666666665, 31.38 ], [ 76.486666666666665, 31.376666666666665 ], [ 76.49, 31.376666666666665 ], [ 76.49, 31.37 ], [ 76.493333333333339, 31.37 ], [ 76.493333333333339, 31.366666666666667 ], [ 76.49666666666667, 31.366666666666667 ], [ 76.49666666666667, 31.363333333333333 ], [ 76.5, 31.363333333333333 ], [ 76.5, 31.36 ], [ 76.50333333333333, 31.36 ], [ 76.50333333333333, 31.356666666666666 ], [ 76.506666666666661, 31.356666666666666 ], [ 76.506666666666661, 31.353333333333332 ], [ 76.523333333333341, 31.353333333333332 ], [ 76.523333333333341, 31.356666666666666 ], [ 76.53, 31.356666666666666 ], [ 76.53, 31.36 ], [ 76.533333333333331, 31.36 ], [ 76.533333333333331, 31.356666666666666 ], [ 76.536666666666662, 31.356666666666666 ], [ 76.536666666666662, 31.353333333333332 ], [ 76.54, 31.353333333333332 ], [ 76.54, 31.35 ], [ 76.53, 31.35 ], [ 76.53, 31.333333333333332 ], [ 76.533333333333331, 31.333333333333332 ], [ 76.533333333333331, 31.33 ], [ 76.54, 31.33 ], [ 76.54, 31.323333333333334 ], [ 76.553333333333327, 31.323333333333334 ], [ 76.553333333333327, 31.333333333333332 ], [ 76.556666666666672, 31.333333333333332 ], [ 76.556666666666672, 31.33 ], [ 76.56, 31.33 ], [ 76.56, 31.323333333333334 ], [ 76.566666666666663, 31.323333333333334 ], [ 76.566666666666663, 31.32 ], [ 76.57, 31.32 ], [ 76.57, 31.306666666666665 ], [ 76.576666666666668, 31.306666666666665 ], [ 76.576666666666668, 31.303333333333335 ], [ 76.573333333333338, 31.303333333333335 ], [ 76.573333333333338, 31.286666666666665 ], [ 76.586666666666673, 31.286666666666665 ], [ 76.586666666666673, 31.283333333333331 ], [ 76.6, 31.283333333333331 ], [ 76.6, 31.273333333333333 ], [ 76.61333333333333, 31.273333333333333 ], [ 76.61333333333333, 31.266666666666666 ], [ 76.61666666666666, 31.266666666666666 ], [ 76.61666666666666, 31.263333333333332 ], [ 76.62, 31.263333333333332 ], [ 76.62, 31.26 ], [ 76.63333333333334, 31.26 ], [ 76.63333333333334, 31.263333333333332 ], [ 76.65, 31.263333333333332 ], [ 76.65, 31.276666666666667 ], [ 76.64, 31.276666666666667 ], [ 76.64, 31.28 ], [ 76.626666666666665, 31.28 ], [ 76.626666666666665, 31.286666666666665 ], [ 76.62, 31.286666666666665 ], [ 76.62, 31.3 ], [ 76.61333333333333, 31.3 ], [ 76.61333333333333, 31.306666666666665 ], [ 76.603333333333339, 31.306666666666665 ], [ 76.603333333333339, 31.31 ], [ 76.6, 31.31 ], [ 76.6, 31.32 ], [ 76.593333333333334, 31.32 ], [ 76.593333333333334, 31.323333333333334 ], [ 76.59, 31.323333333333334 ], [ 76.59, 31.33 ], [ 76.586666666666673, 31.33 ], [ 76.586666666666673, 31.333333333333332 ], [ 76.583333333333329, 31.333333333333332 ], [ 76.583333333333329, 31.343333333333334 ], [ 76.58, 31.343333333333334 ], [ 76.58, 31.346666666666668 ], [ 76.57, 31.346666666666668 ], [ 76.57, 31.363333333333333 ], [ 76.556666666666672, 31.363333333333333 ], [ 76.556666666666672, 31.383333333333333 ], [ 76.553333333333327, 31.383333333333333 ], [ 76.553333333333327, 31.386666666666667 ], [ 76.55, 31.386666666666667 ], [ 76.55, 31.393333333333334 ], [ 76.546666666666667, 31.393333333333334 ], [ 76.546666666666667, 31.396666666666668 ], [ 76.54, 31.396666666666668 ], [ 76.54, 31.403333333333332 ], [ 76.533333333333331, 31.403333333333332 ], [ 76.533333333333331, 31.406666666666666 ], [ 76.53, 31.406666666666666 ], [ 76.53, 31.41 ], [ 76.523333333333341, 31.41 ], [ 76.523333333333341, 31.413333333333334 ], [ 76.52, 31.413333333333334 ], [ 76.52, 31.416666666666668 ], [ 76.513333333333335, 31.416666666666668 ], [ 76.513333333333335, 31.433333333333334 ], [ 76.51, 31.433333333333334 ], [ 76.51, 31.436666666666667 ], [ 76.50333333333333, 31.436666666666667 ], [ 76.50333333333333, 31.44 ], [ 76.5, 31.44 ], [ 76.5, 31.443333333333332 ], [ 76.49666666666667, 31.443333333333332 ], [ 76.49666666666667, 31.446666666666665 ], [ 76.493333333333339, 31.446666666666665 ], [ 76.493333333333339, 31.45 ], [ 76.49, 31.45 ], [ 76.49, 31.453333333333333 ], [ 76.476666666666674, 31.453333333333333 ], [ 76.476666666666674, 31.45 ], [ 76.473333333333329, 31.45 ], [ 76.473333333333329, 31.47 ], [ 76.47, 31.47 ], [ 76.47, 31.473333333333333 ], [ 76.466666666666669, 31.473333333333333 ], [ 76.466666666666669, 31.476666666666667 ], [ 76.463333333333338, 31.476666666666667 ], [ 76.463333333333338, 31.48 ], [ 76.46, 31.48 ], [ 76.46, 31.483333333333334 ], [ 76.456666666666663, 31.483333333333334 ], [ 76.456666666666663, 31.49 ], [ 76.45, 31.49 ], [ 76.45, 31.496666666666666 ], [ 76.446666666666673, 31.496666666666666 ], [ 76.446666666666673, 31.5 ], [ 76.443333333333328, 31.5 ], [ 76.443333333333328, 31.506666666666668 ], [ 76.44, 31.506666666666668 ], [ 76.44, 31.513333333333332 ], [ 76.433333333333337, 31.513333333333332 ], [ 76.433333333333337, 31.526666666666667 ], [ 76.426666666666662, 31.526666666666667 ], [ 76.426666666666662, 31.533333333333331 ], [ 76.423333333333332, 31.533333333333331 ], [ 76.423333333333332, 31.54 ], [ 76.42, 31.54 ], [ 76.42, 31.546666666666667 ], [ 76.416666666666671, 31.546666666666667 ], [ 76.416666666666671, 31.55 ], [ 76.413333333333327, 31.55 ], [ 76.413333333333327, 31.553333333333335 ], [ 76.41, 31.553333333333335 ], [ 76.41, 31.56 ], [ 76.406666666666666, 31.56 ], [ 76.406666666666666, 31.566666666666666 ], [ 76.403333333333336, 31.566666666666666 ], [ 76.403333333333336, 31.57 ], [ 76.4, 31.57 ], [ 76.4, 31.58 ], [ 76.396666666666661, 31.58 ], [ 76.396666666666661, 31.583333333333332 ], [ 76.393333333333331, 31.583333333333332 ], [ 76.393333333333331, 31.593333333333334 ], [ 76.39, 31.593333333333334 ], [ 76.39, 31.6 ], [ 76.38666666666667, 31.6 ], [ 76.38666666666667, 31.606666666666666 ], [ 76.38333333333334, 31.606666666666666 ], [ 76.38333333333334, 31.61 ], [ 76.38, 31.61 ], [ 76.38, 31.613333333333333 ], [ 76.373333333333335, 31.613333333333333 ], [ 76.373333333333335, 31.616666666666667 ], [ 76.37, 31.616666666666667 ], [ 76.37, 31.62 ], [ 76.36666666666666, 31.62 ], [ 76.36666666666666, 31.623333333333335 ], [ 76.36333333333333, 31.623333333333335 ], [ 76.36333333333333, 31.63 ], [ 76.36, 31.63 ], [ 76.36, 31.633333333333333 ], [ 76.356666666666669, 31.633333333333333 ], [ 76.356666666666669, 31.64 ], [ 76.353333333333339, 31.64 ], [ 76.353333333333339, 31.643333333333334 ], [ 76.35, 31.643333333333334 ], [ 76.35, 31.646666666666668 ], [ 76.346666666666664, 31.646666666666668 ], [ 76.346666666666664, 31.65 ], [ 76.343333333333334, 31.65 ], [ 76.343333333333334, 31.656666666666666 ], [ 76.34, 31.656666666666666 ], [ 76.34, 31.66 ], [ 76.336666666666673, 31.66 ], [ 76.336666666666673, 31.666666666666668 ], [ 76.333333333333329, 31.666666666666668 ], [ 76.333333333333329, 31.673333333333332 ], [ 76.33, 31.673333333333332 ], [ 76.33, 31.676666666666666 ], [ 76.326666666666668, 31.676666666666666 ], [ 76.326666666666668, 31.683333333333334 ], [ 76.323333333333338, 31.683333333333334 ], [ 76.323333333333338, 31.703333333333333 ], [ 76.326666666666668, 31.703333333333333 ], [ 76.326666666666668, 31.7 ], [ 76.33, 31.7 ], [ 76.33, 31.696666666666665 ], [ 76.333333333333329, 31.696666666666665 ], [ 76.333333333333329, 31.693333333333332 ], [ 76.336666666666673, 31.693333333333332 ], [ 76.336666666666673, 31.69 ], [ 76.34, 31.69 ], [ 76.34, 31.683333333333334 ], [ 76.343333333333334, 31.683333333333334 ], [ 76.343333333333334, 31.68 ], [ 76.346666666666664, 31.68 ], [ 76.346666666666664, 31.676666666666666 ], [ 76.35, 31.676666666666666 ], [ 76.35, 31.67 ], [ 76.353333333333339, 31.67 ], [ 76.353333333333339, 31.663333333333334 ], [ 76.356666666666669, 31.663333333333334 ], [ 76.356666666666669, 31.66 ], [ 76.36, 31.66 ], [ 76.36, 31.656666666666666 ], [ 76.36333333333333, 31.656666666666666 ], [ 76.36333333333333, 31.65 ], [ 76.36666666666666, 31.65 ], [ 76.36666666666666, 31.646666666666668 ], [ 76.37, 31.646666666666668 ], [ 76.37, 31.643333333333334 ], [ 76.373333333333335, 31.643333333333334 ], [ 76.373333333333335, 31.64 ], [ 76.38, 31.64 ], [ 76.38, 31.636666666666667 ], [ 76.38666666666667, 31.636666666666667 ], [ 76.38666666666667, 31.633333333333333 ], [ 76.39, 31.633333333333333 ], [ 76.39, 31.63 ], [ 76.393333333333331, 31.63 ], [ 76.393333333333331, 31.626666666666665 ], [ 76.396666666666661, 31.626666666666665 ], [ 76.396666666666661, 31.62 ], [ 76.4, 31.62 ], [ 76.4, 31.616666666666667 ], [ 76.403333333333336, 31.616666666666667 ], [ 76.403333333333336, 31.613333333333333 ], [ 76.406666666666666, 31.613333333333333 ], [ 76.406666666666666, 31.606666666666666 ], [ 76.41, 31.606666666666666 ], [ 76.41, 31.6 ], [ 76.413333333333327, 31.6 ], [ 76.413333333333327, 31.593333333333334 ], [ 76.416666666666671, 31.593333333333334 ], [ 76.416666666666671, 31.586666666666666 ], [ 76.42, 31.586666666666666 ], [ 76.42, 31.58 ], [ 76.423333333333332, 31.58 ], [ 76.423333333333332, 31.573333333333334 ], [ 76.426666666666662, 31.573333333333334 ], [ 76.426666666666662, 31.566666666666666 ], [ 76.43, 31.566666666666666 ], [ 76.43, 31.563333333333333 ], [ 76.433333333333337, 31.563333333333333 ], [ 76.433333333333337, 31.556666666666665 ], [ 76.436666666666667, 31.556666666666665 ], [ 76.436666666666667, 31.546666666666667 ], [ 76.44, 31.546666666666667 ], [ 76.44, 31.54 ], [ 76.443333333333328, 31.54 ], [ 76.443333333333328, 31.533333333333331 ], [ 76.446666666666673, 31.533333333333331 ], [ 76.446666666666673, 31.526666666666667 ], [ 76.45, 31.526666666666667 ], [ 76.45, 31.523333333333333 ], [ 76.453333333333333, 31.523333333333333 ], [ 76.453333333333333, 31.513333333333332 ], [ 76.456666666666663, 31.513333333333332 ], [ 76.456666666666663, 31.51 ], [ 76.46, 31.51 ], [ 76.46, 31.506666666666668 ], [ 76.463333333333338, 31.506666666666668 ], [ 76.463333333333338, 31.5 ], [ 76.466666666666669, 31.5 ], [ 76.466666666666669, 31.496666666666666 ], [ 76.47, 31.496666666666666 ], [ 76.47, 31.493333333333332 ], [ 76.473333333333329, 31.493333333333332 ], [ 76.473333333333329, 31.49 ], [ 76.476666666666674, 31.49 ], [ 76.476666666666674, 31.486666666666665 ], [ 76.48, 31.486666666666665 ], [ 76.48, 31.48 ], [ 76.486666666666665, 31.48 ], [ 76.486666666666665, 31.476666666666667 ], [ 76.49, 31.476666666666667 ], [ 76.49, 31.473333333333333 ], [ 76.493333333333339, 31.473333333333333 ], [ 76.493333333333339, 31.47 ], [ 76.506666666666661, 31.47 ], [ 76.506666666666661, 31.476666666666667 ], [ 76.51, 31.476666666666667 ], [ 76.51, 31.473333333333333 ], [ 76.513333333333335, 31.473333333333333 ], [ 76.513333333333335, 31.47 ], [ 76.516666666666666, 31.47 ], [ 76.516666666666666, 31.466666666666665 ], [ 76.52, 31.466666666666665 ], [ 76.52, 31.463333333333331 ], [ 76.523333333333341, 31.463333333333331 ], [ 76.523333333333341, 31.46 ], [ 76.513333333333335, 31.46 ], [ 76.513333333333335, 31.446666666666665 ], [ 76.516666666666666, 31.446666666666665 ], [ 76.516666666666666, 31.443333333333332 ], [ 76.526666666666671, 31.443333333333332 ], [ 76.526666666666671, 31.43 ], [ 76.536666666666662, 31.43 ], [ 76.536666666666662, 31.426666666666666 ], [ 76.54, 31.426666666666666 ], [ 76.54, 31.423333333333332 ], [ 76.543333333333337, 31.423333333333332 ], [ 76.543333333333337, 31.416666666666668 ], [ 76.546666666666667, 31.416666666666668 ], [ 76.546666666666667, 31.413333333333334 ], [ 76.55, 31.413333333333334 ], [ 76.55, 31.41 ], [ 76.563333333333333, 31.41 ], [ 76.563333333333333, 31.413333333333334 ], [ 76.566666666666663, 31.413333333333334 ], [ 76.566666666666663, 31.406666666666666 ], [ 76.57, 31.406666666666666 ], [ 76.57, 31.39 ], [ 76.583333333333329, 31.39 ], [ 76.583333333333329, 31.386666666666667 ], [ 76.593333333333334, 31.386666666666667 ], [ 76.593333333333334, 31.383333333333333 ], [ 76.596666666666664, 31.383333333333333 ], [ 76.596666666666664, 31.38 ], [ 76.586666666666673, 31.38 ], [ 76.586666666666673, 31.366666666666667 ], [ 76.59, 31.366666666666667 ], [ 76.59, 31.363333333333333 ], [ 76.593333333333334, 31.363333333333333 ], [ 76.593333333333334, 31.36 ], [ 76.596666666666664, 31.36 ], [ 76.596666666666664, 31.356666666666666 ], [ 76.6, 31.356666666666666 ], [ 76.6, 31.353333333333332 ], [ 76.603333333333339, 31.353333333333332 ], [ 76.603333333333339, 31.35 ], [ 76.606666666666669, 31.35 ], [ 76.606666666666669, 31.343333333333334 ], [ 76.61, 31.343333333333334 ], [ 76.61, 31.34 ], [ 76.61333333333333, 31.34 ], [ 76.61333333333333, 31.336666666666666 ], [ 76.626666666666665, 31.336666666666666 ], [ 76.626666666666665, 31.346666666666668 ], [ 76.63, 31.346666666666668 ], [ 76.63, 31.343333333333334 ], [ 76.63333333333334, 31.343333333333334 ], [ 76.63333333333334, 31.326666666666668 ], [ 76.64, 31.326666666666668 ], [ 76.64, 31.32 ], [ 76.643333333333331, 31.32 ], [ 76.643333333333331, 31.313333333333333 ], [ 76.65, 31.313333333333333 ], [ 76.65, 31.31 ], [ 76.653333333333336, 31.31 ], [ 76.653333333333336, 31.303333333333335 ], [ 76.663333333333327, 31.303333333333335 ], [ 76.663333333333327, 31.3 ], [ 76.666666666666671, 31.3 ], [ 76.666666666666671, 31.293333333333333 ], [ 76.67, 31.293333333333333 ], [ 76.67, 31.286666666666665 ], [ 76.673333333333332, 31.286666666666665 ], [ 76.673333333333332, 31.283333333333331 ], [ 76.676666666666662, 31.283333333333331 ], [ 76.676666666666662, 31.28 ], [ 76.68, 31.28 ], [ 76.68, 31.276666666666667 ], [ 76.683333333333337, 31.276666666666667 ], [ 76.683333333333337, 31.273333333333333 ], [ 76.696666666666673, 31.273333333333333 ], [ 76.696666666666673, 31.276666666666667 ], [ 76.7, 31.276666666666667 ], [ 76.7, 31.28 ], [ 76.703333333333333, 31.28 ], [ 76.703333333333333, 31.276666666666667 ], [ 76.71, 31.276666666666667 ], [ 76.71, 31.273333333333333 ], [ 76.713333333333338, 31.273333333333333 ], [ 76.713333333333338, 31.27 ], [ 76.726666666666674, 31.27 ], [ 76.726666666666674, 31.29 ], [ 76.716666666666669, 31.29 ], [ 76.716666666666669, 31.293333333333333 ], [ 76.713333333333338, 31.293333333333333 ], [ 76.713333333333338, 31.296666666666667 ], [ 76.71, 31.296666666666667 ], [ 76.71, 31.306666666666665 ], [ 76.703333333333333, 31.306666666666665 ], [ 76.703333333333333, 31.31 ], [ 76.7, 31.31 ], [ 76.7, 31.313333333333333 ], [ 76.696666666666673, 31.313333333333333 ], [ 76.696666666666673, 31.32 ], [ 76.706666666666663, 31.32 ], [ 76.706666666666663, 31.336666666666666 ], [ 76.693333333333328, 31.336666666666666 ], [ 76.693333333333328, 31.34 ], [ 76.683333333333337, 31.34 ], [ 76.683333333333337, 31.343333333333334 ], [ 76.68, 31.343333333333334 ], [ 76.68, 31.383333333333333 ], [ 76.676666666666662, 31.383333333333333 ], [ 76.676666666666662, 31.386666666666667 ], [ 76.703333333333333, 31.386666666666667 ], [ 76.703333333333333, 31.38 ], [ 76.683333333333337, 31.38 ], [ 76.683333333333337, 31.36 ], [ 76.686666666666667, 31.36 ], [ 76.686666666666667, 31.346666666666668 ], [ 76.703333333333333, 31.346666666666668 ], [ 76.703333333333333, 31.353333333333332 ], [ 76.71, 31.353333333333332 ], [ 76.71, 31.366666666666667 ], [ 76.716666666666669, 31.366666666666667 ], [ 76.716666666666669, 31.363333333333333 ], [ 76.72, 31.363333333333333 ], [ 76.72, 31.36 ], [ 76.723333333333329, 31.36 ], [ 76.723333333333329, 31.35 ], [ 76.726666666666674, 31.35 ], [ 76.726666666666674, 31.343333333333334 ], [ 76.73, 31.343333333333334 ], [ 76.73, 31.336666666666666 ], [ 76.733333333333334, 31.336666666666666 ], [ 76.733333333333334, 31.32 ], [ 76.736666666666665, 31.32 ], [ 76.736666666666665, 31.306666666666665 ], [ 76.74, 31.306666666666665 ], [ 76.74, 31.29 ], [ 76.74666666666667, 31.29 ], [ 76.74666666666667, 31.286666666666665 ], [ 76.75, 31.286666666666665 ], [ 76.75, 31.283333333333331 ], [ 76.756666666666661, 31.283333333333331 ], [ 76.756666666666661, 31.28 ], [ 76.76, 31.28 ], [ 76.76, 31.276666666666667 ], [ 76.766666666666666, 31.276666666666667 ], [ 76.766666666666666, 31.273333333333333 ], [ 76.786666666666662, 31.273333333333333 ], [ 76.786666666666662, 31.286666666666665 ], [ 76.783333333333331, 31.286666666666665 ], [ 76.783333333333331, 31.29 ], [ 76.78, 31.29 ], [ 76.78, 31.293333333333333 ], [ 76.773333333333341, 31.293333333333333 ], [ 76.773333333333341, 31.316666666666666 ], [ 76.77, 31.316666666666666 ], [ 76.77, 31.323333333333334 ], [ 76.766666666666666, 31.323333333333334 ], [ 76.766666666666666, 31.356666666666666 ], [ 76.763333333333335, 31.356666666666666 ], [ 76.763333333333335, 31.36 ], [ 76.76, 31.36 ], [ 76.76, 31.363333333333333 ], [ 76.763333333333335, 31.363333333333333 ], [ 76.763333333333335, 31.366666666666667 ], [ 76.766666666666666, 31.366666666666667 ], [ 76.766666666666666, 31.37 ], [ 76.77, 31.37 ], [ 76.77, 31.366666666666667 ], [ 76.783333333333331, 31.366666666666667 ], [ 76.783333333333331, 31.37 ], [ 76.79, 31.37 ], [ 76.79, 31.373333333333335 ], [ 76.793333333333337, 31.373333333333335 ], [ 76.793333333333337, 31.376666666666665 ], [ 76.796666666666667, 31.376666666666665 ], [ 76.796666666666667, 31.396666666666668 ], [ 76.78, 31.396666666666668 ], [ 76.78, 31.39 ], [ 76.776666666666671, 31.39 ], [ 76.776666666666671, 31.393333333333334 ], [ 76.773333333333341, 31.393333333333334 ], [ 76.773333333333341, 31.396666666666668 ], [ 76.776666666666671, 31.396666666666668 ], [ 76.776666666666671, 31.41 ], [ 76.77, 31.41 ], [ 76.77, 31.413333333333334 ], [ 76.786666666666662, 31.413333333333334 ], [ 76.786666666666662, 31.426666666666666 ], [ 76.793333333333337, 31.426666666666666 ], [ 76.793333333333337, 31.433333333333334 ], [ 76.796666666666667, 31.433333333333334 ], [ 76.796666666666667, 31.426666666666666 ], [ 76.8, 31.426666666666666 ], [ 76.8, 31.42 ], [ 76.813333333333333, 31.42 ], [ 76.813333333333333, 31.43 ], [ 76.816666666666663, 31.43 ], [ 76.816666666666663, 31.413333333333334 ], [ 76.82, 31.413333333333334 ], [ 76.82, 31.41 ], [ 76.816666666666663, 31.41 ], [ 76.816666666666663, 31.39 ], [ 76.823333333333338, 31.39 ], [ 76.823333333333338, 31.386666666666667 ], [ 76.813333333333333, 31.386666666666667 ], [ 76.813333333333333, 31.383333333333333 ], [ 76.81, 31.383333333333333 ], [ 76.81, 31.366666666666667 ], [ 76.836666666666673, 31.366666666666667 ], [ 76.836666666666673, 31.37 ], [ 76.843333333333334, 31.37 ], [ 76.843333333333334, 31.396666666666668 ], [ 76.84, 31.396666666666668 ], [ 76.84, 31.4 ], [ 76.836666666666673, 31.4 ], [ 76.836666666666673, 31.403333333333332 ], [ 76.83, 31.403333333333332 ], [ 76.83, 31.406666666666666 ], [ 76.833333333333329, 31.406666666666666 ], [ 76.833333333333329, 31.41 ], [ 76.846666666666664, 31.41 ], [ 76.846666666666664, 31.433333333333334 ], [ 76.823333333333338, 31.433333333333334 ], [ 76.823333333333338, 31.436666666666667 ], [ 76.826666666666668, 31.436666666666667 ], [ 76.826666666666668, 31.44 ], [ 76.83, 31.44 ], [ 76.83, 31.436666666666667 ], [ 76.853333333333339, 31.436666666666667 ], [ 76.853333333333339, 31.453333333333333 ], [ 76.836666666666673, 31.453333333333333 ], [ 76.836666666666673, 31.456666666666667 ], [ 76.826666666666668, 31.456666666666667 ], [ 76.826666666666668, 31.46 ], [ 76.82, 31.46 ], [ 76.82, 31.463333333333331 ], [ 76.813333333333333, 31.463333333333331 ], [ 76.813333333333333, 31.466666666666665 ], [ 76.81, 31.466666666666665 ], [ 76.81, 31.47 ], [ 76.806666666666672, 31.47 ], [ 76.806666666666672, 31.473333333333333 ], [ 76.793333333333337, 31.473333333333333 ], [ 76.793333333333337, 31.47 ], [ 76.783333333333331, 31.47 ], [ 76.783333333333331, 31.466666666666665 ], [ 76.78, 31.466666666666665 ], [ 76.78, 31.453333333333333 ], [ 76.783333333333331, 31.453333333333333 ], [ 76.783333333333331, 31.45 ], [ 76.773333333333341, 31.45 ], [ 76.773333333333341, 31.433333333333334 ], [ 76.763333333333335, 31.433333333333334 ], [ 76.763333333333335, 31.43 ], [ 76.75333333333333, 31.43 ], [ 76.75333333333333, 31.416666666666668 ], [ 76.74666666666667, 31.416666666666668 ], [ 76.74666666666667, 31.413333333333334 ], [ 76.743333333333339, 31.413333333333334 ], [ 76.743333333333339, 31.416666666666668 ], [ 76.74, 31.416666666666668 ], [ 76.74, 31.42 ], [ 76.736666666666665, 31.42 ], [ 76.736666666666665, 31.426666666666666 ], [ 76.733333333333334, 31.426666666666666 ], [ 76.733333333333334, 31.446666666666665 ], [ 76.73, 31.446666666666665 ], [ 76.73, 31.456666666666667 ], [ 76.726666666666674, 31.456666666666667 ], [ 76.726666666666674, 31.47 ], [ 76.723333333333329, 31.47 ], [ 76.723333333333329, 31.483333333333334 ], [ 76.726666666666674, 31.483333333333334 ], [ 76.726666666666674, 31.496666666666666 ], [ 76.723333333333329, 31.496666666666666 ], [ 76.723333333333329, 31.503333333333334 ], [ 76.726666666666674, 31.503333333333334 ], [ 76.726666666666674, 31.5 ], [ 76.736666666666665, 31.5 ], [ 76.736666666666665, 31.493333333333332 ], [ 76.756666666666661, 31.493333333333332 ], [ 76.756666666666661, 31.496666666666666 ], [ 76.76, 31.496666666666666 ], [ 76.76, 31.5 ], [ 76.773333333333341, 31.5 ], [ 76.773333333333341, 31.506666666666668 ], [ 76.776666666666671, 31.506666666666668 ], [ 76.776666666666671, 31.52 ], [ 76.773333333333341, 31.52 ], [ 76.773333333333341, 31.526666666666667 ], [ 76.77, 31.526666666666667 ], [ 76.77, 31.53 ], [ 76.773333333333341, 31.53 ], [ 76.773333333333341, 31.536666666666665 ], [ 76.78, 31.536666666666665 ], [ 76.78, 31.55 ], [ 76.776666666666671, 31.55 ], [ 76.776666666666671, 31.566666666666666 ], [ 76.76, 31.566666666666666 ], [ 76.76, 31.573333333333334 ], [ 76.75333333333333, 31.573333333333334 ], [ 76.75333333333333, 31.576666666666668 ], [ 76.76, 31.576666666666668 ], [ 76.76, 31.593333333333334 ], [ 76.756666666666661, 31.593333333333334 ], [ 76.756666666666661, 31.61 ], [ 76.74666666666667, 31.61 ], [ 76.74666666666667, 31.613333333333333 ], [ 76.743333333333339, 31.613333333333333 ], [ 76.743333333333339, 31.623333333333335 ], [ 76.75, 31.623333333333335 ], [ 76.75, 31.636666666666667 ], [ 76.74666666666667, 31.636666666666667 ], [ 76.74666666666667, 31.64 ], [ 76.75, 31.64 ], [ 76.75, 31.656666666666666 ], [ 76.74666666666667, 31.656666666666666 ], [ 76.74666666666667, 31.67 ], [ 76.743333333333339, 31.67 ], [ 76.743333333333339, 31.676666666666666 ], [ 76.74666666666667, 31.676666666666666 ], [ 76.74666666666667, 31.693333333333332 ], [ 76.743333333333339, 31.693333333333332 ], [ 76.743333333333339, 31.7 ], [ 76.74, 31.7 ], [ 76.74, 31.703333333333333 ], [ 76.736666666666665, 31.703333333333333 ], [ 76.736666666666665, 31.71 ], [ 76.733333333333334, 31.71 ], [ 76.733333333333334, 31.73 ], [ 76.73, 31.73 ], [ 76.73, 31.736666666666665 ], [ 76.736666666666665, 31.736666666666665 ], [ 76.736666666666665, 31.74 ], [ 76.743333333333339, 31.74 ], [ 76.743333333333339, 31.743333333333332 ], [ 76.74666666666667, 31.743333333333332 ], [ 76.74666666666667, 31.746666666666666 ], [ 76.75, 31.746666666666666 ], [ 76.75, 31.756666666666668 ], [ 76.75333333333333, 31.756666666666668 ], [ 76.75333333333333, 31.74 ], [ 76.773333333333341, 31.74 ], [ 76.773333333333341, 31.753333333333334 ], [ 76.77, 31.753333333333334 ], [ 76.77, 31.756666666666668 ], [ 76.766666666666666, 31.756666666666668 ], [ 76.766666666666666, 31.76 ], [ 76.76, 31.76 ], [ 76.76, 31.776666666666667 ], [ 76.75333333333333, 31.776666666666667 ], [ 76.75333333333333, 31.78 ], [ 76.75, 31.78 ], [ 76.75, 31.796666666666667 ], [ 76.733333333333334, 31.796666666666667 ], [ 76.733333333333334, 31.793333333333333 ], [ 76.73, 31.793333333333333 ], [ 76.73, 31.796666666666667 ], [ 76.723333333333329, 31.796666666666667 ], [ 76.723333333333329, 31.8 ], [ 76.733333333333334, 31.8 ], [ 76.733333333333334, 31.816666666666666 ], [ 76.696666666666673, 31.816666666666666 ], [ 76.696666666666673, 31.803333333333335 ], [ 76.69, 31.803333333333335 ], [ 76.69, 31.793333333333333 ], [ 76.686666666666667, 31.793333333333333 ], [ 76.686666666666667, 31.773333333333333 ], [ 76.69, 31.773333333333333 ], [ 76.69, 31.766666666666666 ], [ 76.676666666666662, 31.766666666666666 ], [ 76.676666666666662, 31.773333333333333 ], [ 76.673333333333332, 31.773333333333333 ], [ 76.673333333333332, 31.78 ], [ 76.663333333333327, 31.78 ], [ 76.663333333333327, 31.783333333333331 ], [ 76.66, 31.783333333333331 ], [ 76.66, 31.8 ], [ 76.656666666666666, 31.8 ], [ 76.656666666666666, 31.813333333333333 ], [ 76.653333333333336, 31.813333333333333 ], [ 76.653333333333336, 31.816666666666666 ], [ 76.63333333333334, 31.816666666666666 ], [ 76.63333333333334, 31.813333333333333 ], [ 76.623333333333335, 31.813333333333333 ], [ 76.623333333333335, 31.82 ], [ 76.63, 31.82 ], [ 76.63, 31.846666666666668 ], [ 76.626666666666665, 31.846666666666668 ], [ 76.626666666666665, 31.85 ], [ 76.656666666666666, 31.85 ], [ 76.656666666666666, 31.846666666666668 ], [ 76.683333333333337, 31.846666666666668 ], [ 76.683333333333337, 31.833333333333332 ], [ 76.736666666666665, 31.833333333333332 ], [ 76.736666666666665, 31.836666666666666 ], [ 76.743333333333339, 31.836666666666666 ], [ 76.743333333333339, 31.843333333333334 ], [ 76.74666666666667, 31.843333333333334 ], [ 76.74666666666667, 31.833333333333332 ], [ 76.75333333333333, 31.833333333333332 ], [ 76.75333333333333, 31.826666666666668 ], [ 76.77, 31.826666666666668 ], [ 76.77, 31.833333333333332 ], [ 76.773333333333341, 31.833333333333332 ], [ 76.773333333333341, 31.85 ], [ 76.766666666666666, 31.85 ], [ 76.766666666666666, 31.856666666666666 ], [ 76.733333333333334, 31.856666666666666 ], [ 76.733333333333334, 31.86 ], [ 76.726666666666674, 31.86 ], [ 76.726666666666674, 31.863333333333333 ], [ 76.723333333333329, 31.863333333333333 ], [ 76.723333333333329, 31.873333333333335 ], [ 76.71, 31.873333333333335 ], [ 76.71, 31.87 ], [ 76.706666666666663, 31.87 ], [ 76.706666666666663, 31.873333333333335 ], [ 76.693333333333328, 31.873333333333335 ], [ 76.693333333333328, 31.866666666666667 ], [ 76.68, 31.866666666666667 ], [ 76.68, 31.876666666666665 ], [ 76.693333333333328, 31.876666666666665 ], [ 76.693333333333328, 31.88 ], [ 76.696666666666673, 31.88 ], [ 76.696666666666673, 31.893333333333334 ], [ 76.693333333333328, 31.893333333333334 ], [ 76.693333333333328, 31.896666666666668 ], [ 76.676666666666662, 31.896666666666668 ], [ 76.676666666666662, 31.88 ], [ 76.666666666666671, 31.88 ], [ 76.666666666666671, 31.883333333333333 ], [ 76.67, 31.883333333333333 ], [ 76.67, 31.906666666666666 ], [ 76.663333333333327, 31.906666666666666 ], [ 76.663333333333327, 31.91 ], [ 76.66, 31.91 ], [ 76.66, 31.913333333333334 ], [ 76.61333333333333, 31.913333333333334 ], [ 76.61333333333333, 31.916666666666668 ], [ 76.603333333333339, 31.916666666666668 ], [ 76.603333333333339, 31.92 ], [ 76.596666666666664, 31.92 ], [ 76.596666666666664, 31.923333333333332 ], [ 76.593333333333334, 31.923333333333332 ], [ 76.593333333333334, 31.926666666666666 ], [ 76.59, 31.926666666666666 ], [ 76.59, 31.94 ], [ 76.586666666666673, 31.94 ], [ 76.586666666666673, 31.943333333333335 ], [ 76.57, 31.943333333333335 ], [ 76.57, 31.94 ], [ 76.566666666666663, 31.94 ], [ 76.566666666666663, 31.943333333333335 ], [ 76.56, 31.943333333333335 ], [ 76.56, 31.95 ], [ 76.553333333333327, 31.95 ], [ 76.553333333333327, 31.96 ], [ 76.566666666666663, 31.96 ], [ 76.566666666666663, 31.973333333333333 ], [ 76.57, 31.973333333333333 ], [ 76.57, 31.983333333333334 ], [ 76.573333333333338, 31.983333333333334 ], [ 76.573333333333338, 31.986666666666665 ], [ 76.576666666666668, 31.986666666666665 ], [ 76.576666666666668, 32.013333333333335 ], [ 76.573333333333338, 32.013333333333335 ], [ 76.573333333333338, 32.016666666666666 ], [ 76.57, 32.016666666666666 ], [ 76.57, 32.026666666666664 ], [ 76.563333333333333, 32.026666666666664 ], [ 76.563333333333333, 32.033333333333331 ], [ 76.566666666666663, 32.033333333333331 ], [ 76.566666666666663, 32.03 ], [ 76.58, 32.03 ], [ 76.58, 32.026666666666664 ], [ 76.586666666666673, 32.026666666666664 ], [ 76.586666666666673, 32.023333333333333 ], [ 76.59, 32.023333333333333 ], [ 76.59, 32.02 ], [ 76.596666666666664, 32.02 ], [ 76.596666666666664, 32.016666666666666 ], [ 76.603333333333339, 32.016666666666666 ], [ 76.603333333333339, 32.013333333333335 ], [ 76.606666666666669, 32.013333333333335 ], [ 76.606666666666669, 32.01 ], [ 76.61333333333333, 32.01 ], [ 76.61333333333333, 32.006666666666668 ], [ 76.61666666666666, 32.006666666666668 ], [ 76.61666666666666, 32.0 ], [ 76.623333333333335, 32.0 ], [ 76.623333333333335, 31.996666666666666 ], [ 76.626666666666665, 31.996666666666666 ], [ 76.626666666666665, 31.993333333333332 ], [ 76.63, 31.993333333333332 ], [ 76.63, 31.99 ], [ 76.63333333333334, 31.99 ], [ 76.63333333333334, 31.986666666666665 ], [ 76.646666666666661, 31.986666666666665 ], [ 76.646666666666661, 31.98 ], [ 76.63333333333334, 31.98 ], [ 76.63333333333334, 31.983333333333334 ], [ 76.62, 31.983333333333334 ], [ 76.62, 31.993333333333332 ], [ 76.606666666666669, 31.993333333333332 ], [ 76.606666666666669, 31.98 ], [ 76.62, 31.98 ], [ 76.62, 31.966666666666665 ], [ 76.623333333333335, 31.966666666666665 ], [ 76.623333333333335, 31.963333333333331 ], [ 76.63, 31.963333333333331 ], [ 76.63, 31.96 ], [ 76.623333333333335, 31.96 ], [ 76.623333333333335, 31.956666666666667 ], [ 76.62, 31.956666666666667 ], [ 76.62, 31.96 ], [ 76.606666666666669, 31.96 ], [ 76.606666666666669, 31.936666666666667 ], [ 76.623333333333335, 31.936666666666667 ], [ 76.623333333333335, 31.933333333333334 ], [ 76.63, 31.933333333333334 ], [ 76.63, 31.923333333333332 ], [ 76.663333333333327, 31.923333333333332 ], [ 76.663333333333327, 31.926666666666666 ], [ 76.673333333333332, 31.926666666666666 ], [ 76.673333333333332, 31.943333333333335 ], [ 76.67, 31.943333333333335 ], [ 76.67, 31.946666666666665 ], [ 76.666666666666671, 31.946666666666665 ], [ 76.666666666666671, 31.95 ], [ 76.663333333333327, 31.95 ], [ 76.663333333333327, 31.956666666666667 ], [ 76.66, 31.956666666666667 ], [ 76.66, 31.963333333333331 ], [ 76.656666666666666, 31.963333333333331 ], [ 76.656666666666666, 31.966666666666665 ], [ 76.663333333333327, 31.966666666666665 ], [ 76.663333333333327, 31.963333333333331 ], [ 76.666666666666671, 31.963333333333331 ], [ 76.666666666666671, 31.956666666666667 ], [ 76.67, 31.956666666666667 ], [ 76.67, 31.953333333333333 ], [ 76.673333333333332, 31.953333333333333 ], [ 76.673333333333332, 31.95 ], [ 76.676666666666662, 31.95 ], [ 76.676666666666662, 31.946666666666665 ], [ 76.683333333333337, 31.946666666666665 ], [ 76.683333333333337, 31.943333333333335 ], [ 76.686666666666667, 31.943333333333335 ], [ 76.686666666666667, 31.933333333333334 ], [ 76.69, 31.933333333333334 ], [ 76.69, 31.93 ], [ 76.7, 31.93 ], [ 76.7, 31.926666666666666 ], [ 76.713333333333338, 31.926666666666666 ], [ 76.713333333333338, 31.93 ], [ 76.716666666666669, 31.93 ], [ 76.716666666666669, 31.946666666666665 ], [ 76.713333333333338, 31.946666666666665 ], [ 76.713333333333338, 31.96 ], [ 76.71, 31.96 ], [ 76.71, 31.966666666666665 ], [ 76.7, 31.966666666666665 ], [ 76.7, 31.976666666666667 ], [ 76.696666666666673, 31.976666666666667 ], [ 76.696666666666673, 32.0 ], [ 76.693333333333328, 32.0 ], [ 76.693333333333328, 32.006666666666668 ], [ 76.683333333333337, 32.006666666666668 ], [ 76.683333333333337, 32.01 ], [ 76.68, 32.01 ], [ 76.68, 32.016666666666666 ], [ 76.676666666666662, 32.016666666666666 ], [ 76.676666666666662, 32.02 ], [ 76.673333333333332, 32.02 ], [ 76.673333333333332, 32.023333333333333 ], [ 76.67, 32.023333333333333 ], [ 76.67, 32.026666666666664 ], [ 76.666666666666671, 32.026666666666664 ], [ 76.666666666666671, 32.03 ], [ 76.663333333333327, 32.03 ], [ 76.663333333333327, 32.033333333333331 ], [ 76.66, 32.033333333333331 ], [ 76.66, 32.043333333333337 ], [ 76.656666666666666, 32.043333333333337 ], [ 76.656666666666666, 32.05 ], [ 76.66, 32.05 ], [ 76.66, 32.046666666666667 ], [ 76.663333333333327, 32.046666666666667 ], [ 76.663333333333327, 32.043333333333337 ], [ 76.666666666666671, 32.043333333333337 ], [ 76.666666666666671, 32.036666666666669 ], [ 76.67, 32.036666666666669 ], [ 76.67, 32.033333333333331 ], [ 76.673333333333332, 32.033333333333331 ], [ 76.673333333333332, 32.03 ], [ 76.68, 32.03 ], [ 76.68, 32.026666666666664 ], [ 76.696666666666673, 32.026666666666664 ], [ 76.696666666666673, 32.023333333333333 ], [ 76.7, 32.023333333333333 ], [ 76.7, 32.02 ], [ 76.703333333333333, 32.02 ], [ 76.703333333333333, 32.006666666666668 ], [ 76.706666666666663, 32.006666666666668 ], [ 76.706666666666663, 32.00333333333333 ], [ 76.713333333333338, 32.00333333333333 ], [ 76.713333333333338, 32.0 ], [ 76.72, 32.0 ], [ 76.72, 31.996666666666666 ], [ 76.726666666666674, 31.996666666666666 ], [ 76.726666666666674, 31.993333333333332 ], [ 76.733333333333334, 31.993333333333332 ], [ 76.733333333333334, 31.99 ], [ 76.74, 31.99 ], [ 76.74, 31.983333333333334 ], [ 76.743333333333339, 31.983333333333334 ], [ 76.743333333333339, 31.98 ], [ 76.74666666666667, 31.98 ], [ 76.74666666666667, 31.976666666666667 ], [ 76.75333333333333, 31.976666666666667 ], [ 76.75333333333333, 31.973333333333333 ], [ 76.756666666666661, 31.973333333333333 ], [ 76.756666666666661, 31.97 ], [ 76.76, 31.97 ], [ 76.76, 31.963333333333331 ], [ 76.763333333333335, 31.963333333333331 ], [ 76.763333333333335, 31.96 ], [ 76.77, 31.96 ], [ 76.77, 31.956666666666667 ], [ 76.773333333333341, 31.956666666666667 ], [ 76.773333333333341, 31.953333333333333 ], [ 76.776666666666671, 31.953333333333333 ], [ 76.776666666666671, 31.946666666666665 ], [ 76.78, 31.946666666666665 ], [ 76.78, 31.943333333333335 ], [ 76.783333333333331, 31.943333333333335 ], [ 76.783333333333331, 31.933333333333334 ], [ 76.786666666666662, 31.933333333333334 ], [ 76.786666666666662, 31.923333333333332 ], [ 76.79, 31.923333333333332 ], [ 76.79, 31.92 ], [ 76.8, 31.92 ], [ 76.8, 31.913333333333334 ], [ 76.803333333333327, 31.913333333333334 ], [ 76.803333333333327, 31.896666666666668 ], [ 76.82, 31.896666666666668 ], [ 76.82, 31.916666666666668 ], [ 76.816666666666663, 31.916666666666668 ], [ 76.816666666666663, 31.923333333333332 ], [ 76.813333333333333, 31.923333333333332 ], [ 76.813333333333333, 31.94 ], [ 76.81, 31.94 ], [ 76.81, 31.943333333333335 ], [ 76.806666666666672, 31.943333333333335 ], [ 76.806666666666672, 31.95 ], [ 76.803333333333327, 31.95 ], [ 76.803333333333327, 31.953333333333333 ], [ 76.8, 31.953333333333333 ], [ 76.8, 31.996666666666666 ], [ 76.776666666666671, 31.996666666666666 ], [ 76.776666666666671, 32.0 ], [ 76.77, 32.0 ], [ 76.77, 32.006666666666668 ], [ 76.763333333333335, 32.006666666666668 ], [ 76.763333333333335, 32.01 ], [ 76.76, 32.01 ], [ 76.76, 32.013333333333335 ], [ 76.756666666666661, 32.013333333333335 ], [ 76.756666666666661, 32.016666666666666 ], [ 76.75333333333333, 32.016666666666666 ], [ 76.75333333333333, 32.02 ], [ 76.74666666666667, 32.02 ], [ 76.74666666666667, 32.023333333333333 ], [ 76.743333333333339, 32.023333333333333 ], [ 76.743333333333339, 32.026666666666664 ], [ 76.74, 32.026666666666664 ], [ 76.74, 32.036666666666669 ], [ 76.73, 32.036666666666669 ], [ 76.73, 32.04 ], [ 76.726666666666674, 32.04 ], [ 76.726666666666674, 32.046666666666667 ], [ 76.713333333333338, 32.046666666666667 ], [ 76.713333333333338, 32.05 ], [ 76.71, 32.05 ], [ 76.71, 32.056666666666665 ], [ 76.706666666666663, 32.056666666666665 ], [ 76.706666666666663, 32.07 ], [ 76.693333333333328, 32.07 ], [ 76.693333333333328, 32.066666666666663 ], [ 76.69, 32.066666666666663 ], [ 76.69, 32.07 ], [ 76.67, 32.07 ], [ 76.67, 32.066666666666663 ], [ 76.666666666666671, 32.066666666666663 ], [ 76.666666666666671, 32.063333333333333 ], [ 76.65, 32.063333333333333 ], [ 76.65, 32.06 ], [ 76.646666666666661, 32.06 ], [ 76.646666666666661, 32.063333333333333 ], [ 76.64, 32.063333333333333 ], [ 76.64, 32.066666666666663 ], [ 76.63666666666667, 32.066666666666663 ], [ 76.63666666666667, 32.073333333333331 ], [ 76.63333333333334, 32.073333333333331 ], [ 76.63333333333334, 32.076666666666668 ], [ 76.62, 32.076666666666668 ], [ 76.62, 32.086666666666666 ], [ 76.603333333333339, 32.086666666666666 ], [ 76.603333333333339, 32.083333333333336 ], [ 76.6, 32.083333333333336 ], [ 76.6, 32.086666666666666 ], [ 76.596666666666664, 32.086666666666666 ], [ 76.596666666666664, 32.09 ], [ 76.593333333333334, 32.09 ], [ 76.593333333333334, 32.11333333333333 ], [ 76.59, 32.11333333333333 ], [ 76.59, 32.116666666666667 ], [ 76.586666666666673, 32.116666666666667 ], [ 76.586666666666673, 32.12 ], [ 76.58, 32.12 ], [ 76.58, 32.123333333333335 ], [ 76.55, 32.123333333333335 ], [ 76.55, 32.126666666666665 ], [ 76.546666666666667, 32.126666666666665 ], [ 76.546666666666667, 32.136666666666663 ], [ 76.533333333333331, 32.136666666666663 ], [ 76.533333333333331, 32.13 ], [ 76.53, 32.13 ], [ 76.53, 32.126666666666665 ], [ 76.523333333333341, 32.126666666666665 ], [ 76.523333333333341, 32.123333333333335 ], [ 76.51, 32.123333333333335 ], [ 76.51, 32.12 ], [ 76.506666666666661, 32.12 ], [ 76.506666666666661, 32.116666666666667 ], [ 76.50333333333333, 32.116666666666667 ], [ 76.50333333333333, 32.12 ], [ 76.49666666666667, 32.12 ], [ 76.49666666666667, 32.13 ], [ 76.493333333333339, 32.13 ], [ 76.493333333333339, 32.133333333333333 ], [ 76.486666666666665, 32.133333333333333 ], [ 76.486666666666665, 32.136666666666663 ], [ 76.483333333333334, 32.136666666666663 ], [ 76.483333333333334, 32.153333333333336 ], [ 76.473333333333329, 32.153333333333336 ], [ 76.473333333333329, 32.156666666666666 ], [ 76.46, 32.156666666666666 ], [ 76.46, 32.163333333333334 ], [ 76.443333333333328, 32.163333333333334 ], [ 76.443333333333328, 32.16 ], [ 76.43, 32.16 ], [ 76.43, 32.163333333333334 ], [ 76.416666666666671, 32.163333333333334 ], [ 76.416666666666671, 32.166666666666664 ], [ 76.413333333333327, 32.166666666666664 ], [ 76.413333333333327, 32.18 ], [ 76.4, 32.18 ], [ 76.4, 32.18333333333333 ], [ 76.396666666666661, 32.18333333333333 ], [ 76.396666666666661, 32.186666666666667 ], [ 76.39, 32.186666666666667 ], [ 76.39, 32.193333333333335 ], [ 76.38666666666667, 32.193333333333335 ], [ 76.38666666666667, 32.196666666666665 ], [ 76.376666666666665, 32.196666666666665 ], [ 76.376666666666665, 32.2 ], [ 76.373333333333335, 32.2 ], [ 76.373333333333335, 32.21 ], [ 76.37, 32.21 ], [ 76.37, 32.213333333333331 ], [ 76.36666666666666, 32.213333333333331 ], [ 76.36666666666666, 32.216666666666669 ], [ 76.353333333333339, 32.216666666666669 ], [ 76.353333333333339, 32.213333333333331 ], [ 76.333333333333329, 32.213333333333331 ], [ 76.333333333333329, 32.216666666666669 ], [ 76.33, 32.216666666666669 ], [ 76.33, 32.22 ], [ 76.316666666666663, 32.22 ], [ 76.316666666666663, 32.213333333333331 ], [ 76.313333333333333, 32.213333333333331 ], [ 76.313333333333333, 32.21 ], [ 76.303333333333327, 32.21 ], [ 76.303333333333327, 32.206666666666663 ], [ 76.3, 32.206666666666663 ], [ 76.3, 32.216666666666669 ], [ 76.293333333333337, 32.216666666666669 ], [ 76.293333333333337, 32.22 ], [ 76.276666666666671, 32.22 ], [ 76.276666666666671, 32.223333333333336 ], [ 76.263333333333335, 32.223333333333336 ], [ 76.263333333333335, 32.22 ], [ 76.26, 32.22 ], [ 76.26, 32.223333333333336 ], [ 76.24, 32.223333333333336 ], [ 76.24, 32.23 ], [ 76.21, 32.23 ], [ 76.21, 32.233333333333334 ], [ 76.19, 32.233333333333334 ], [ 76.19, 32.23 ], [ 76.183333333333337, 32.23 ], [ 76.183333333333337, 32.233333333333334 ], [ 76.18, 32.233333333333334 ], [ 76.18, 32.24 ], [ 76.166666666666671, 32.24 ], [ 76.166666666666671, 32.236666666666665 ], [ 76.16, 32.236666666666665 ], [ 76.16, 32.24 ], [ 76.156666666666666, 32.24 ], [ 76.156666666666666, 32.24666666666667 ], [ 76.14, 32.24666666666667 ], [ 76.14, 32.236666666666665 ], [ 76.13666666666667, 32.236666666666665 ], [ 76.13666666666667, 32.233333333333334 ], [ 76.106666666666669, 32.233333333333334 ], [ 76.106666666666669, 32.236666666666665 ], [ 76.11666666666666, 32.236666666666665 ], [ 76.11666666666666, 32.25 ], [ 76.093333333333334, 32.25 ], [ 76.093333333333334, 32.24666666666667 ], [ 76.086666666666673, 32.24666666666667 ], [ 76.086666666666673, 32.25 ], [ 76.083333333333329, 32.25 ], [ 76.083333333333329, 32.25333333333333 ], [ 76.08, 32.25333333333333 ], [ 76.08, 32.256666666666668 ], [ 76.073333333333338, 32.256666666666668 ], [ 76.073333333333338, 32.266666666666666 ], [ 76.07, 32.266666666666666 ], [ 76.07, 32.273333333333333 ], [ 76.05, 32.273333333333333 ], [ 76.05, 32.27 ], [ 76.043333333333337, 32.27 ], [ 76.043333333333337, 32.266666666666666 ], [ 76.04, 32.266666666666666 ], [ 76.04, 32.263333333333335 ], [ 76.036666666666662, 32.263333333333335 ], [ 76.036666666666662, 32.266666666666666 ], [ 76.03, 32.266666666666666 ], [ 76.03, 32.27 ], [ 76.013333333333335, 32.27 ], [ 76.013333333333335, 32.273333333333333 ], [ 76.01, 32.273333333333333 ], [ 76.01, 32.276666666666664 ], [ 76.006666666666661, 32.276666666666664 ], [ 76.006666666666661, 32.283333333333331 ], [ 76.00333333333333, 32.283333333333331 ], [ 76.00333333333333, 32.29 ], [ 76.0, 32.29 ], [ 76.0, 32.296666666666667 ], [ 75.99666666666667, 32.296666666666667 ], [ 75.99666666666667, 32.3 ], [ 75.993333333333339, 32.3 ], [ 75.993333333333339, 32.303333333333335 ], [ 75.986666666666665, 32.303333333333335 ], [ 75.986666666666665, 32.306666666666665 ], [ 75.99666666666667, 32.306666666666665 ], [ 75.99666666666667, 32.31 ], [ 76.00333333333333, 32.31 ], [ 76.00333333333333, 32.336666666666666 ], [ 76.0, 32.336666666666666 ], [ 76.0, 32.34 ], [ 75.99666666666667, 32.34 ], [ 75.99666666666667, 32.343333333333334 ], [ 75.993333333333339, 32.343333333333334 ], [ 75.993333333333339, 32.346666666666664 ], [ 75.99, 32.346666666666664 ], [ 75.99, 32.353333333333332 ], [ 75.986666666666665, 32.353333333333332 ], [ 75.986666666666665, 32.356666666666669 ], [ 75.973333333333329, 32.356666666666669 ], [ 75.973333333333329, 32.34 ], [ 75.976666666666674, 32.34 ], [ 75.976666666666674, 32.33 ], [ 75.97, 32.33 ], [ 75.97, 32.326666666666668 ], [ 75.966666666666669, 32.326666666666668 ], [ 75.966666666666669, 32.333333333333336 ], [ 75.963333333333338, 32.333333333333336 ], [ 75.963333333333338, 32.34 ], [ 75.96, 32.34 ], [ 75.96, 32.35 ], [ 75.956666666666663, 32.35 ], [ 75.956666666666663, 32.356666666666669 ], [ 75.953333333333333, 32.356666666666669 ], [ 75.953333333333333, 32.36 ], [ 75.95, 32.36 ], [ 75.95, 32.38 ], [ 75.943333333333328, 32.38 ], [ 75.943333333333328, 32.38666666666667 ], [ 75.94, 32.38666666666667 ], [ 75.94, 32.39 ], [ 75.936666666666667, 32.39 ], [ 75.936666666666667, 32.396666666666668 ], [ 75.926666666666662, 32.396666666666668 ], [ 75.926666666666662, 32.4 ], [ 75.923333333333332, 32.4 ], [ 75.923333333333332, 32.403333333333336 ], [ 75.92, 32.403333333333336 ], [ 75.92, 32.406666666666666 ], [ 75.916666666666671, 32.406666666666666 ], [ 75.916666666666671, 32.41 ], [ 75.913333333333327, 32.41 ], [ 75.913333333333327, 32.416666666666664 ], [ 75.91, 32.416666666666664 ], [ 75.91, 32.43 ], [ 75.903333333333336, 32.43 ], [ 75.903333333333336, 32.43333333333333 ], [ 75.9, 32.43333333333333 ], [ 75.9, 32.44 ], [ 75.896666666666661, 32.44 ], [ 75.896666666666661, 32.443333333333335 ], [ 75.893333333333331, 32.443333333333335 ], [ 75.893333333333331, 32.446666666666665 ], [ 75.89, 32.446666666666665 ], [ 75.89, 32.453333333333333 ], [ 75.88333333333334, 32.453333333333333 ], [ 75.88333333333334, 32.456666666666663 ], [ 75.88, 32.456666666666663 ], [ 75.88, 32.46 ], [ 75.876666666666665, 32.46 ], [ 75.876666666666665, 32.463333333333331 ], [ 75.873333333333335, 32.463333333333331 ], [ 75.873333333333335, 32.466666666666669 ], [ 75.87, 32.466666666666669 ], [ 75.87, 32.47 ], [ 75.86666666666666, 32.47 ], [ 75.86666666666666, 32.473333333333336 ], [ 75.86333333333333, 32.473333333333336 ], [ 75.86333333333333, 32.476666666666667 ], [ 75.856666666666669, 32.476666666666667 ], [ 75.856666666666669, 32.48 ], [ 75.853333333333339, 32.48 ], [ 75.853333333333339, 32.483333333333334 ], [ 75.85, 32.483333333333334 ], [ 75.85, 32.486666666666665 ], [ 75.846666666666664, 32.486666666666665 ], [ 75.846666666666664, 32.493333333333332 ], [ 75.843333333333334, 32.493333333333332 ], [ 75.843333333333334, 32.49666666666667 ], [ 75.84, 32.49666666666667 ], [ 75.84, 32.5 ], [ 75.836666666666673, 32.5 ], [ 75.836666666666673, 32.513333333333335 ], [ 75.843333333333334, 32.513333333333335 ], [ 75.843333333333334, 32.51 ], [ 75.85, 32.51 ], [ 75.85, 32.50333333333333 ], [ 75.853333333333339, 32.50333333333333 ], [ 75.853333333333339, 32.5 ], [ 75.856666666666669, 32.5 ], [ 75.856666666666669, 32.493333333333332 ], [ 75.86333333333333, 32.493333333333332 ], [ 75.86333333333333, 32.49 ], [ 75.86666666666666, 32.49 ], [ 75.86666666666666, 32.486666666666665 ], [ 75.87, 32.486666666666665 ], [ 75.87, 32.483333333333334 ], [ 75.873333333333335, 32.483333333333334 ], [ 75.873333333333335, 32.48 ], [ 75.876666666666665, 32.48 ], [ 75.876666666666665, 32.476666666666667 ], [ 75.88, 32.476666666666667 ], [ 75.88, 32.473333333333336 ], [ 75.88333333333334, 32.473333333333336 ], [ 75.88333333333334, 32.47 ], [ 75.896666666666661, 32.47 ], [ 75.896666666666661, 32.483333333333334 ], [ 75.893333333333331, 32.483333333333334 ], [ 75.893333333333331, 32.49 ], [ 75.89, 32.49 ], [ 75.89, 32.50333333333333 ], [ 75.88666666666667, 32.50333333333333 ], [ 75.88666666666667, 32.506666666666668 ], [ 75.873333333333335, 32.506666666666668 ], [ 75.873333333333335, 32.51 ], [ 75.88, 32.51 ], [ 75.88, 32.523333333333333 ], [ 75.876666666666665, 32.523333333333333 ], [ 75.876666666666665, 32.526666666666664 ], [ 75.873333333333335, 32.526666666666664 ], [ 75.873333333333335, 32.546666666666667 ], [ 75.86, 32.546666666666667 ], [ 75.86, 32.55 ], [ 75.86333333333333, 32.55 ], [ 75.86333333333333, 32.553333333333335 ], [ 75.88, 32.553333333333335 ], [ 75.88, 32.576666666666668 ], [ 75.86333333333333, 32.576666666666668 ], [ 75.86333333333333, 32.573333333333331 ], [ 75.86, 32.573333333333331 ], [ 75.86, 32.57 ], [ 75.843333333333334, 32.57 ], [ 75.843333333333334, 32.56 ], [ 75.83, 32.56 ], [ 75.83, 32.556666666666665 ], [ 75.826666666666668, 32.556666666666665 ], [ 75.826666666666668, 32.56 ], [ 75.823333333333338, 32.56 ], [ 75.823333333333338, 32.563333333333333 ], [ 75.81, 32.563333333333333 ], [ 75.81, 32.543333333333337 ], [ 75.83, 32.543333333333337 ], [ 75.83, 32.546666666666667 ], [ 75.833333333333329, 32.546666666666667 ], [ 75.833333333333329, 32.543333333333337 ], [ 75.846666666666664, 32.543333333333337 ], [ 75.846666666666664, 32.536666666666669 ], [ 75.84, 32.536666666666669 ], [ 75.84, 32.533333333333331 ], [ 75.833333333333329, 32.533333333333331 ], [ 75.833333333333329, 32.516666666666666 ], [ 75.82, 32.516666666666666 ], [ 75.82, 32.523333333333333 ], [ 75.813333333333333, 32.523333333333333 ], [ 75.813333333333333, 32.526666666666664 ], [ 75.806666666666672, 32.526666666666664 ], [ 75.806666666666672, 32.53 ], [ 75.803333333333327, 32.53 ], [ 75.803333333333327, 32.543333333333337 ], [ 75.79, 32.543333333333337 ], [ 75.79, 32.54 ], [ 75.786666666666662, 32.54 ], [ 75.786666666666662, 32.536666666666669 ], [ 75.766666666666666, 32.536666666666669 ], [ 75.766666666666666, 32.54 ], [ 75.763333333333335, 32.54 ], [ 75.763333333333335, 32.543333333333337 ], [ 75.76, 32.543333333333337 ], [ 75.76, 32.553333333333335 ], [ 75.743333333333339, 32.553333333333335 ], [ 75.743333333333339, 32.55 ], [ 75.726666666666674, 32.55 ], [ 75.726666666666674, 32.543333333333337 ], [ 75.706666666666663, 32.543333333333337 ], [ 75.706666666666663, 32.54 ], [ 75.7, 32.54 ], [ 75.7, 32.543333333333337 ], [ 75.696666666666673, 32.543333333333337 ], [ 75.696666666666673, 32.55 ], [ 75.693333333333328, 32.55 ], [ 75.693333333333328, 32.553333333333335 ], [ 75.69, 32.553333333333335 ], [ 75.69, 32.556666666666665 ], [ 75.683333333333337, 32.556666666666665 ], [ 75.683333333333337, 32.56 ], [ 75.68, 32.56 ], [ 75.68, 32.563333333333333 ], [ 75.676666666666662, 32.563333333333333 ], [ 75.676666666666662, 32.566666666666663 ], [ 75.666666666666671, 32.566666666666663 ], [ 75.666666666666671, 32.57 ], [ 75.663333333333327, 32.57 ], [ 75.663333333333327, 32.576666666666668 ], [ 75.66, 32.576666666666668 ], [ 75.66, 32.58 ], [ 75.65, 32.58 ], [ 75.65, 32.583333333333336 ], [ 75.623333333333335, 32.583333333333336 ], [ 75.623333333333335, 32.586666666666666 ], [ 75.62, 32.586666666666666 ], [ 75.62, 32.596666666666664 ], [ 75.623333333333335, 32.596666666666664 ], [ 75.623333333333335, 32.61 ], [ 75.606666666666669, 32.61 ], [ 75.606666666666669, 32.616666666666667 ], [ 75.603333333333339, 32.616666666666667 ], [ 75.603333333333339, 32.62 ], [ 75.596666666666664, 32.62 ], [ 75.596666666666664, 32.623333333333335 ], [ 75.583333333333329, 32.623333333333335 ], [ 75.583333333333329, 32.61 ], [ 75.56, 32.61 ], [ 75.56, 32.616666666666667 ], [ 75.556666666666672, 32.616666666666667 ], [ 75.556666666666672, 32.62 ], [ 75.553333333333327, 32.62 ], [ 75.553333333333327, 32.623333333333335 ], [ 75.543333333333337, 32.623333333333335 ], [ 75.543333333333337, 32.626666666666665 ], [ 75.526666666666671, 32.626666666666665 ], [ 75.526666666666671, 32.63 ], [ 75.516666666666666, 32.63 ], [ 75.516666666666666, 32.633333333333333 ], [ 75.513333333333335, 32.633333333333333 ], [ 75.513333333333335, 32.63666666666667 ], [ 75.506666666666661, 32.63666666666667 ], [ 75.506666666666661, 32.64 ], [ 75.50333333333333, 32.64 ], [ 75.50333333333333, 32.643333333333331 ], [ 75.49, 32.643333333333331 ], [ 75.49, 32.65 ], [ 75.473333333333329, 32.65 ], [ 75.473333333333329, 32.653333333333336 ], [ 75.463333333333338, 32.653333333333336 ], [ 75.463333333333338, 32.656666666666666 ], [ 75.446666666666673, 32.656666666666666 ], [ 75.446666666666673, 32.653333333333336 ], [ 75.44, 32.653333333333336 ], [ 75.44, 32.656666666666666 ], [ 75.426666666666662, 32.656666666666666 ], [ 75.426666666666662, 32.66 ], [ 75.423333333333332, 32.66 ], [ 75.423333333333332, 32.663333333333334 ], [ 75.38666666666667, 32.663333333333334 ], [ 75.38666666666667, 32.666666666666664 ], [ 75.38, 32.666666666666664 ], [ 75.38, 32.673333333333332 ], [ 75.36333333333333, 32.673333333333332 ], [ 75.36333333333333, 32.676666666666669 ], [ 75.36, 32.676666666666669 ], [ 75.36, 32.68 ], [ 75.336666666666673, 32.68 ], [ 75.336666666666673, 32.676666666666669 ], [ 75.333333333333329, 32.676666666666669 ], [ 75.333333333333329, 32.68 ], [ 75.326666666666668, 32.68 ], [ 75.326666666666668, 32.68333333333333 ], [ 75.32, 32.68333333333333 ], [ 75.32, 32.686666666666667 ], [ 75.303333333333327, 32.686666666666667 ], [ 75.303333333333327, 32.69 ], [ 75.29, 32.69 ], [ 75.29, 32.693333333333335 ], [ 75.286666666666662, 32.693333333333335 ], [ 75.286666666666662, 32.696666666666665 ], [ 75.28, 32.696666666666665 ], [ 75.28, 32.7 ], [ 75.276666666666671, 32.7 ], [ 75.276666666666671, 32.703333333333333 ], [ 75.273333333333326, 32.703333333333333 ], [ 75.273333333333326, 32.706666666666663 ], [ 75.24666666666667, 32.706666666666663 ], [ 75.24666666666667, 32.713333333333331 ], [ 75.243333333333339, 32.713333333333331 ], [ 75.243333333333339, 32.716666666666669 ], [ 75.24, 32.716666666666669 ], [ 75.24, 32.72 ], [ 75.236666666666665, 32.72 ], [ 75.236666666666665, 32.723333333333336 ], [ 75.233333333333334, 32.723333333333336 ], [ 75.233333333333334, 32.726666666666667 ], [ 75.226666666666674, 32.726666666666667 ], [ 75.226666666666674, 32.73 ], [ 75.22, 32.73 ], [ 75.22, 32.733333333333334 ], [ 75.213333333333338, 32.733333333333334 ], [ 75.213333333333338, 32.736666666666665 ], [ 75.203333333333333, 32.736666666666665 ], [ 75.203333333333333, 32.74 ], [ 75.2, 32.74 ], [ 75.2, 32.743333333333332 ], [ 75.193333333333328, 32.743333333333332 ], [ 75.193333333333328, 32.74666666666667 ], [ 75.19, 32.74666666666667 ], [ 75.19, 32.75333333333333 ], [ 75.18, 32.75333333333333 ], [ 75.18, 32.756666666666668 ], [ 75.176666666666662, 32.756666666666668 ], [ 75.176666666666662, 32.76 ], [ 75.17, 32.76 ], [ 75.17, 32.763333333333335 ], [ 75.166666666666671, 32.763333333333335 ], [ 75.166666666666671, 32.766666666666666 ], [ 75.163333333333327, 32.766666666666666 ], [ 75.163333333333327, 32.77 ], [ 75.156666666666666, 32.77 ], [ 75.156666666666666, 32.773333333333333 ], [ 75.153333333333336, 32.773333333333333 ], [ 75.153333333333336, 32.783333333333331 ], [ 75.146666666666661, 32.783333333333331 ], [ 75.146666666666661, 32.786666666666669 ], [ 75.126666666666665, 32.786666666666669 ], [ 75.126666666666665, 32.79 ], [ 75.12, 32.79 ], [ 75.12, 32.796666666666667 ], [ 75.11666666666666, 32.796666666666667 ], [ 75.11666666666666, 32.8 ], [ 75.11, 32.8 ], [ 75.11, 32.803333333333335 ], [ 75.106666666666669, 32.803333333333335 ], [ 75.106666666666669, 32.806666666666665 ], [ 75.1, 32.806666666666665 ], [ 75.1, 32.81 ], [ 75.096666666666664, 32.81 ], [ 75.096666666666664, 32.816666666666663 ], [ 75.086666666666673, 32.816666666666663 ], [ 75.086666666666673, 32.82 ], [ 75.083333333333329, 32.82 ], [ 75.083333333333329, 32.823333333333331 ], [ 75.073333333333338, 32.823333333333331 ], [ 75.073333333333338, 32.83 ], [ 75.063333333333333, 32.83 ], [ 75.063333333333333, 32.836666666666666 ], [ 75.056666666666672, 32.836666666666666 ], [ 75.056666666666672, 32.84 ], [ 75.05, 32.84 ], [ 75.05, 32.843333333333334 ], [ 75.046666666666667, 32.843333333333334 ], [ 75.046666666666667, 32.853333333333332 ], [ 75.043333333333337, 32.853333333333332 ], [ 75.043333333333337, 32.856666666666669 ], [ 75.04, 32.856666666666669 ], [ 75.04, 32.86 ], [ 75.026666666666671, 32.86 ], [ 75.026666666666671, 32.86333333333333 ], [ 75.023333333333326, 32.86333333333333 ], [ 75.023333333333326, 32.866666666666667 ], [ 75.02, 32.866666666666667 ], [ 75.02, 32.876666666666665 ], [ 75.0, 32.876666666666665 ] ], [ [ 75.066666666666663, 32.79 ], [ 75.073333333333338, 32.79 ], [ 75.073333333333338, 32.786666666666669 ], [ 75.076666666666668, 32.786666666666669 ], [ 75.076666666666668, 32.783333333333331 ], [ 75.08, 32.783333333333331 ], [ 75.08, 32.78 ], [ 75.073333333333338, 32.78 ], [ 75.073333333333338, 32.783333333333331 ], [ 75.07, 32.783333333333331 ], [ 75.07, 32.786666666666669 ], [ 75.066666666666663, 32.786666666666669 ], [ 75.066666666666663, 32.79 ] ], [ [ 75.023333333333326, 32.783333333333331 ], [ 75.026666666666671, 32.783333333333331 ], [ 75.026666666666671, 32.78 ], [ 75.023333333333326, 32.78 ], [ 75.023333333333326, 32.783333333333331 ] ], [ [ 75.08, 32.78 ], [ 75.083333333333329, 32.78 ], [ 75.083333333333329, 32.776666666666664 ], [ 75.08, 32.776666666666664 ], [ 75.08, 32.78 ] ], [ [ 75.083333333333329, 32.776666666666664 ], [ 75.09, 32.776666666666664 ], [ 75.09, 32.773333333333333 ], [ 75.093333333333334, 32.773333333333333 ], [ 75.093333333333334, 32.77 ], [ 75.096666666666664, 32.77 ], [ 75.096666666666664, 32.766666666666666 ], [ 75.09, 32.766666666666666 ], [ 75.09, 32.75333333333333 ], [ 75.083333333333329, 32.75333333333333 ], [ 75.083333333333329, 32.756666666666668 ], [ 75.08, 32.756666666666668 ], [ 75.08, 32.76 ], [ 75.073333333333338, 32.76 ], [ 75.073333333333338, 32.763333333333335 ], [ 75.083333333333329, 32.763333333333335 ], [ 75.083333333333329, 32.776666666666664 ] ], [ [ 75.026666666666671, 32.773333333333333 ], [ 75.03, 32.773333333333333 ], [ 75.03, 32.77 ], [ 75.026666666666671, 32.77 ], [ 75.026666666666671, 32.773333333333333 ] ], [ [ 75.043333333333337, 32.763333333333335 ], [ 75.046666666666667, 32.763333333333335 ], [ 75.046666666666667, 32.76 ], [ 75.05, 32.76 ], [ 75.05, 32.756666666666668 ], [ 75.043333333333337, 32.756666666666668 ], [ 75.043333333333337, 32.763333333333335 ] ], [ [ 75.09, 32.75333333333333 ], [ 75.093333333333334, 32.75333333333333 ], [ 75.093333333333334, 32.75 ], [ 75.09, 32.75 ], [ 75.09, 32.75333333333333 ] ], [ [ 75.056666666666672, 32.75 ], [ 75.06, 32.75 ], [ 75.06, 32.74666666666667 ], [ 75.056666666666672, 32.74666666666667 ], [ 75.056666666666672, 32.75 ] ], [ [ 75.093333333333334, 32.75 ], [ 75.096666666666664, 32.75 ], [ 75.096666666666664, 32.74666666666667 ], [ 75.103333333333339, 32.74666666666667 ], [ 75.103333333333339, 32.743333333333332 ], [ 75.106666666666669, 32.743333333333332 ], [ 75.106666666666669, 32.74 ], [ 75.11333333333333, 32.74 ], [ 75.11333333333333, 32.736666666666665 ], [ 75.11, 32.736666666666665 ], [ 75.11, 32.723333333333336 ], [ 75.123333333333335, 32.723333333333336 ], [ 75.123333333333335, 32.73 ], [ 75.13, 32.73 ], [ 75.13, 32.726666666666667 ], [ 75.13333333333334, 32.726666666666667 ], [ 75.13333333333334, 32.723333333333336 ], [ 75.14, 32.723333333333336 ], [ 75.14, 32.72 ], [ 75.143333333333331, 32.72 ], [ 75.143333333333331, 32.713333333333331 ], [ 75.13333333333334, 32.713333333333331 ], [ 75.13333333333334, 32.693333333333335 ], [ 75.126666666666665, 32.693333333333335 ], [ 75.126666666666665, 32.696666666666665 ], [ 75.11666666666666, 32.696666666666665 ], [ 75.11666666666666, 32.7 ], [ 75.11333333333333, 32.7 ], [ 75.11333333333333, 32.706666666666663 ], [ 75.11, 32.706666666666663 ], [ 75.11, 32.71 ], [ 75.103333333333339, 32.71 ], [ 75.103333333333339, 32.713333333333331 ], [ 75.106666666666669, 32.713333333333331 ], [ 75.106666666666669, 32.726666666666667 ], [ 75.103333333333339, 32.726666666666667 ], [ 75.103333333333339, 32.73 ], [ 75.096666666666664, 32.73 ], [ 75.096666666666664, 32.733333333333334 ], [ 75.093333333333334, 32.733333333333334 ], [ 75.093333333333334, 32.75 ] ], [ [ 75.06, 32.74666666666667 ], [ 75.063333333333333, 32.74666666666667 ], [ 75.063333333333333, 32.743333333333332 ], [ 75.06, 32.743333333333332 ], [ 75.06, 32.74666666666667 ] ], [ [ 75.15, 32.71 ], [ 75.17, 32.71 ], [ 75.17, 32.706666666666663 ], [ 75.176666666666662, 32.706666666666663 ], [ 75.176666666666662, 32.703333333333333 ], [ 75.19, 32.703333333333333 ], [ 75.19, 32.7 ], [ 75.193333333333328, 32.7 ], [ 75.193333333333328, 32.696666666666665 ], [ 75.203333333333333, 32.696666666666665 ], [ 75.203333333333333, 32.693333333333335 ], [ 75.206666666666663, 32.693333333333335 ], [ 75.206666666666663, 32.69 ], [ 75.21, 32.69 ], [ 75.21, 32.686666666666667 ], [ 75.206666666666663, 32.686666666666667 ], [ 75.206666666666663, 32.676666666666669 ], [ 75.203333333333333, 32.676666666666669 ], [ 75.203333333333333, 32.69 ], [ 75.19, 32.69 ], [ 75.19, 32.686666666666667 ], [ 75.186666666666667, 32.686666666666667 ], [ 75.186666666666667, 32.69 ], [ 75.176666666666662, 32.69 ], [ 75.176666666666662, 32.693333333333335 ], [ 75.173333333333332, 32.693333333333335 ], [ 75.173333333333332, 32.696666666666665 ], [ 75.166666666666671, 32.696666666666665 ], [ 75.166666666666671, 32.7 ], [ 75.163333333333327, 32.7 ], [ 75.163333333333327, 32.703333333333333 ], [ 75.16, 32.703333333333333 ], [ 75.16, 32.706666666666663 ], [ 75.15, 32.706666666666663 ], [ 75.15, 32.71 ] ], [ [ 75.14, 32.693333333333335 ], [ 75.143333333333331, 32.693333333333335 ], [ 75.143333333333331, 32.69 ], [ 75.14, 32.69 ], [ 75.14, 32.693333333333335 ] ], [ [ 75.143333333333331, 32.69 ], [ 75.146666666666661, 32.69 ], [ 75.146666666666661, 32.68333333333333 ], [ 75.143333333333331, 32.68333333333333 ], [ 75.143333333333331, 32.69 ] ], [ [ 75.153333333333336, 32.68333333333333 ], [ 75.156666666666666, 32.68333333333333 ], [ 75.156666666666666, 32.68 ], [ 75.153333333333336, 32.68 ], [ 75.153333333333336, 32.68333333333333 ] ], [ [ 75.24666666666667, 32.66 ], [ 75.25333333333333, 32.66 ], [ 75.25333333333333, 32.656666666666666 ], [ 75.266666666666666, 32.656666666666666 ], [ 75.266666666666666, 32.653333333333336 ], [ 75.28, 32.653333333333336 ], [ 75.28, 32.65 ], [ 75.283333333333331, 32.65 ], [ 75.283333333333331, 32.646666666666668 ], [ 75.3, 32.646666666666668 ], [ 75.3, 32.643333333333331 ], [ 75.31, 32.643333333333331 ], [ 75.31, 32.64 ], [ 75.316666666666663, 32.64 ], [ 75.316666666666663, 32.63666666666667 ], [ 75.33, 32.63666666666667 ], [ 75.33, 32.633333333333333 ], [ 75.336666666666673, 32.633333333333333 ], [ 75.336666666666673, 32.63 ], [ 75.343333333333334, 32.63 ], [ 75.343333333333334, 32.626666666666665 ], [ 75.326666666666668, 32.626666666666665 ], [ 75.326666666666668, 32.62 ], [ 75.323333333333338, 32.62 ], [ 75.323333333333338, 32.616666666666667 ], [ 75.316666666666663, 32.616666666666667 ], [ 75.316666666666663, 32.61333333333333 ], [ 75.313333333333333, 32.61333333333333 ], [ 75.313333333333333, 32.616666666666667 ], [ 75.31, 32.616666666666667 ], [ 75.31, 32.62 ], [ 75.306666666666672, 32.62 ], [ 75.306666666666672, 32.623333333333335 ], [ 75.303333333333327, 32.623333333333335 ], [ 75.303333333333327, 32.626666666666665 ], [ 75.293333333333337, 32.626666666666665 ], [ 75.293333333333337, 32.63 ], [ 75.28, 32.63 ], [ 75.28, 32.626666666666665 ], [ 75.276666666666671, 32.626666666666665 ], [ 75.276666666666671, 32.63 ], [ 75.27, 32.63 ], [ 75.27, 32.633333333333333 ], [ 75.25, 32.633333333333333 ], [ 75.25, 32.64 ], [ 75.243333333333339, 32.64 ], [ 75.243333333333339, 32.643333333333331 ], [ 75.233333333333334, 32.643333333333331 ], [ 75.233333333333334, 32.646666666666668 ], [ 75.24666666666667, 32.646666666666668 ], [ 75.24666666666667, 32.66 ] ], [ [ 75.343333333333334, 32.626666666666665 ], [ 75.35, 32.626666666666665 ], [ 75.35, 32.623333333333335 ], [ 75.343333333333334, 32.623333333333335 ], [ 75.343333333333334, 32.626666666666665 ] ], [ [ 75.36333333333333, 32.616666666666667 ], [ 75.36666666666666, 32.616666666666667 ], [ 75.36666666666666, 32.61333333333333 ], [ 75.38, 32.61333333333333 ], [ 75.38, 32.61 ], [ 75.39, 32.61 ], [ 75.39, 32.606666666666669 ], [ 75.416666666666671, 32.606666666666669 ], [ 75.416666666666671, 32.603333333333332 ], [ 75.423333333333332, 32.603333333333332 ], [ 75.423333333333332, 32.6 ], [ 75.426666666666662, 32.6 ], [ 75.426666666666662, 32.596666666666664 ], [ 75.43, 32.596666666666664 ], [ 75.43, 32.593333333333334 ], [ 75.44, 32.593333333333334 ], [ 75.44, 32.59 ], [ 75.446666666666673, 32.59 ], [ 75.446666666666673, 32.586666666666666 ], [ 75.453333333333333, 32.586666666666666 ], [ 75.453333333333333, 32.583333333333336 ], [ 75.473333333333329, 32.583333333333336 ], [ 75.473333333333329, 32.576666666666668 ], [ 75.476666666666674, 32.576666666666668 ], [ 75.476666666666674, 32.573333333333331 ], [ 75.483333333333334, 32.573333333333331 ], [ 75.483333333333334, 32.57 ], [ 75.486666666666665, 32.57 ], [ 75.486666666666665, 32.566666666666663 ], [ 75.51, 32.566666666666663 ], [ 75.51, 32.563333333333333 ], [ 75.513333333333335, 32.563333333333333 ], [ 75.513333333333335, 32.56 ], [ 75.516666666666666, 32.56 ], [ 75.516666666666666, 32.556666666666665 ], [ 75.533333333333331, 32.556666666666665 ], [ 75.533333333333331, 32.553333333333335 ], [ 75.546666666666667, 32.553333333333335 ], [ 75.546666666666667, 32.55 ], [ 75.556666666666672, 32.55 ], [ 75.556666666666672, 32.546666666666667 ], [ 75.563333333333333, 32.546666666666667 ], [ 75.563333333333333, 32.543333333333337 ], [ 75.57, 32.543333333333337 ], [ 75.57, 32.54 ], [ 75.576666666666668, 32.54 ], [ 75.576666666666668, 32.536666666666669 ], [ 75.59, 32.536666666666669 ], [ 75.59, 32.533333333333331 ], [ 75.61666666666666, 32.533333333333331 ], [ 75.61666666666666, 32.53 ], [ 75.62, 32.53 ], [ 75.62, 32.526666666666664 ], [ 75.623333333333335, 32.526666666666664 ], [ 75.623333333333335, 32.523333333333333 ], [ 75.63, 32.523333333333333 ], [ 75.63, 32.52 ], [ 75.63333333333334, 32.52 ], [ 75.63333333333334, 32.516666666666666 ], [ 75.643333333333331, 32.516666666666666 ], [ 75.643333333333331, 32.513333333333335 ], [ 75.65, 32.513333333333335 ], [ 75.65, 32.51 ], [ 75.656666666666666, 32.51 ], [ 75.656666666666666, 32.506666666666668 ], [ 75.666666666666671, 32.506666666666668 ], [ 75.666666666666671, 32.5 ], [ 75.676666666666662, 32.5 ], [ 75.676666666666662, 32.49666666666667 ], [ 75.68, 32.49666666666667 ], [ 75.68, 32.483333333333334 ], [ 75.686666666666667, 32.483333333333334 ], [ 75.686666666666667, 32.48 ], [ 75.69, 32.48 ], [ 75.69, 32.476666666666667 ], [ 75.693333333333328, 32.476666666666667 ], [ 75.693333333333328, 32.473333333333336 ], [ 75.7, 32.473333333333336 ], [ 75.7, 32.47 ], [ 75.703333333333333, 32.47 ], [ 75.703333333333333, 32.466666666666669 ], [ 75.706666666666663, 32.466666666666669 ], [ 75.706666666666663, 32.463333333333331 ], [ 75.713333333333338, 32.463333333333331 ], [ 75.713333333333338, 32.46 ], [ 75.723333333333329, 32.46 ], [ 75.723333333333329, 32.453333333333333 ], [ 75.726666666666674, 32.453333333333333 ], [ 75.726666666666674, 32.45 ], [ 75.716666666666669, 32.45 ], [ 75.716666666666669, 32.446666666666665 ], [ 75.713333333333338, 32.446666666666665 ], [ 75.713333333333338, 32.436666666666667 ], [ 75.71, 32.436666666666667 ], [ 75.71, 32.44 ], [ 75.706666666666663, 32.44 ], [ 75.706666666666663, 32.443333333333335 ], [ 75.703333333333333, 32.443333333333335 ], [ 75.703333333333333, 32.446666666666665 ], [ 75.7, 32.446666666666665 ], [ 75.7, 32.45 ], [ 75.696666666666673, 32.45 ], [ 75.696666666666673, 32.453333333333333 ], [ 75.693333333333328, 32.453333333333333 ], [ 75.693333333333328, 32.456666666666663 ], [ 75.69, 32.456666666666663 ], [ 75.69, 32.463333333333331 ], [ 75.676666666666662, 32.463333333333331 ], [ 75.676666666666662, 32.466666666666669 ], [ 75.663333333333327, 32.466666666666669 ], [ 75.663333333333327, 32.47 ], [ 75.66, 32.47 ], [ 75.66, 32.473333333333336 ], [ 75.646666666666661, 32.473333333333336 ], [ 75.646666666666661, 32.486666666666665 ], [ 75.63333333333334, 32.486666666666665 ], [ 75.63333333333334, 32.49 ], [ 75.623333333333335, 32.49 ], [ 75.623333333333335, 32.49666666666667 ], [ 75.62, 32.49666666666667 ], [ 75.62, 32.5 ], [ 75.61333333333333, 32.5 ], [ 75.61333333333333, 32.50333333333333 ], [ 75.606666666666669, 32.50333333333333 ], [ 75.606666666666669, 32.51 ], [ 75.603333333333339, 32.51 ], [ 75.603333333333339, 32.513333333333335 ], [ 75.586666666666673, 32.513333333333335 ], [ 75.586666666666673, 32.516666666666666 ], [ 75.563333333333333, 32.516666666666666 ], [ 75.563333333333333, 32.513333333333335 ], [ 75.56, 32.513333333333335 ], [ 75.56, 32.516666666666666 ], [ 75.556666666666672, 32.516666666666666 ], [ 75.556666666666672, 32.523333333333333 ], [ 75.55, 32.523333333333333 ], [ 75.55, 32.526666666666664 ], [ 75.546666666666667, 32.526666666666664 ], [ 75.546666666666667, 32.53 ], [ 75.536666666666662, 32.53 ], [ 75.536666666666662, 32.533333333333331 ], [ 75.533333333333331, 32.533333333333331 ], [ 75.533333333333331, 32.536666666666669 ], [ 75.516666666666666, 32.536666666666669 ], [ 75.516666666666666, 32.533333333333331 ], [ 75.513333333333335, 32.533333333333331 ], [ 75.513333333333335, 32.536666666666669 ], [ 75.51, 32.536666666666669 ], [ 75.51, 32.54 ], [ 75.493333333333339, 32.54 ], [ 75.493333333333339, 32.543333333333337 ], [ 75.49, 32.543333333333337 ], [ 75.49, 32.553333333333335 ], [ 75.476666666666674, 32.553333333333335 ], [ 75.476666666666674, 32.55 ], [ 75.473333333333329, 32.55 ], [ 75.473333333333329, 32.546666666666667 ], [ 75.47, 32.546666666666667 ], [ 75.47, 32.55 ], [ 75.463333333333338, 32.55 ], [ 75.463333333333338, 32.553333333333335 ], [ 75.453333333333333, 32.553333333333335 ], [ 75.453333333333333, 32.56 ], [ 75.45, 32.56 ], [ 75.45, 32.566666666666663 ], [ 75.44, 32.566666666666663 ], [ 75.44, 32.57 ], [ 75.43, 32.57 ], [ 75.43, 32.573333333333331 ], [ 75.42, 32.573333333333331 ], [ 75.42, 32.576666666666668 ], [ 75.413333333333327, 32.576666666666668 ], [ 75.413333333333327, 32.58 ], [ 75.406666666666666, 32.58 ], [ 75.406666666666666, 32.583333333333336 ], [ 75.4, 32.583333333333336 ], [ 75.4, 32.596666666666664 ], [ 75.38, 32.596666666666664 ], [ 75.38, 32.59 ], [ 75.376666666666665, 32.59 ], [ 75.376666666666665, 32.6 ], [ 75.36333333333333, 32.6 ], [ 75.36333333333333, 32.596666666666664 ], [ 75.36, 32.596666666666664 ], [ 75.36, 32.6 ], [ 75.356666666666669, 32.6 ], [ 75.356666666666669, 32.603333333333332 ], [ 75.36333333333333, 32.603333333333332 ], [ 75.36333333333333, 32.616666666666667 ] ], [ [ 75.323333333333338, 32.573333333333331 ], [ 75.33, 32.573333333333331 ], [ 75.33, 32.57 ], [ 75.323333333333338, 32.57 ], [ 75.323333333333338, 32.573333333333331 ] ], [ [ 75.33, 32.57 ], [ 75.333333333333329, 32.57 ], [ 75.333333333333329, 32.566666666666663 ], [ 75.33, 32.566666666666663 ], [ 75.33, 32.57 ] ], [ [ 75.853333333333339, 32.546666666666667 ], [ 75.86, 32.546666666666667 ], [ 75.86, 32.543333333333337 ], [ 75.853333333333339, 32.543333333333337 ], [ 75.853333333333339, 32.546666666666667 ] ], [ [ 75.473333333333329, 32.516666666666666 ], [ 75.476666666666674, 32.516666666666666 ], [ 75.476666666666674, 32.513333333333335 ], [ 75.473333333333329, 32.513333333333335 ], [ 75.473333333333329, 32.516666666666666 ] ], [ [ 75.736666666666665, 32.443333333333335 ], [ 75.74, 32.443333333333335 ], [ 75.74, 32.44 ], [ 75.736666666666665, 32.44 ], [ 75.736666666666665, 32.443333333333335 ] ], [ [ 75.74, 32.44 ], [ 75.743333333333339, 32.44 ], [ 75.743333333333339, 32.436666666666667 ], [ 75.74, 32.436666666666667 ], [ 75.74, 32.44 ] ], [ [ 75.743333333333339, 32.436666666666667 ], [ 75.756666666666661, 32.436666666666667 ], [ 75.756666666666661, 32.43333333333333 ], [ 75.763333333333335, 32.43333333333333 ], [ 75.763333333333335, 32.43 ], [ 75.76, 32.43 ], [ 75.76, 32.423333333333332 ], [ 75.74666666666667, 32.423333333333332 ], [ 75.74666666666667, 32.426666666666669 ], [ 75.743333333333339, 32.426666666666669 ], [ 75.743333333333339, 32.436666666666667 ] ], [ [ 75.723333333333329, 32.43333333333333 ], [ 75.726666666666674, 32.43333333333333 ], [ 75.726666666666674, 32.43 ], [ 75.723333333333329, 32.43 ], [ 75.723333333333329, 32.43333333333333 ] ], [ [ 75.816666666666663, 32.38666666666667 ], [ 75.82, 32.38666666666667 ], [ 75.82, 32.383333333333333 ], [ 75.816666666666663, 32.383333333333333 ], [ 75.816666666666663, 32.38666666666667 ] ], [ [ 75.82, 32.383333333333333 ], [ 75.823333333333338, 32.383333333333333 ], [ 75.823333333333338, 32.38 ], [ 75.82, 32.38 ], [ 75.82, 32.383333333333333 ] ], [ [ 75.85, 32.346666666666664 ], [ 75.853333333333339, 32.346666666666664 ], [ 75.853333333333339, 32.34 ], [ 75.85, 32.34 ], [ 75.85, 32.336666666666666 ], [ 75.846666666666664, 32.336666666666666 ], [ 75.846666666666664, 32.343333333333334 ], [ 75.85, 32.343333333333334 ], [ 75.85, 32.346666666666664 ] ], [ [ 75.906666666666666, 32.25333333333333 ], [ 75.91, 32.25333333333333 ], [ 75.91, 32.25 ], [ 75.906666666666666, 32.25 ], [ 75.906666666666666, 32.25333333333333 ] ], [ [ 75.913333333333327, 32.24666666666667 ], [ 75.916666666666671, 32.24666666666667 ], [ 75.916666666666671, 32.243333333333332 ], [ 75.913333333333327, 32.243333333333332 ], [ 75.913333333333327, 32.24666666666667 ] ], [ [ 75.916666666666671, 32.243333333333332 ], [ 75.92, 32.243333333333332 ], [ 75.92, 32.24 ], [ 75.916666666666671, 32.24 ], [ 75.916666666666671, 32.243333333333332 ] ], [ [ 75.92, 32.24 ], [ 75.923333333333332, 32.24 ], [ 75.923333333333332, 32.236666666666665 ], [ 75.92, 32.236666666666665 ], [ 75.92, 32.24 ] ], [ [ 75.923333333333332, 32.236666666666665 ], [ 75.93, 32.236666666666665 ], [ 75.93, 32.233333333333334 ], [ 75.923333333333332, 32.233333333333334 ], [ 75.923333333333332, 32.236666666666665 ] ], [ [ 75.93, 32.233333333333334 ], [ 75.933333333333337, 32.233333333333334 ], [ 75.933333333333337, 32.23 ], [ 75.93, 32.23 ], [ 75.93, 32.233333333333334 ] ], [ [ 76.03, 32.196666666666665 ], [ 76.033333333333331, 32.196666666666665 ], [ 76.033333333333331, 32.193333333333335 ], [ 76.036666666666662, 32.193333333333335 ], [ 76.036666666666662, 32.19 ], [ 76.04, 32.19 ], [ 76.04, 32.186666666666667 ], [ 76.033333333333331, 32.186666666666667 ], [ 76.033333333333331, 32.19 ], [ 76.03, 32.19 ], [ 76.03, 32.196666666666665 ] ], [ [ 76.046666666666667, 32.173333333333332 ], [ 76.06, 32.173333333333332 ], [ 76.06, 32.17 ], [ 76.063333333333333, 32.17 ], [ 76.063333333333333, 32.163333333333334 ], [ 76.066666666666663, 32.163333333333334 ], [ 76.066666666666663, 32.16 ], [ 76.07, 32.16 ], [ 76.07, 32.153333333333336 ], [ 76.073333333333338, 32.153333333333336 ], [ 76.073333333333338, 32.15 ], [ 76.063333333333333, 32.15 ], [ 76.063333333333333, 32.156666666666666 ], [ 76.056666666666672, 32.156666666666666 ], [ 76.056666666666672, 32.17 ], [ 76.046666666666667, 32.17 ], [ 76.046666666666667, 32.173333333333332 ] ], [ [ 76.146666666666661, 32.156666666666666 ], [ 76.15, 32.156666666666666 ], [ 76.15, 32.15 ], [ 76.16, 32.15 ], [ 76.16, 32.146666666666668 ], [ 76.153333333333336, 32.146666666666668 ], [ 76.153333333333336, 32.133333333333333 ], [ 76.15, 32.133333333333333 ], [ 76.15, 32.136666666666663 ], [ 76.146666666666661, 32.136666666666663 ], [ 76.146666666666661, 32.14 ], [ 76.14, 32.14 ], [ 76.14, 32.146666666666668 ], [ 76.13666666666667, 32.146666666666668 ], [ 76.13666666666667, 32.15 ], [ 76.13333333333334, 32.15 ], [ 76.13333333333334, 32.153333333333336 ], [ 76.146666666666661, 32.153333333333336 ], [ 76.146666666666661, 32.156666666666666 ] ], [ [ 76.18, 32.15 ], [ 76.183333333333337, 32.15 ], [ 76.183333333333337, 32.146666666666668 ], [ 76.18, 32.146666666666668 ], [ 76.18, 32.15 ] ], [ [ 76.43, 32.143333333333331 ], [ 76.433333333333337, 32.143333333333331 ], [ 76.433333333333337, 32.136666666666663 ], [ 76.436666666666667, 32.136666666666663 ], [ 76.436666666666667, 32.13 ], [ 76.443333333333328, 32.13 ], [ 76.443333333333328, 32.126666666666665 ], [ 76.446666666666673, 32.126666666666665 ], [ 76.446666666666673, 32.12 ], [ 76.45, 32.12 ], [ 76.45, 32.116666666666667 ], [ 76.453333333333333, 32.116666666666667 ], [ 76.453333333333333, 32.106666666666669 ], [ 76.456666666666663, 32.106666666666669 ], [ 76.456666666666663, 32.103333333333332 ], [ 76.453333333333333, 32.103333333333332 ], [ 76.453333333333333, 32.093333333333334 ], [ 76.45, 32.093333333333334 ], [ 76.45, 32.096666666666664 ], [ 76.446666666666673, 32.096666666666664 ], [ 76.446666666666673, 32.1 ], [ 76.443333333333328, 32.1 ], [ 76.443333333333328, 32.103333333333332 ], [ 76.44, 32.103333333333332 ], [ 76.44, 32.11 ], [ 76.436666666666667, 32.11 ], [ 76.436666666666667, 32.116666666666667 ], [ 76.433333333333337, 32.116666666666667 ], [ 76.433333333333337, 32.123333333333335 ], [ 76.43, 32.123333333333335 ], [ 76.43, 32.143333333333331 ] ], [ [ 76.153333333333336, 32.133333333333333 ], [ 76.156666666666666, 32.133333333333333 ], [ 76.156666666666666, 32.13 ], [ 76.16, 32.13 ], [ 76.16, 32.123333333333335 ], [ 76.156666666666666, 32.123333333333335 ], [ 76.156666666666666, 32.126666666666665 ], [ 76.153333333333336, 32.126666666666665 ], [ 76.153333333333336, 32.133333333333333 ] ], [ [ 76.163333333333327, 32.123333333333335 ], [ 76.17, 32.123333333333335 ], [ 76.17, 32.116666666666667 ], [ 76.173333333333332, 32.116666666666667 ], [ 76.173333333333332, 32.1 ], [ 76.17, 32.1 ], [ 76.17, 32.103333333333332 ], [ 76.166666666666671, 32.103333333333332 ], [ 76.166666666666671, 32.106666666666669 ], [ 76.163333333333327, 32.106666666666669 ], [ 76.163333333333327, 32.123333333333335 ] ], [ [ 76.25333333333333, 32.103333333333332 ], [ 76.256666666666661, 32.103333333333332 ], [ 76.256666666666661, 32.096666666666664 ], [ 76.25333333333333, 32.096666666666664 ], [ 76.25333333333333, 32.103333333333332 ] ], [ [ 76.173333333333332, 32.1 ], [ 76.176666666666662, 32.1 ], [ 76.176666666666662, 32.093333333333334 ], [ 76.173333333333332, 32.093333333333334 ], [ 76.173333333333332, 32.1 ] ], [ [ 76.416666666666671, 32.096666666666664 ], [ 76.42, 32.096666666666664 ], [ 76.42, 32.093333333333334 ], [ 76.43, 32.093333333333334 ], [ 76.43, 32.086666666666666 ], [ 76.426666666666662, 32.086666666666666 ], [ 76.426666666666662, 32.076666666666668 ], [ 76.423333333333332, 32.076666666666668 ], [ 76.423333333333332, 32.08 ], [ 76.406666666666666, 32.08 ], [ 76.406666666666666, 32.093333333333334 ], [ 76.416666666666671, 32.093333333333334 ], [ 76.416666666666671, 32.096666666666664 ] ], [ [ 76.176666666666662, 32.093333333333334 ], [ 76.18, 32.093333333333334 ], [ 76.18, 32.09 ], [ 76.176666666666662, 32.09 ], [ 76.176666666666662, 32.093333333333334 ] ], [ [ 76.18, 32.09 ], [ 76.183333333333337, 32.09 ], [ 76.183333333333337, 32.086666666666666 ], [ 76.186666666666667, 32.086666666666666 ], [ 76.186666666666667, 32.083333333333336 ], [ 76.19, 32.083333333333336 ], [ 76.19, 32.076666666666668 ], [ 76.193333333333328, 32.076666666666668 ], [ 76.193333333333328, 32.066666666666663 ], [ 76.196666666666673, 32.066666666666663 ], [ 76.196666666666673, 32.063333333333333 ], [ 76.2, 32.063333333333333 ], [ 76.2, 32.06 ], [ 76.193333333333328, 32.06 ], [ 76.193333333333328, 32.063333333333333 ], [ 76.19, 32.063333333333333 ], [ 76.19, 32.073333333333331 ], [ 76.186666666666667, 32.073333333333331 ], [ 76.186666666666667, 32.076666666666668 ], [ 76.183333333333337, 32.076666666666668 ], [ 76.183333333333337, 32.083333333333336 ], [ 76.18, 32.083333333333336 ], [ 76.18, 32.09 ] ], [ [ 76.403333333333336, 32.08 ], [ 76.406666666666666, 32.08 ], [ 76.406666666666666, 32.066666666666663 ], [ 76.393333333333331, 32.066666666666663 ], [ 76.393333333333331, 32.07 ], [ 76.4, 32.07 ], [ 76.4, 32.076666666666668 ], [ 76.403333333333336, 32.076666666666668 ], [ 76.403333333333336, 32.08 ] ], [ [ 76.123333333333335, 32.073333333333331 ], [ 76.126666666666665, 32.073333333333331 ], [ 76.126666666666665, 32.07 ], [ 76.123333333333335, 32.07 ], [ 76.123333333333335, 32.073333333333331 ] ], [ [ 76.126666666666665, 32.066666666666663 ], [ 76.13, 32.066666666666663 ], [ 76.13, 32.06 ], [ 76.126666666666665, 32.06 ], [ 76.126666666666665, 32.066666666666663 ] ], [ [ 76.143333333333331, 32.063333333333333 ], [ 76.146666666666661, 32.063333333333333 ], [ 76.146666666666661, 32.06 ], [ 76.143333333333331, 32.06 ], [ 76.143333333333331, 32.063333333333333 ] ], [ [ 76.43, 32.063333333333333 ], [ 76.433333333333337, 32.063333333333333 ], [ 76.433333333333337, 32.056666666666665 ], [ 76.43, 32.056666666666665 ], [ 76.43, 32.063333333333333 ] ], [ [ 76.15, 32.056666666666665 ], [ 76.153333333333336, 32.056666666666665 ], [ 76.153333333333336, 32.053333333333335 ], [ 76.15, 32.053333333333335 ], [ 76.15, 32.056666666666665 ] ], [ [ 76.153333333333336, 32.053333333333335 ], [ 76.156666666666666, 32.053333333333335 ], [ 76.156666666666666, 32.05 ], [ 76.16, 32.05 ], [ 76.16, 32.046666666666667 ], [ 76.163333333333327, 32.046666666666667 ], [ 76.163333333333327, 32.043333333333337 ], [ 76.166666666666671, 32.043333333333337 ], [ 76.166666666666671, 32.036666666666669 ], [ 76.163333333333327, 32.036666666666669 ], [ 76.163333333333327, 32.04 ], [ 76.153333333333336, 32.04 ], [ 76.153333333333336, 32.053333333333335 ] ], [ [ 76.206666666666663, 32.05 ], [ 76.21, 32.05 ], [ 76.21, 32.046666666666667 ], [ 76.206666666666663, 32.046666666666667 ], [ 76.206666666666663, 32.05 ] ], [ [ 76.436666666666667, 32.05 ], [ 76.44, 32.05 ], [ 76.44, 32.046666666666667 ], [ 76.436666666666667, 32.046666666666667 ], [ 76.436666666666667, 32.05 ] ], [ [ 76.44, 32.046666666666667 ], [ 76.443333333333328, 32.046666666666667 ], [ 76.443333333333328, 32.04 ], [ 76.44, 32.04 ], [ 76.44, 32.046666666666667 ] ], [ [ 76.146666666666661, 32.04 ], [ 76.15, 32.04 ], [ 76.15, 32.036666666666669 ], [ 76.146666666666661, 32.036666666666669 ], [ 76.146666666666661, 32.04 ] ], [ [ 76.166666666666671, 32.036666666666669 ], [ 76.17, 32.036666666666669 ], [ 76.17, 32.033333333333331 ], [ 76.173333333333332, 32.033333333333331 ], [ 76.173333333333332, 32.026666666666664 ], [ 76.17, 32.026666666666664 ], [ 76.17, 32.03 ], [ 76.166666666666671, 32.03 ], [ 76.166666666666671, 32.036666666666669 ] ], [ [ 76.173333333333332, 32.026666666666664 ], [ 76.176666666666662, 32.026666666666664 ], [ 76.176666666666662, 32.023333333333333 ], [ 76.173333333333332, 32.023333333333333 ], [ 76.173333333333332, 32.026666666666664 ] ], [ [ 76.183333333333337, 32.006666666666668 ], [ 76.186666666666667, 32.006666666666668 ], [ 76.186666666666667, 32.0 ], [ 76.183333333333337, 32.0 ], [ 76.183333333333337, 32.006666666666668 ] ], [ [ 76.233333333333334, 32.00333333333333 ], [ 76.236666666666665, 32.00333333333333 ], [ 76.236666666666665, 32.0 ], [ 76.24, 32.0 ], [ 76.24, 31.993333333333332 ], [ 76.243333333333339, 31.993333333333332 ], [ 76.243333333333339, 31.99 ], [ 76.24666666666667, 31.99 ], [ 76.24666666666667, 31.986666666666665 ], [ 76.25, 31.986666666666665 ], [ 76.25, 31.983333333333334 ], [ 76.25333333333333, 31.983333333333334 ], [ 76.25333333333333, 31.98 ], [ 76.263333333333335, 31.98 ], [ 76.263333333333335, 31.966666666666665 ], [ 76.273333333333341, 31.966666666666665 ], [ 76.273333333333341, 31.953333333333333 ], [ 76.286666666666662, 31.953333333333333 ], [ 76.286666666666662, 31.956666666666667 ], [ 76.29, 31.956666666666667 ], [ 76.29, 31.97 ], [ 76.293333333333337, 31.97 ], [ 76.293333333333337, 31.95 ], [ 76.3, 31.95 ], [ 76.3, 31.94 ], [ 76.306666666666672, 31.94 ], [ 76.306666666666672, 31.93 ], [ 76.31, 31.93 ], [ 76.31, 31.926666666666666 ], [ 76.306666666666672, 31.926666666666666 ], [ 76.306666666666672, 31.906666666666666 ], [ 76.316666666666663, 31.906666666666666 ], [ 76.316666666666663, 31.903333333333332 ], [ 76.32, 31.903333333333332 ], [ 76.32, 31.9 ], [ 76.323333333333338, 31.9 ], [ 76.323333333333338, 31.893333333333334 ], [ 76.336666666666673, 31.893333333333334 ], [ 76.336666666666673, 31.886666666666667 ], [ 76.34, 31.886666666666667 ], [ 76.34, 31.883333333333333 ], [ 76.353333333333339, 31.883333333333333 ], [ 76.353333333333339, 31.886666666666667 ], [ 76.36666666666666, 31.886666666666667 ], [ 76.36666666666666, 31.883333333333333 ], [ 76.36333333333333, 31.883333333333333 ], [ 76.36333333333333, 31.88 ], [ 76.36, 31.88 ], [ 76.36, 31.876666666666665 ], [ 76.356666666666669, 31.876666666666665 ], [ 76.356666666666669, 31.86 ], [ 76.36666666666666, 31.86 ], [ 76.36666666666666, 31.85 ], [ 76.37, 31.85 ], [ 76.37, 31.846666666666668 ], [ 76.38333333333334, 31.846666666666668 ], [ 76.38333333333334, 31.856666666666666 ], [ 76.38666666666667, 31.856666666666666 ], [ 76.38666666666667, 31.87 ], [ 76.38333333333334, 31.87 ], [ 76.38333333333334, 31.88 ], [ 76.38, 31.88 ], [ 76.38, 31.896666666666668 ], [ 76.373333333333335, 31.896666666666668 ], [ 76.373333333333335, 31.9 ], [ 76.37, 31.9 ], [ 76.37, 31.906666666666666 ], [ 76.376666666666665, 31.906666666666666 ], [ 76.376666666666665, 31.903333333333332 ], [ 76.38333333333334, 31.903333333333332 ], [ 76.38333333333334, 31.89 ], [ 76.38666666666667, 31.89 ], [ 76.38666666666667, 31.883333333333333 ], [ 76.393333333333331, 31.883333333333333 ], [ 76.393333333333331, 31.866666666666667 ], [ 76.41, 31.866666666666667 ], [ 76.41, 31.863333333333333 ], [ 76.413333333333327, 31.863333333333333 ], [ 76.413333333333327, 31.86 ], [ 76.41, 31.86 ], [ 76.41, 31.843333333333334 ], [ 76.42, 31.843333333333334 ], [ 76.42, 31.84 ], [ 76.433333333333337, 31.84 ], [ 76.433333333333337, 31.826666666666668 ], [ 76.436666666666667, 31.826666666666668 ], [ 76.436666666666667, 31.823333333333334 ], [ 76.44, 31.823333333333334 ], [ 76.44, 31.813333333333333 ], [ 76.453333333333333, 31.813333333333333 ], [ 76.453333333333333, 31.806666666666665 ], [ 76.45, 31.806666666666665 ], [ 76.45, 31.793333333333333 ], [ 76.453333333333333, 31.793333333333333 ], [ 76.453333333333333, 31.79 ], [ 76.466666666666669, 31.79 ], [ 76.466666666666669, 31.786666666666665 ], [ 76.47, 31.786666666666665 ], [ 76.47, 31.783333333333331 ], [ 76.473333333333329, 31.783333333333331 ], [ 76.473333333333329, 31.78 ], [ 76.48, 31.78 ], [ 76.48, 31.776666666666667 ], [ 76.473333333333329, 31.776666666666667 ], [ 76.473333333333329, 31.766666666666666 ], [ 76.466666666666669, 31.766666666666666 ], [ 76.466666666666669, 31.77 ], [ 76.453333333333333, 31.77 ], [ 76.453333333333333, 31.78 ], [ 76.45, 31.78 ], [ 76.45, 31.783333333333331 ], [ 76.44, 31.783333333333331 ], [ 76.44, 31.786666666666665 ], [ 76.433333333333337, 31.786666666666665 ], [ 76.433333333333337, 31.79 ], [ 76.43, 31.79 ], [ 76.43, 31.796666666666667 ], [ 76.41, 31.796666666666667 ], [ 76.41, 31.803333333333335 ], [ 76.406666666666666, 31.803333333333335 ], [ 76.406666666666666, 31.816666666666666 ], [ 76.403333333333336, 31.816666666666666 ], [ 76.403333333333336, 31.82 ], [ 76.38333333333334, 31.82 ], [ 76.38333333333334, 31.806666666666665 ], [ 76.38666666666667, 31.806666666666665 ], [ 76.38666666666667, 31.803333333333335 ], [ 76.39, 31.803333333333335 ], [ 76.39, 31.8 ], [ 76.38333333333334, 31.8 ], [ 76.38333333333334, 31.803333333333335 ], [ 76.38, 31.803333333333335 ], [ 76.38, 31.806666666666665 ], [ 76.376666666666665, 31.806666666666665 ], [ 76.376666666666665, 31.81 ], [ 76.373333333333335, 31.81 ], [ 76.373333333333335, 31.813333333333333 ], [ 76.36666666666666, 31.813333333333333 ], [ 76.36666666666666, 31.816666666666666 ], [ 76.36333333333333, 31.816666666666666 ], [ 76.36333333333333, 31.82 ], [ 76.36, 31.82 ], [ 76.36, 31.823333333333334 ], [ 76.356666666666669, 31.823333333333334 ], [ 76.356666666666669, 31.826666666666668 ], [ 76.353333333333339, 31.826666666666668 ], [ 76.353333333333339, 31.83 ], [ 76.35, 31.83 ], [ 76.35, 31.833333333333332 ], [ 76.346666666666664, 31.833333333333332 ], [ 76.346666666666664, 31.84 ], [ 76.343333333333334, 31.84 ], [ 76.343333333333334, 31.843333333333334 ], [ 76.34, 31.843333333333334 ], [ 76.34, 31.846666666666668 ], [ 76.336666666666673, 31.846666666666668 ], [ 76.336666666666673, 31.853333333333332 ], [ 76.333333333333329, 31.853333333333332 ], [ 76.333333333333329, 31.86 ], [ 76.33, 31.86 ], [ 76.33, 31.863333333333333 ], [ 76.326666666666668, 31.863333333333333 ], [ 76.326666666666668, 31.87 ], [ 76.323333333333338, 31.87 ], [ 76.323333333333338, 31.876666666666665 ], [ 76.316666666666663, 31.876666666666665 ], [ 76.316666666666663, 31.88 ], [ 76.313333333333333, 31.88 ], [ 76.313333333333333, 31.886666666666667 ], [ 76.31, 31.886666666666667 ], [ 76.31, 31.89 ], [ 76.306666666666672, 31.89 ], [ 76.306666666666672, 31.893333333333334 ], [ 76.303333333333327, 31.893333333333334 ], [ 76.303333333333327, 31.896666666666668 ], [ 76.296666666666667, 31.896666666666668 ], [ 76.296666666666667, 31.903333333333332 ], [ 76.293333333333337, 31.903333333333332 ], [ 76.293333333333337, 31.906666666666666 ], [ 76.29, 31.906666666666666 ], [ 76.29, 31.913333333333334 ], [ 76.286666666666662, 31.913333333333334 ], [ 76.286666666666662, 31.916666666666668 ], [ 76.28, 31.916666666666668 ], [ 76.28, 31.926666666666666 ], [ 76.276666666666671, 31.926666666666666 ], [ 76.276666666666671, 31.95 ], [ 76.26, 31.95 ], [ 76.26, 31.953333333333333 ], [ 76.256666666666661, 31.953333333333333 ], [ 76.256666666666661, 31.96 ], [ 76.25333333333333, 31.96 ], [ 76.25333333333333, 31.97 ], [ 76.25, 31.97 ], [ 76.25, 31.973333333333333 ], [ 76.24666666666667, 31.973333333333333 ], [ 76.24666666666667, 31.976666666666667 ], [ 76.243333333333339, 31.976666666666667 ], [ 76.243333333333339, 31.983333333333334 ], [ 76.24, 31.983333333333334 ], [ 76.24, 31.986666666666665 ], [ 76.236666666666665, 31.986666666666665 ], [ 76.236666666666665, 31.993333333333332 ], [ 76.233333333333334, 31.993333333333332 ], [ 76.233333333333334, 32.00333333333333 ] ], [ [ 76.186666666666667, 32.0 ], [ 76.19, 32.0 ], [ 76.19, 31.996666666666666 ], [ 76.186666666666667, 31.996666666666666 ], [ 76.186666666666667, 32.0 ] ], [ [ 76.536666666666662, 31.99 ], [ 76.54, 31.99 ], [ 76.54, 31.97 ], [ 76.546666666666667, 31.97 ], [ 76.546666666666667, 31.966666666666665 ], [ 76.553333333333327, 31.966666666666665 ], [ 76.553333333333327, 31.96 ], [ 76.54, 31.96 ], [ 76.54, 31.946666666666665 ], [ 76.536666666666662, 31.946666666666665 ], [ 76.536666666666662, 31.96 ], [ 76.526666666666671, 31.96 ], [ 76.526666666666671, 31.966666666666665 ], [ 76.53, 31.966666666666665 ], [ 76.53, 31.97 ], [ 76.533333333333331, 31.97 ], [ 76.533333333333331, 31.973333333333333 ], [ 76.536666666666662, 31.973333333333333 ], [ 76.536666666666662, 31.99 ] ], [ [ 76.646666666666661, 31.97 ], [ 76.653333333333336, 31.97 ], [ 76.653333333333336, 31.966666666666665 ], [ 76.646666666666661, 31.966666666666665 ], [ 76.646666666666661, 31.97 ] ], [ [ 76.333333333333329, 31.966666666666665 ], [ 76.336666666666673, 31.966666666666665 ], [ 76.336666666666673, 31.953333333333333 ], [ 76.34, 31.953333333333333 ], [ 76.34, 31.95 ], [ 76.333333333333329, 31.95 ], [ 76.333333333333329, 31.966666666666665 ] ], [ [ 76.326666666666668, 31.95 ], [ 76.33, 31.95 ], [ 76.33, 31.946666666666665 ], [ 76.326666666666668, 31.946666666666665 ], [ 76.326666666666668, 31.95 ] ], [ [ 76.413333333333327, 31.93 ], [ 76.416666666666671, 31.93 ], [ 76.416666666666671, 31.926666666666666 ], [ 76.42, 31.926666666666666 ], [ 76.42, 31.92 ], [ 76.416666666666671, 31.92 ], [ 76.416666666666671, 31.923333333333332 ], [ 76.413333333333327, 31.923333333333332 ], [ 76.413333333333327, 31.93 ] ], [ [ 76.42, 31.92 ], [ 76.423333333333332, 31.92 ], [ 76.423333333333332, 31.916666666666668 ], [ 76.433333333333337, 31.916666666666668 ], [ 76.433333333333337, 31.913333333333334 ], [ 76.436666666666667, 31.913333333333334 ], [ 76.436666666666667, 31.906666666666666 ], [ 76.44, 31.906666666666666 ], [ 76.44, 31.903333333333332 ], [ 76.443333333333328, 31.903333333333332 ], [ 76.443333333333328, 31.893333333333334 ], [ 76.446666666666673, 31.893333333333334 ], [ 76.446666666666673, 31.89 ], [ 76.456666666666663, 31.89 ], [ 76.456666666666663, 31.87 ], [ 76.46, 31.87 ], [ 76.46, 31.866666666666667 ], [ 76.463333333333338, 31.866666666666667 ], [ 76.463333333333338, 31.863333333333333 ], [ 76.466666666666669, 31.863333333333333 ], [ 76.466666666666669, 31.856666666666666 ], [ 76.463333333333338, 31.856666666666666 ], [ 76.463333333333338, 31.86 ], [ 76.46, 31.86 ], [ 76.46, 31.863333333333333 ], [ 76.456666666666663, 31.863333333333333 ], [ 76.456666666666663, 31.866666666666667 ], [ 76.453333333333333, 31.866666666666667 ], [ 76.453333333333333, 31.87 ], [ 76.45, 31.87 ], [ 76.45, 31.883333333333333 ], [ 76.446666666666673, 31.883333333333333 ], [ 76.446666666666673, 31.886666666666667 ], [ 76.443333333333328, 31.886666666666667 ], [ 76.443333333333328, 31.89 ], [ 76.436666666666667, 31.89 ], [ 76.436666666666667, 31.893333333333334 ], [ 76.433333333333337, 31.893333333333334 ], [ 76.433333333333337, 31.896666666666668 ], [ 76.43, 31.896666666666668 ], [ 76.43, 31.903333333333332 ], [ 76.426666666666662, 31.903333333333332 ], [ 76.426666666666662, 31.906666666666666 ], [ 76.423333333333332, 31.906666666666666 ], [ 76.423333333333332, 31.913333333333334 ], [ 76.42, 31.913333333333334 ], [ 76.42, 31.92 ] ], [ [ 76.596666666666664, 31.88 ], [ 76.61333333333333, 31.88 ], [ 76.61333333333333, 31.876666666666665 ], [ 76.596666666666664, 31.876666666666665 ], [ 76.596666666666664, 31.88 ] ], [ [ 76.663333333333327, 31.88 ], [ 76.666666666666671, 31.88 ], [ 76.666666666666671, 31.876666666666665 ], [ 76.663333333333327, 31.876666666666665 ], [ 76.663333333333327, 31.88 ] ], [ [ 76.61333333333333, 31.876666666666665 ], [ 76.61666666666666, 31.876666666666665 ], [ 76.61666666666666, 31.873333333333335 ], [ 76.61333333333333, 31.873333333333335 ], [ 76.61333333333333, 31.876666666666665 ] ], [ [ 76.66, 31.876666666666665 ], [ 76.663333333333327, 31.876666666666665 ], [ 76.663333333333327, 31.873333333333335 ], [ 76.66, 31.873333333333335 ], [ 76.66, 31.876666666666665 ] ], [ [ 76.62, 31.873333333333335 ], [ 76.623333333333335, 31.873333333333335 ], [ 76.623333333333335, 31.87 ], [ 76.62, 31.87 ], [ 76.62, 31.873333333333335 ] ], [ [ 76.39, 31.8 ], [ 76.393333333333331, 31.8 ], [ 76.393333333333331, 31.796666666666667 ], [ 76.39, 31.796666666666667 ], [ 76.39, 31.8 ] ], [ [ 76.63, 31.783333333333331 ], [ 76.63333333333334, 31.783333333333331 ], [ 76.63333333333334, 31.78 ], [ 76.63, 31.78 ], [ 76.63, 31.783333333333331 ] ], [ [ 76.48, 31.756666666666668 ], [ 76.483333333333334, 31.756666666666668 ], [ 76.483333333333334, 31.753333333333334 ], [ 76.48, 31.753333333333334 ], [ 76.48, 31.756666666666668 ] ], [ [ 76.44, 31.75 ], [ 76.443333333333328, 31.75 ], [ 76.443333333333328, 31.746666666666666 ], [ 76.44, 31.746666666666666 ], [ 76.44, 31.75 ] ], [ [ 76.456666666666663, 31.746666666666666 ], [ 76.46, 31.746666666666666 ], [ 76.46, 31.743333333333332 ], [ 76.463333333333338, 31.743333333333332 ], [ 76.463333333333338, 31.733333333333334 ], [ 76.46, 31.733333333333334 ], [ 76.46, 31.74 ], [ 76.456666666666663, 31.74 ], [ 76.456666666666663, 31.746666666666666 ] ], [ [ 76.306666666666672, 31.74 ], [ 76.31, 31.74 ], [ 76.31, 31.736666666666665 ], [ 76.306666666666672, 31.736666666666665 ], [ 76.306666666666672, 31.74 ] ], [ [ 76.463333333333338, 31.73 ], [ 76.466666666666669, 31.73 ], [ 76.466666666666669, 31.72 ], [ 76.47, 31.72 ], [ 76.47, 31.71 ], [ 76.473333333333329, 31.71 ], [ 76.473333333333329, 31.7 ], [ 76.48, 31.7 ], [ 76.48, 31.693333333333332 ], [ 76.476666666666674, 31.693333333333332 ], [ 76.476666666666674, 31.696666666666665 ], [ 76.463333333333338, 31.696666666666665 ], [ 76.463333333333338, 31.7 ], [ 76.466666666666669, 31.7 ], [ 76.466666666666669, 31.716666666666665 ], [ 76.463333333333338, 31.716666666666665 ], [ 76.463333333333338, 31.73 ] ], [ [ 76.72, 31.703333333333333 ], [ 76.723333333333329, 31.703333333333333 ], [ 76.723333333333329, 31.7 ], [ 76.72, 31.7 ], [ 76.72, 31.703333333333333 ] ], [ [ 76.49666666666667, 31.68 ], [ 76.5, 31.68 ], [ 76.5, 31.676666666666666 ], [ 76.49666666666667, 31.676666666666666 ], [ 76.49666666666667, 31.68 ] ], [ [ 76.5, 31.673333333333332 ], [ 76.50333333333333, 31.673333333333332 ], [ 76.50333333333333, 31.67 ], [ 76.5, 31.67 ], [ 76.5, 31.673333333333332 ] ], [ [ 76.50333333333333, 31.67 ], [ 76.506666666666661, 31.67 ], [ 76.506666666666661, 31.666666666666668 ], [ 76.50333333333333, 31.666666666666668 ], [ 76.50333333333333, 31.67 ] ], [ [ 76.506666666666661, 31.666666666666668 ], [ 76.51, 31.666666666666668 ], [ 76.51, 31.663333333333334 ], [ 76.506666666666661, 31.663333333333334 ], [ 76.506666666666661, 31.666666666666668 ] ], [ [ 76.51, 31.663333333333334 ], [ 76.513333333333335, 31.663333333333334 ], [ 76.513333333333335, 31.66 ], [ 76.51, 31.66 ], [ 76.51, 31.663333333333334 ] ], [ [ 76.25, 31.656666666666666 ], [ 76.25333333333333, 31.656666666666666 ], [ 76.25333333333333, 31.653333333333332 ], [ 76.25, 31.653333333333332 ], [ 76.25, 31.656666666666666 ] ], [ [ 76.52, 31.65 ], [ 76.523333333333341, 31.65 ], [ 76.523333333333341, 31.646666666666668 ], [ 76.52, 31.646666666666668 ], [ 76.52, 31.65 ] ], [ [ 76.266666666666666, 31.646666666666668 ], [ 76.27, 31.646666666666668 ], [ 76.27, 31.643333333333334 ], [ 76.28, 31.643333333333334 ], [ 76.28, 31.64 ], [ 76.286666666666662, 31.64 ], [ 76.286666666666662, 31.636666666666667 ], [ 76.296666666666667, 31.636666666666667 ], [ 76.296666666666667, 31.633333333333333 ], [ 76.303333333333327, 31.633333333333333 ], [ 76.303333333333327, 31.63 ], [ 76.31, 31.63 ], [ 76.31, 31.626666666666665 ], [ 76.313333333333333, 31.626666666666665 ], [ 76.313333333333333, 31.623333333333335 ], [ 76.32, 31.623333333333335 ], [ 76.32, 31.62 ], [ 76.33, 31.62 ], [ 76.33, 31.616666666666667 ], [ 76.333333333333329, 31.616666666666667 ], [ 76.333333333333329, 31.613333333333333 ], [ 76.336666666666673, 31.613333333333333 ], [ 76.336666666666673, 31.61 ], [ 76.343333333333334, 31.61 ], [ 76.343333333333334, 31.606666666666666 ], [ 76.346666666666664, 31.606666666666666 ], [ 76.346666666666664, 31.603333333333332 ], [ 76.35, 31.603333333333332 ], [ 76.35, 31.6 ], [ 76.353333333333339, 31.6 ], [ 76.353333333333339, 31.593333333333334 ], [ 76.34, 31.593333333333334 ], [ 76.34, 31.596666666666668 ], [ 76.336666666666673, 31.596666666666668 ], [ 76.336666666666673, 31.606666666666666 ], [ 76.333333333333329, 31.606666666666666 ], [ 76.333333333333329, 31.61 ], [ 76.31, 31.61 ], [ 76.31, 31.606666666666666 ], [ 76.306666666666672, 31.606666666666666 ], [ 76.306666666666672, 31.613333333333333 ], [ 76.303333333333327, 31.613333333333333 ], [ 76.303333333333327, 31.616666666666667 ], [ 76.29, 31.616666666666667 ], [ 76.29, 31.613333333333333 ], [ 76.286666666666662, 31.613333333333333 ], [ 76.286666666666662, 31.623333333333335 ], [ 76.283333333333331, 31.623333333333335 ], [ 76.283333333333331, 31.626666666666665 ], [ 76.276666666666671, 31.626666666666665 ], [ 76.276666666666671, 31.63 ], [ 76.266666666666666, 31.63 ], [ 76.266666666666666, 31.633333333333333 ], [ 76.26, 31.633333333333333 ], [ 76.26, 31.64 ], [ 76.256666666666661, 31.64 ], [ 76.256666666666661, 31.643333333333334 ], [ 76.266666666666666, 31.643333333333334 ], [ 76.266666666666666, 31.646666666666668 ] ], [ [ 76.523333333333341, 31.646666666666668 ], [ 76.526666666666671, 31.646666666666668 ], [ 76.526666666666671, 31.643333333333334 ], [ 76.523333333333341, 31.643333333333334 ], [ 76.523333333333341, 31.646666666666668 ] ], [ [ 76.526666666666671, 31.643333333333334 ], [ 76.54, 31.643333333333334 ], [ 76.54, 31.633333333333333 ], [ 76.536666666666662, 31.633333333333333 ], [ 76.536666666666662, 31.636666666666667 ], [ 76.53, 31.636666666666667 ], [ 76.53, 31.64 ], [ 76.526666666666671, 31.64 ], [ 76.526666666666671, 31.643333333333334 ] ], [ [ 76.54, 31.633333333333333 ], [ 76.543333333333337, 31.633333333333333 ], [ 76.543333333333337, 31.616666666666667 ], [ 76.546666666666667, 31.616666666666667 ], [ 76.546666666666667, 31.613333333333333 ], [ 76.54, 31.613333333333333 ], [ 76.54, 31.633333333333333 ] ], [ [ 76.353333333333339, 31.593333333333334 ], [ 76.356666666666669, 31.593333333333334 ], [ 76.356666666666669, 31.59 ], [ 76.353333333333339, 31.59 ], [ 76.353333333333339, 31.593333333333334 ] ], [ [ 76.356666666666669, 31.59 ], [ 76.36, 31.59 ], [ 76.36, 31.586666666666666 ], [ 76.356666666666669, 31.586666666666666 ], [ 76.356666666666669, 31.59 ] ], [ [ 76.36, 31.586666666666666 ], [ 76.36333333333333, 31.586666666666666 ], [ 76.36333333333333, 31.583333333333332 ], [ 76.36, 31.583333333333332 ], [ 76.36, 31.586666666666666 ] ], [ [ 76.56, 31.58 ], [ 76.563333333333333, 31.58 ], [ 76.563333333333333, 31.576666666666668 ], [ 76.566666666666663, 31.576666666666668 ], [ 76.566666666666663, 31.57 ], [ 76.56, 31.57 ], [ 76.56, 31.58 ] ], [ [ 76.373333333333335, 31.57 ], [ 76.376666666666665, 31.57 ], [ 76.376666666666665, 31.563333333333333 ], [ 76.373333333333335, 31.563333333333333 ], [ 76.373333333333335, 31.57 ] ], [ [ 76.573333333333338, 31.563333333333333 ], [ 76.593333333333334, 31.563333333333333 ], [ 76.593333333333334, 31.556666666666665 ], [ 76.596666666666664, 31.556666666666665 ], [ 76.596666666666664, 31.553333333333335 ], [ 76.6, 31.553333333333335 ], [ 76.6, 31.54 ], [ 76.606666666666669, 31.54 ], [ 76.606666666666669, 31.536666666666665 ], [ 76.61, 31.536666666666665 ], [ 76.61, 31.53 ], [ 76.61333333333333, 31.53 ], [ 76.61333333333333, 31.513333333333332 ], [ 76.606666666666669, 31.513333333333332 ], [ 76.606666666666669, 31.52 ], [ 76.603333333333339, 31.52 ], [ 76.603333333333339, 31.523333333333333 ], [ 76.6, 31.523333333333333 ], [ 76.6, 31.526666666666667 ], [ 76.596666666666664, 31.526666666666667 ], [ 76.596666666666664, 31.53 ], [ 76.593333333333334, 31.53 ], [ 76.593333333333334, 31.533333333333331 ], [ 76.59, 31.533333333333331 ], [ 76.59, 31.536666666666665 ], [ 76.586666666666673, 31.536666666666665 ], [ 76.586666666666673, 31.54 ], [ 76.583333333333329, 31.54 ], [ 76.583333333333329, 31.553333333333335 ], [ 76.576666666666668, 31.553333333333335 ], [ 76.576666666666668, 31.556666666666665 ], [ 76.573333333333338, 31.556666666666665 ], [ 76.573333333333338, 31.563333333333333 ] ], [ [ 76.61333333333333, 31.513333333333332 ], [ 76.623333333333335, 31.513333333333332 ], [ 76.623333333333335, 31.503333333333334 ], [ 76.63333333333334, 31.503333333333334 ], [ 76.63333333333334, 31.5 ], [ 76.64, 31.5 ], [ 76.64, 31.496666666666666 ], [ 76.646666666666661, 31.496666666666666 ], [ 76.646666666666661, 31.49 ], [ 76.65, 31.49 ], [ 76.65, 31.486666666666665 ], [ 76.663333333333327, 31.486666666666665 ], [ 76.663333333333327, 31.483333333333334 ], [ 76.67, 31.483333333333334 ], [ 76.67, 31.48 ], [ 76.673333333333332, 31.48 ], [ 76.673333333333332, 31.466666666666665 ], [ 76.67, 31.466666666666665 ], [ 76.67, 31.45 ], [ 76.68, 31.45 ], [ 76.68, 31.446666666666665 ], [ 76.683333333333337, 31.446666666666665 ], [ 76.683333333333337, 31.443333333333332 ], [ 76.686666666666667, 31.443333333333332 ], [ 76.686666666666667, 31.433333333333334 ], [ 76.69, 31.433333333333334 ], [ 76.69, 31.426666666666666 ], [ 76.706666666666663, 31.426666666666666 ], [ 76.706666666666663, 31.423333333333332 ], [ 76.71, 31.423333333333332 ], [ 76.71, 31.42 ], [ 76.713333333333338, 31.42 ], [ 76.713333333333338, 31.416666666666668 ], [ 76.696666666666673, 31.416666666666668 ], [ 76.696666666666673, 31.413333333333334 ], [ 76.693333333333328, 31.413333333333334 ], [ 76.693333333333328, 31.416666666666668 ], [ 76.676666666666662, 31.416666666666668 ], [ 76.676666666666662, 31.42 ], [ 76.67, 31.42 ], [ 76.67, 31.43 ], [ 76.666666666666671, 31.43 ], [ 76.666666666666671, 31.446666666666665 ], [ 76.663333333333327, 31.446666666666665 ], [ 76.663333333333327, 31.46 ], [ 76.66, 31.46 ], [ 76.66, 31.463333333333331 ], [ 76.656666666666666, 31.463333333333331 ], [ 76.656666666666666, 31.466666666666665 ], [ 76.653333333333336, 31.466666666666665 ], [ 76.653333333333336, 31.47 ], [ 76.646666666666661, 31.47 ], [ 76.646666666666661, 31.473333333333333 ], [ 76.64, 31.473333333333333 ], [ 76.64, 31.476666666666667 ], [ 76.63666666666667, 31.476666666666667 ], [ 76.63666666666667, 31.48 ], [ 76.63, 31.48 ], [ 76.63, 31.486666666666665 ], [ 76.626666666666665, 31.486666666666665 ], [ 76.626666666666665, 31.49 ], [ 76.623333333333335, 31.49 ], [ 76.623333333333335, 31.493333333333332 ], [ 76.62, 31.493333333333332 ], [ 76.62, 31.496666666666666 ], [ 76.61666666666666, 31.496666666666666 ], [ 76.61666666666666, 31.503333333333334 ], [ 76.61333333333333, 31.503333333333334 ], [ 76.61333333333333, 31.513333333333332 ] ], [ [ 76.53, 31.456666666666667 ], [ 76.533333333333331, 31.456666666666667 ], [ 76.533333333333331, 31.453333333333333 ], [ 76.546666666666667, 31.453333333333333 ], [ 76.546666666666667, 31.456666666666667 ], [ 76.55, 31.456666666666667 ], [ 76.55, 31.45 ], [ 76.556666666666672, 31.45 ], [ 76.556666666666672, 31.446666666666665 ], [ 76.56, 31.446666666666665 ], [ 76.56, 31.443333333333332 ], [ 76.556666666666672, 31.443333333333332 ], [ 76.556666666666672, 31.436666666666667 ], [ 76.553333333333327, 31.436666666666667 ], [ 76.553333333333327, 31.44 ], [ 76.54, 31.44 ], [ 76.54, 31.446666666666665 ], [ 76.53, 31.446666666666665 ], [ 76.53, 31.456666666666667 ] ], [ [ 76.4, 31.416666666666668 ], [ 76.403333333333336, 31.416666666666668 ], [ 76.403333333333336, 31.413333333333334 ], [ 76.4, 31.413333333333334 ], [ 76.4, 31.416666666666668 ] ], [ [ 76.72, 31.413333333333334 ], [ 76.723333333333329, 31.413333333333334 ], [ 76.723333333333329, 31.406666666666666 ], [ 76.72, 31.406666666666666 ], [ 76.72, 31.413333333333334 ] ], [ [ 76.723333333333329, 31.406666666666666 ], [ 76.726666666666674, 31.406666666666666 ], [ 76.726666666666674, 31.4 ], [ 76.723333333333329, 31.4 ], [ 76.723333333333329, 31.406666666666666 ] ], [ [ 76.673333333333332, 31.39 ], [ 76.676666666666662, 31.39 ], [ 76.676666666666662, 31.386666666666667 ], [ 76.673333333333332, 31.386666666666667 ], [ 76.673333333333332, 31.39 ] ], [ [ 76.706666666666663, 31.39 ], [ 76.71, 31.39 ], [ 76.71, 31.386666666666667 ], [ 76.706666666666663, 31.386666666666667 ], [ 76.706666666666663, 31.39 ] ], [ [ 76.76, 31.39 ], [ 76.763333333333335, 31.39 ], [ 76.763333333333335, 31.383333333333333 ], [ 76.76, 31.383333333333333 ], [ 76.76, 31.39 ] ], [ [ 76.61, 31.38 ], [ 76.61333333333333, 31.38 ], [ 76.61333333333333, 31.373333333333335 ], [ 76.61, 31.373333333333335 ], [ 76.61, 31.37 ], [ 76.606666666666669, 31.37 ], [ 76.606666666666669, 31.376666666666665 ], [ 76.61, 31.376666666666665 ], [ 76.61, 31.38 ] ], [ [ 76.73, 31.38 ], [ 76.743333333333339, 31.38 ], [ 76.743333333333339, 31.376666666666665 ], [ 76.733333333333334, 31.376666666666665 ], [ 76.733333333333334, 31.373333333333335 ], [ 76.73, 31.373333333333335 ], [ 76.73, 31.38 ] ], [ [ 76.456666666666663, 31.363333333333333 ], [ 76.46, 31.363333333333333 ], [ 76.46, 31.36 ], [ 76.456666666666663, 31.36 ], [ 76.456666666666663, 31.363333333333333 ] ], [ [ 76.993333333333339, 30.713333333333331 ], [ 76.99666666666667, 30.713333333333331 ], [ 76.99666666666667, 30.706666666666667 ], [ 76.993333333333339, 30.706666666666667 ], [ 76.993333333333339, 30.703333333333333 ], [ 76.99, 30.703333333333333 ], [ 76.99, 30.7 ], [ 76.986666666666665, 30.7 ], [ 76.986666666666665, 30.706666666666667 ], [ 76.99, 30.706666666666667 ], [ 76.99, 30.71 ], [ 76.993333333333339, 30.71 ], [ 76.993333333333339, 30.713333333333331 ] ], [ [ 77.063333333333333, 30.65 ], [ 77.073333333333338, 30.65 ], [ 77.073333333333338, 30.64 ], [ 77.063333333333333, 30.64 ], [ 77.063333333333333, 30.65 ] ], [ [ 77.216666666666669, 30.54 ], [ 77.23, 30.54 ], [ 77.23, 30.536666666666665 ], [ 77.233333333333334, 30.536666666666665 ], [ 77.233333333333334, 30.533333333333331 ], [ 77.23, 30.533333333333331 ], [ 77.23, 30.53 ], [ 77.226666666666674, 30.53 ], [ 77.226666666666674, 30.526666666666667 ], [ 77.213333333333338, 30.526666666666667 ], [ 77.213333333333338, 30.53 ], [ 77.21, 30.53 ], [ 77.21, 30.536666666666665 ], [ 77.216666666666669, 30.536666666666665 ], [ 77.216666666666669, 30.54 ] ], [ [ 77.476666666666674, 30.53 ], [ 77.483333333333334, 30.53 ], [ 77.483333333333334, 30.526666666666667 ], [ 77.48, 30.526666666666667 ], [ 77.48, 30.523333333333333 ], [ 77.476666666666674, 30.523333333333333 ], [ 77.476666666666674, 30.53 ] ], [ [ 77.276666666666671, 30.526666666666667 ], [ 77.28, 30.526666666666667 ], [ 77.28, 30.523333333333333 ], [ 77.276666666666671, 30.523333333333333 ], [ 77.276666666666671, 30.526666666666667 ] ], [ [ 77.293333333333337, 30.523333333333333 ], [ 77.296666666666667, 30.523333333333333 ], [ 77.296666666666667, 30.52 ], [ 77.293333333333337, 30.52 ], [ 77.293333333333337, 30.523333333333333 ] ], [ [ 77.463333333333338, 30.52 ], [ 77.466666666666669, 30.52 ], [ 77.466666666666669, 30.516666666666666 ], [ 77.463333333333338, 30.516666666666666 ], [ 77.463333333333338, 30.52 ] ], [ [ 77.46, 30.516666666666666 ], [ 77.463333333333338, 30.516666666666666 ], [ 77.463333333333338, 30.513333333333332 ], [ 77.46, 30.513333333333332 ], [ 77.46, 30.516666666666666 ] ], [ [ 77.433333333333337, 30.513333333333332 ], [ 77.46, 30.513333333333332 ], [ 77.46, 30.51 ], [ 77.453333333333333, 30.51 ], [ 77.453333333333333, 30.506666666666668 ], [ 77.45, 30.506666666666668 ], [ 77.45, 30.51 ], [ 77.433333333333337, 30.51 ], [ 77.433333333333337, 30.513333333333332 ] ], [ [ 77.213333333333338, 30.48 ], [ 77.216666666666669, 30.48 ], [ 77.216666666666669, 30.476666666666667 ], [ 77.213333333333338, 30.476666666666667 ], [ 77.213333333333338, 30.48 ] ], [ [ 77.266666666666666, 30.476666666666667 ], [ 77.27, 30.476666666666667 ], [ 77.27, 30.473333333333333 ], [ 77.266666666666666, 30.473333333333333 ], [ 77.266666666666666, 30.476666666666667 ] ], [ [ 77.256666666666661, 30.473333333333333 ], [ 77.26, 30.473333333333333 ], [ 77.26, 30.47 ], [ 77.256666666666661, 30.47 ], [ 77.256666666666661, 30.473333333333333 ] ], [ [ 77.316666666666663, 30.473333333333333 ], [ 77.32, 30.473333333333333 ], [ 77.32, 30.47 ], [ 77.316666666666663, 30.47 ], [ 77.316666666666663, 30.473333333333333 ] ], [ [ 77.86, 30.473333333333333 ], [ 77.86333333333333, 30.473333333333333 ], [ 77.86333333333333, 30.47 ], [ 77.86, 30.47 ], [ 77.86, 30.473333333333333 ] ], [ [ 77.32, 30.47 ], [ 77.323333333333338, 30.47 ], [ 77.323333333333338, 30.466666666666669 ], [ 77.32, 30.466666666666669 ], [ 77.32, 30.47 ] ], [ [ 77.33, 30.466666666666669 ], [ 77.333333333333329, 30.466666666666669 ], [ 77.333333333333329, 30.463333333333331 ], [ 77.33, 30.463333333333331 ], [ 77.33, 30.466666666666669 ] ], [ [ 77.333333333333329, 30.463333333333331 ], [ 77.336666666666673, 30.463333333333331 ], [ 77.336666666666673, 30.46 ], [ 77.333333333333329, 30.46 ], [ 77.333333333333329, 30.463333333333331 ] ], [ [ 77.406666666666666, 30.463333333333331 ], [ 77.41, 30.463333333333331 ], [ 77.41, 30.446666666666665 ], [ 77.406666666666666, 30.446666666666665 ], [ 77.406666666666666, 30.463333333333331 ] ], [ [ 77.343333333333334, 30.46 ], [ 77.346666666666664, 30.46 ], [ 77.346666666666664, 30.456666666666667 ], [ 77.35, 30.456666666666667 ], [ 77.35, 30.453333333333333 ], [ 77.343333333333334, 30.453333333333333 ], [ 77.343333333333334, 30.46 ] ], [ [ 77.446666666666673, 30.43 ], [ 77.45, 30.43 ], [ 77.45, 30.423333333333332 ], [ 77.453333333333333, 30.423333333333332 ], [ 77.453333333333333, 30.416666666666664 ], [ 77.45, 30.416666666666664 ], [ 77.45, 30.42 ], [ 77.44, 30.42 ], [ 77.44, 30.423333333333332 ], [ 77.443333333333328, 30.423333333333332 ], [ 77.443333333333328, 30.426666666666666 ], [ 77.446666666666673, 30.426666666666666 ], [ 77.446666666666673, 30.43 ] ], [ [ 77.64, 30.413333333333334 ], [ 77.65, 30.413333333333334 ], [ 77.65, 30.41 ], [ 77.653333333333336, 30.41 ], [ 77.653333333333336, 30.403333333333332 ], [ 77.666666666666671, 30.403333333333332 ], [ 77.666666666666671, 30.393333333333331 ], [ 77.656666666666666, 30.393333333333331 ], [ 77.656666666666666, 30.396666666666668 ], [ 77.65, 30.396666666666668 ], [ 77.65, 30.4 ], [ 77.643333333333331, 30.4 ], [ 77.643333333333331, 30.403333333333332 ], [ 77.64, 30.403333333333332 ], [ 77.64, 30.413333333333334 ] ], [ [ 77.606666666666669, 30.396666666666668 ], [ 77.61, 30.396666666666668 ], [ 77.61, 30.393333333333331 ], [ 77.606666666666669, 30.393333333333331 ], [ 77.606666666666669, 30.396666666666668 ] ], [ [ 77.666666666666671, 30.393333333333331 ], [ 77.67, 30.393333333333331 ], [ 77.67, 30.39 ], [ 77.666666666666671, 30.39 ], [ 77.666666666666671, 30.393333333333331 ] ], [ [ 77.67, 30.39 ], [ 77.683333333333337, 30.39 ], [ 77.683333333333337, 30.386666666666667 ], [ 77.676666666666662, 30.386666666666667 ], [ 77.676666666666662, 30.383333333333333 ], [ 77.673333333333332, 30.383333333333333 ], [ 77.673333333333332, 30.386666666666667 ], [ 77.67, 30.386666666666667 ], [ 77.67, 30.39 ] ], [ [ 77.623333333333335, 30.383333333333333 ], [ 77.626666666666665, 30.383333333333333 ], [ 77.626666666666665, 30.38 ], [ 77.623333333333335, 30.38 ], [ 77.623333333333335, 30.383333333333333 ] ], [ [ 77.61333333333333, 30.38 ], [ 77.623333333333335, 30.38 ], [ 77.623333333333335, 30.376666666666665 ], [ 77.61333333333333, 30.376666666666665 ], [ 77.61333333333333, 30.38 ] ], [ [ 77.643333333333331, 30.373333333333335 ], [ 77.653333333333336, 30.373333333333335 ], [ 77.653333333333336, 30.37 ], [ 77.66, 30.37 ], [ 77.66, 30.363333333333333 ], [ 77.663333333333327, 30.363333333333333 ], [ 77.663333333333327, 30.36 ], [ 77.646666666666661, 30.36 ], [ 77.646666666666661, 30.363333333333333 ], [ 77.63, 30.363333333333333 ], [ 77.63, 30.366666666666667 ], [ 77.643333333333331, 30.366666666666667 ], [ 77.643333333333331, 30.373333333333335 ] ], [ [ 77.686666666666667, 30.373333333333335 ], [ 77.69, 30.373333333333335 ], [ 77.69, 30.37 ], [ 77.686666666666667, 30.37 ], [ 77.686666666666667, 30.373333333333335 ] ], [ [ 77.603333333333339, 30.36 ], [ 77.606666666666669, 30.36 ], [ 77.606666666666669, 30.353333333333332 ], [ 77.603333333333339, 30.353333333333332 ], [ 77.603333333333339, 30.36 ] ], [ [ 77.663333333333327, 30.36 ], [ 77.67, 30.36 ], [ 77.67, 30.356666666666666 ], [ 77.676666666666662, 30.356666666666666 ], [ 77.676666666666662, 30.35 ], [ 77.666666666666671, 30.35 ], [ 77.666666666666671, 30.356666666666666 ], [ 77.663333333333327, 30.356666666666666 ], [ 77.663333333333327, 30.36 ] ], [ [ 78.093333333333334, 30.346666666666668 ], [ 78.096666666666664, 30.346666666666668 ], [ 78.096666666666664, 30.34 ], [ 78.093333333333334, 30.34 ], [ 78.093333333333334, 30.346666666666668 ] ], [ [ 77.676666666666662, 30.34 ], [ 77.686666666666667, 30.34 ], [ 77.686666666666667, 30.336666666666666 ], [ 77.68, 30.336666666666666 ], [ 77.68, 30.333333333333332 ], [ 77.676666666666662, 30.333333333333332 ], [ 77.676666666666662, 30.34 ] ], [ [ 77.696666666666673, 30.303333333333335 ], [ 77.7, 30.303333333333335 ], [ 77.7, 30.3 ], [ 77.726666666666674, 30.3 ], [ 77.726666666666674, 30.286666666666665 ], [ 77.76, 30.286666666666665 ], [ 77.76, 30.276666666666667 ], [ 77.763333333333335, 30.276666666666667 ], [ 77.763333333333335, 30.273333333333333 ], [ 77.76, 30.273333333333333 ], [ 77.76, 30.27 ], [ 77.73, 30.27 ], [ 77.73, 30.263333333333332 ], [ 77.726666666666674, 30.263333333333332 ], [ 77.726666666666674, 30.276666666666667 ], [ 77.723333333333329, 30.276666666666667 ], [ 77.723333333333329, 30.28 ], [ 77.7, 30.28 ], [ 77.7, 30.283333333333331 ], [ 77.69, 30.283333333333331 ], [ 77.69, 30.3 ], [ 77.696666666666673, 30.3 ], [ 77.696666666666673, 30.303333333333335 ] ], [ [ 77.773333333333341, 30.273333333333333 ], [ 77.776666666666671, 30.273333333333333 ], [ 77.776666666666671, 30.27 ], [ 77.773333333333341, 30.27 ], [ 77.773333333333341, 30.273333333333333 ] ], [ [ 77.79, 30.27 ], [ 77.793333333333337, 30.27 ], [ 77.793333333333337, 30.266666666666666 ], [ 77.8, 30.266666666666666 ], [ 77.8, 30.263333333333332 ], [ 77.813333333333333, 30.263333333333332 ], [ 77.813333333333333, 30.26 ], [ 77.823333333333338, 30.26 ], [ 77.823333333333338, 30.253333333333334 ], [ 77.836666666666673, 30.253333333333334 ], [ 77.836666666666673, 30.25 ], [ 77.843333333333334, 30.25 ], [ 77.843333333333334, 30.246666666666666 ], [ 77.846666666666664, 30.246666666666666 ], [ 77.846666666666664, 30.236666666666665 ], [ 77.86, 30.236666666666665 ], [ 77.86, 30.233333333333334 ], [ 77.86333333333333, 30.233333333333334 ], [ 77.86333333333333, 30.226666666666667 ], [ 77.876666666666665, 30.226666666666667 ], [ 77.876666666666665, 30.223333333333333 ], [ 77.88333333333334, 30.223333333333333 ], [ 77.88333333333334, 30.22 ], [ 77.88666666666667, 30.22 ], [ 77.88666666666667, 30.213333333333331 ], [ 77.9, 30.213333333333331 ], [ 77.9, 30.216666666666669 ], [ 77.906666666666666, 30.216666666666669 ], [ 77.906666666666666, 30.21 ], [ 77.91, 30.21 ], [ 77.91, 30.206666666666667 ], [ 77.916666666666671, 30.206666666666667 ], [ 77.916666666666671, 30.203333333333333 ], [ 77.936666666666667, 30.203333333333333 ], [ 77.936666666666667, 30.2 ], [ 77.943333333333328, 30.2 ], [ 77.943333333333328, 30.193333333333335 ], [ 77.953333333333333, 30.193333333333335 ], [ 77.953333333333333, 30.19 ], [ 77.956666666666663, 30.19 ], [ 77.956666666666663, 30.18 ], [ 77.966666666666669, 30.18 ], [ 77.966666666666669, 30.17 ], [ 77.973333333333329, 30.17 ], [ 77.973333333333329, 30.166666666666664 ], [ 77.97, 30.166666666666664 ], [ 77.97, 30.163333333333334 ], [ 77.966666666666669, 30.163333333333334 ], [ 77.966666666666669, 30.16 ], [ 77.963333333333338, 30.16 ], [ 77.963333333333338, 30.173333333333332 ], [ 77.943333333333328, 30.173333333333332 ], [ 77.943333333333328, 30.183333333333334 ], [ 77.926666666666662, 30.183333333333334 ], [ 77.926666666666662, 30.18 ], [ 77.923333333333332, 30.18 ], [ 77.923333333333332, 30.19 ], [ 77.9, 30.19 ], [ 77.9, 30.193333333333335 ], [ 77.893333333333331, 30.193333333333335 ], [ 77.893333333333331, 30.196666666666665 ], [ 77.876666666666665, 30.196666666666665 ], [ 77.876666666666665, 30.206666666666667 ], [ 77.86, 30.206666666666667 ], [ 77.86, 30.21 ], [ 77.856666666666669, 30.21 ], [ 77.856666666666669, 30.216666666666669 ], [ 77.843333333333334, 30.216666666666669 ], [ 77.843333333333334, 30.22 ], [ 77.84, 30.22 ], [ 77.84, 30.233333333333334 ], [ 77.836666666666673, 30.233333333333334 ], [ 77.836666666666673, 30.236666666666665 ], [ 77.83, 30.236666666666665 ], [ 77.83, 30.24 ], [ 77.816666666666663, 30.24 ], [ 77.816666666666663, 30.236666666666665 ], [ 77.813333333333333, 30.236666666666665 ], [ 77.813333333333333, 30.243333333333332 ], [ 77.8, 30.243333333333332 ], [ 77.8, 30.246666666666666 ], [ 77.786666666666662, 30.246666666666666 ], [ 77.786666666666662, 30.253333333333334 ], [ 77.783333333333331, 30.253333333333334 ], [ 77.783333333333331, 30.256666666666668 ], [ 77.786666666666662, 30.256666666666668 ], [ 77.786666666666662, 30.266666666666666 ], [ 77.79, 30.266666666666666 ], [ 77.79, 30.27 ] ], [ [ 77.983333333333334, 30.12 ], [ 77.986666666666665, 30.12 ], [ 77.986666666666665, 30.116666666666667 ], [ 77.983333333333334, 30.116666666666667 ], [ 77.983333333333334, 30.12 ] ], [ [ 77.98, 30.113333333333333 ], [ 77.983333333333334, 30.113333333333333 ], [ 77.983333333333334, 30.11 ], [ 77.98, 30.11 ], [ 77.98, 30.113333333333333 ] ], [ [ 78.023333333333341, 30.083333333333332 ], [ 78.026666666666671, 30.083333333333332 ], [ 78.026666666666671, 30.076666666666668 ], [ 78.033333333333331, 30.076666666666668 ], [ 78.033333333333331, 30.07 ], [ 78.03, 30.07 ], [ 78.03, 30.066666666666666 ], [ 78.026666666666671, 30.066666666666666 ], [ 78.026666666666671, 30.07 ], [ 78.023333333333341, 30.07 ], [ 78.023333333333341, 30.073333333333334 ], [ 78.02, 30.073333333333334 ], [ 78.02, 30.08 ], [ 78.023333333333341, 30.08 ], [ 78.023333333333341, 30.083333333333332 ] ], [ [ 78.083333333333329, 30.03 ], [ 78.086666666666673, 30.03 ], [ 78.086666666666673, 30.023333333333333 ], [ 78.08, 30.023333333333333 ], [ 78.08, 30.026666666666667 ], [ 78.083333333333329, 30.026666666666667 ], [ 78.083333333333329, 30.03 ] ], [ [ 78.07, 30.016666666666666 ], [ 78.073333333333338, 30.016666666666666 ], [ 78.073333333333338, 30.013333333333332 ], [ 78.07, 30.013333333333332 ], [ 78.07, 30.016666666666666 ] ] ] } }
]
}
