{
"type": "FeatureCollection",
"name": "safe_relocation_sites",
"crs": { "type": "name", "properties": { "name": "urn:ogc:def:crs:OGC:1.3:CRS84" } },
"features": [
{ "type": "Feature", "properties": { "site_id": "SAFE-SITE-001", "mean_cci": 93.8, "area_sqkm": 18.35, "capacity_families": 2201, "suitability_tier": "Viable (CCI 60-70)" }, "geometry": { "type": "Polygon", "coordinates": [ [ [ 75.35, 35.0 ], [ 75.35, 34.98 ], [ 75.33, 34.98 ], [ 75.33, 34.963333333333331 ], [ 75.336666666666673, 34.963333333333331 ], [ 75.336666666666673, 34.96 ], [ 75.34, 34.96 ], [ 75.34, 34.956666666666663 ], [ 75.36333333333333, 34.956666666666663 ], [ 75.36333333333333, 34.97 ], [ 75.373333333333335, 34.97 ], [ 75.373333333333335, 34.973333333333336 ], [ 75.393333333333331, 34.973333333333336 ], [ 75.393333333333331, 34.99666666666667 ], [ 75.38, 34.99666666666667 ], [ 75.38, 35.0 ], [ 75.35, 35.0 ] ], [ [ 75.353333333333339, 34.98 ], [ 75.356666666666669, 34.98 ], [ 75.356666666666669, 34.973333333333336 ], [ 75.353333333333339, 34.973333333333336 ], [ 75.353333333333339, 34.98 ] ] ] } },
{ "type": "Feature", "properties": { "site_id": "SAFE-SITE-002", "mean_cci": 93.8, "area_sqkm": 45.06, "capacity_families": 5406, "suitability_tier": "Viable (CCI 60-70)" }, "geometry": { "type": "Polygon", "coordinates": [ [ [ 78.56, 35.0 ], [ 78.56, 34.983333333333334 ], [ 78.546666666666667, 34.983333333333334 ], [ 78.546666666666667, 34.956666666666663 ], [ 78.573333333333338, 34.956666666666663 ], [ 78.573333333333338, 34.96 ], [ 78.58, 34.96 ], [ 78.58, 34.956666666666663 ], [ 78.593333333333334, 34.956666666666663 ], [ 78.593333333333334, 34.953333333333333 ], [ 78.596666666666664, 34.953333333333333 ], [ 78.596666666666664, 34.95 ], [ 78.6, 34.95 ], [ 78.6, 34.946666666666665 ], [ 78.61, 34.946666666666665 ], [ 78.61, 34.943333333333335 ], [ 78.61666666666666, 34.943333333333335 ], [ 78.61666666666666, 34.94 ], [ 78.623333333333335, 34.94 ], [ 78.623333333333335, 34.936666666666667 ], [ 78.626666666666665, 34.936666666666667 ], [ 78.626666666666665, 34.93 ], [ 78.656666666666666, 34.93 ], [ 78.656666666666666, 34.953333333333333 ], [ 78.653333333333336, 34.953333333333333 ], [ 78.653333333333336, 34.956666666666663 ], [ 78.646666666666661, 34.956666666666663 ], [ 78.646666666666661, 34.96 ], [ 78.643333333333331, 34.96 ], [ 78.643333333333331, 34.963333333333331 ], [ 78.64, 34.963333333333331 ], [ 78.64, 34.98 ], [ 78.63666666666667, 34.98 ], [ 78.63666666666667, 34.983333333333334 ], [ 78.603333333333339, 34.983333333333334 ], [ 78.603333333333339, 34.986666666666665 ], [ 78.6, 34.986666666666665 ], [ 78.6, 34.99666666666667 ], [ 78.586666666666673, 34.99666666666667 ], [ 78.586666666666673, 35.0 ], [ 78.56, 35.0 ] ] ] } },
{ "type": "Feature", "properties": { "site_id": "SAFE-SITE-003", "mean_cci": 93.8, "area_sqkm": 12.08, "capacity_families": 1449, "suitability_tier": "Viable (CCI 60-70)" }, "geometry": { "type": "Polygon", "coordinates": [ [ [ 79.47, 34.96 ], [ 79.47, 34.94 ], [ 79.473333333333329, 34.94 ], [ 79.473333333333329, 34.93 ], [ 79.486666666666665, 34.93 ], [ 79.486666666666665, 34.91 ], [ 79.50333333333333, 34.91 ], [ 79.50333333333333, 34.916666666666664 ], [ 79.506666666666661, 34.916666666666664 ], [ 79.506666666666661, 34.93333333333333 ], [ 79.50333333333333, 34.93333333333333 ], [ 79.50333333333333, 34.936666666666667 ], [ 79.49666666666667, 34.936666666666667 ], [ 79.49666666666667, 34.946666666666665 ], [ 79.493333333333339, 34.946666666666665 ], [ 79.493333333333339, 34.96 ], [ 79.47, 34.96 ] ] ] } },
{ "type": "Feature", "properties": { "site_id": "SAFE-SITE-004", "mean_cci": 93.8, "area_sqkm": 41.57, "capacity_families": 4988, "suitability_tier": "Viable (CCI 60-70)" }, "geometry": { "type": "Polygon", "coordinates": [ [ [ 79.58, 34.983333333333334 ], [ 79.58, 34.956666666666663 ], [ 79.583333333333329, 34.956666666666663 ], [ 79.583333333333329, 34.95 ], [ 79.586666666666673, 34.95 ], [ 79.586666666666673, 34.943333333333335 ], [ 79.58, 34.943333333333335 ], [ 79.58, 34.93 ], [ 79.566666666666663, 34.93 ], [ 79.566666666666663, 34.93333333333333 ], [ 79.53, 34.93333333333333 ], [ 79.53, 34.916666666666664 ], [ 79.536666666666662, 34.916666666666664 ], [ 79.536666666666662, 34.913333333333334 ], [ 79.54, 34.913333333333334 ], [ 79.54, 34.906666666666666 ], [ 79.556666666666672, 34.906666666666666 ], [ 79.556666666666672, 34.903333333333336 ], [ 79.573333333333338, 34.903333333333336 ], [ 79.573333333333338, 34.91 ], [ 79.586666666666673, 34.91 ], [ 79.586666666666673, 34.926666666666669 ], [ 79.6, 34.926666666666669 ], [ 79.6, 34.93 ], [ 79.626666666666665, 34.93 ], [ 79.626666666666665, 34.936666666666667 ], [ 79.63, 34.936666666666667 ], [ 79.63, 34.93333333333333 ], [ 79.65, 34.93333333333333 ], [ 79.65, 34.94 ], [ 79.656666666666666, 34.94 ], [ 79.656666666666666, 34.956666666666663 ], [ 79.623333333333335, 34.956666666666663 ], [ 79.623333333333335, 34.953333333333333 ], [ 79.616666666666674, 34.953333333333333 ], [ 79.616666666666674, 34.956666666666663 ], [ 79.61, 34.956666666666663 ], [ 79.61, 34.973333333333336 ], [ 79.606666666666669, 34.973333333333336 ], [ 79.606666666666669, 34.983333333333334 ], [ 79.58, 34.983333333333334 ] ] ] } },
{ "type": "Feature", "properties": { "site_id": "SAFE-SITE-005", "mean_cci": 93.8, "area_sqkm": 59.22, "capacity_families": 7106, "suitability_tier": "Viable (CCI 60-70)" }, "geometry": { "type": "Polygon", "coordinates": [ [ [ 75.403333333333336, 35.0 ], [ 75.403333333333336, 34.99 ], [ 75.396666666666661, 34.99 ], [ 75.396666666666661, 34.963333333333331 ], [ 75.4, 34.963333333333331 ], [ 75.4, 34.956666666666663 ], [ 75.403333333333336, 34.956666666666663 ], [ 75.403333333333336, 34.953333333333333 ], [ 75.41, 34.953333333333333 ], [ 75.41, 34.95 ], [ 75.406666666666666, 34.95 ], [ 75.406666666666666, 34.936666666666667 ], [ 75.403333333333336, 34.936666666666667 ], [ 75.403333333333336, 34.93333333333333 ], [ 75.396666666666661, 34.93333333333333 ], [ 75.396666666666661, 34.93 ], [ 75.38, 34.93 ], [ 75.38, 34.92 ], [ 75.373333333333335, 34.92 ], [ 75.373333333333335, 34.93333333333333 ], [ 75.353333333333339, 34.93333333333333 ], [ 75.353333333333339, 34.916666666666664 ], [ 75.36333333333333, 34.916666666666664 ], [ 75.36333333333333, 34.903333333333336 ], [ 75.38666666666667, 34.903333333333336 ], [ 75.38666666666667, 34.91 ], [ 75.396666666666661, 34.91 ], [ 75.396666666666661, 34.903333333333336 ], [ 75.406666666666666, 34.903333333333336 ], [ 75.406666666666666, 34.893333333333331 ], [ 75.41, 34.893333333333331 ], [ 75.41, 34.886666666666663 ], [ 75.44, 34.886666666666663 ], [ 75.44, 34.896666666666668 ], [ 75.45, 34.896666666666668 ], [ 75.45, 34.916666666666664 ], [ 75.446666666666673, 34.916666666666664 ], [ 75.446666666666673, 34.93 ], [ 75.45, 34.93 ], [ 75.45, 34.956666666666663 ], [ 75.446666666666673, 34.956666666666663 ], [ 75.446666666666673, 34.966666666666669 ], [ 75.443333333333328, 34.966666666666669 ], [ 75.443333333333328, 34.97 ], [ 75.44, 34.97 ], [ 75.44, 34.973333333333336 ], [ 75.436666666666667, 34.973333333333336 ], [ 75.436666666666667, 34.976666666666667 ], [ 75.433333333333337, 34.976666666666667 ], [ 75.433333333333337, 34.98 ], [ 75.43, 34.98 ], [ 75.43, 34.983333333333334 ], [ 75.426666666666662, 34.983333333333334 ], [ 75.426666666666662, 35.0 ], [ 75.403333333333336, 35.0 ] ], [ [ 75.423333333333332, 34.913333333333334 ], [ 75.426666666666662, 34.913333333333334 ], [ 75.426666666666662, 34.91 ], [ 75.433333333333337, 34.91 ], [ 75.433333333333337, 34.906666666666666 ], [ 75.423333333333332, 34.906666666666666 ], [ 75.423333333333332, 34.913333333333334 ] ] ] } },
{ "type": "Feature", "properties": { "site_id": "SAFE-SITE-006", "mean_cci": 93.8, "area_sqkm": 17.19, "capacity_families": 2062, "suitability_tier": "Viable (CCI 60-70)" }, "geometry": { "type": "Polygon", "coordinates": [ [ [ 75.29, 34.913333333333334 ], [ 75.29, 34.896666666666668 ], [ 75.266666666666666, 34.896666666666668 ], [ 75.266666666666666, 34.88 ], [ 75.31, 34.88 ], [ 75.31, 34.883333333333333 ], [ 75.313333333333333, 34.883333333333333 ], [ 75.313333333333333, 34.886666666666663 ], [ 75.336666666666673, 34.886666666666663 ], [ 75.336666666666673, 34.903333333333336 ], [ 75.326666666666668, 34.903333333333336 ], [ 75.326666666666668, 34.906666666666666 ], [ 75.323333333333338, 34.906666666666666 ], [ 75.323333333333338, 34.91 ], [ 75.32, 34.91 ], [ 75.32, 34.913333333333334 ], [ 75.29, 34.913333333333334 ] ] ] } },
{ "type": "Feature", "properties": { "site_id": "SAFE-SITE-007", "mean_cci": 93.8, "area_sqkm": 334.79, "capacity_families": 40175, "suitability_tier": "Viable (CCI 60-70)" }, "geometry": { "type": "Polygon", "coordinates": [ [ [ 79.67, 35.0 ], [ 79.67, 34.973333333333336 ], [ 79.68, 34.973333333333336 ], [ 79.68, 34.97 ], [ 79.683333333333337, 34.97 ], [ 79.683333333333337, 34.946666666666665 ], [ 79.686666666666667, 34.946666666666665 ], [ 79.686666666666667, 34.94 ], [ 79.69, 34.94 ], [ 79.69, 34.936666666666667 ], [ 79.686666666666667, 34.936666666666667 ], [ 79.686666666666667, 34.93 ], [ 79.68, 34.93 ], [ 79.68, 34.926666666666669 ], [ 79.663333333333327, 34.926666666666669 ], [ 79.663333333333327, 34.91 ], [ 79.666666666666671, 34.91 ], [ 79.666666666666671, 34.906666666666666 ], [ 79.67, 34.906666666666666 ], [ 79.67, 34.876666666666665 ], [ 79.66, 34.876666666666665 ], [ 79.66, 34.86 ], [ 79.68, 34.86 ], [ 79.68, 34.87 ], [ 79.69, 34.87 ], [ 79.69, 34.866666666666667 ], [ 79.723333333333329, 34.866666666666667 ], [ 79.723333333333329, 34.87 ], [ 79.726666666666659, 34.87 ], [ 79.726666666666659, 34.873333333333335 ], [ 79.736666666666665, 34.873333333333335 ], [ 79.736666666666665, 34.89 ], [ 79.733333333333334, 34.89 ], [ 79.733333333333334, 34.893333333333331 ], [ 79.706666666666663, 34.893333333333331 ], [ 79.706666666666663, 34.886666666666663 ], [ 79.703333333333333, 34.886666666666663 ], [ 79.703333333333333, 34.883333333333333 ], [ 79.69, 34.883333333333333 ], [ 79.69, 34.886666666666663 ], [ 79.686666666666667, 34.886666666666663 ], [ 79.686666666666667, 34.896666666666668 ], [ 79.69, 34.896666666666668 ], [ 79.69, 34.9 ], [ 79.696666666666673, 34.9 ], [ 79.696666666666673, 34.896666666666668 ], [ 79.716666666666669, 34.896666666666668 ], [ 79.716666666666669, 34.903333333333336 ], [ 79.733333333333334, 34.903333333333336 ], [ 79.733333333333334, 34.906666666666666 ], [ 79.756666666666661, 34.906666666666666 ], [ 79.756666666666661, 34.903333333333336 ], [ 79.76, 34.903333333333336 ], [ 79.76, 34.9 ], [ 79.763333333333335, 34.9 ], [ 79.763333333333335, 34.896666666666668 ], [ 79.756666666666661, 34.896666666666668 ], [ 79.756666666666661, 34.88 ], [ 79.783333333333331, 34.88 ], [ 79.783333333333331, 34.9 ], [ 79.79, 34.9 ], [ 79.79, 34.896666666666668 ], [ 79.793333333333337, 34.896666666666668 ], [ 79.793333333333337, 34.893333333333331 ], [ 79.81, 34.893333333333331 ], [ 79.81, 34.9 ], [ 79.813333333333333, 34.9 ], [ 79.813333333333333, 34.903333333333336 ], [ 79.816666666666663, 34.903333333333336 ], [ 79.816666666666663, 34.906666666666666 ], [ 79.82, 34.906666666666666 ], [ 79.82, 34.91 ], [ 79.826666666666668, 34.91 ], [ 79.826666666666668, 34.92 ], [ 79.833333333333329, 34.92 ], [ 79.833333333333329, 34.923333333333332 ], [ 79.853333333333339, 34.923333333333332 ], [ 79.853333333333339, 34.92 ], [ 79.85, 34.92 ], [ 79.85, 34.913333333333334 ], [ 79.846666666666664, 34.913333333333334 ], [ 79.846666666666664, 34.883333333333333 ], [ 79.876666666666665, 34.883333333333333 ], [ 79.876666666666665, 34.893333333333331 ], [ 79.88, 34.893333333333331 ], [ 79.88, 34.896666666666668 ], [ 79.88333333333334, 34.896666666666668 ], [ 79.88333333333334, 34.9 ], [ 79.903333333333336, 34.9 ], [ 79.903333333333336, 34.89 ], [ 79.906666666666666, 34.89 ], [ 79.906666666666666, 34.883333333333333 ], [ 79.923333333333332, 34.883333333333333 ], [ 79.923333333333332, 34.886666666666663 ], [ 79.926666666666662, 34.886666666666663 ], [ 79.926666666666662, 34.89 ], [ 79.946666666666673, 34.89 ], [ 79.946666666666673, 34.906666666666666 ], [ 79.963333333333338, 34.906666666666666 ], [ 79.963333333333338, 34.916666666666664 ], [ 80.0, 34.916666666666664 ], [ 80.0, 34.94 ], [ 79.983333333333334, 34.94 ], [ 79.983333333333334, 34.95 ], [ 79.97, 34.95 ], [ 79.97, 34.953333333333333 ], [ 79.966666666666669, 34.953333333333333 ], [ 79.966666666666669, 34.956666666666663 ], [ 79.97, 34.956666666666663 ], [ 79.97, 34.96 ], [ 79.976666666666659, 34.96 ], [ 79.976666666666659, 34.973333333333336 ], [ 79.98, 34.973333333333336 ], [ 79.98, 34.976666666666667 ], [ 80.0, 34.976666666666667 ], [ 80.0, 35.0 ], [ 79.916666666666671, 35.0 ], [ 79.916666666666671, 34.983333333333334 ], [ 79.913333333333327, 34.983333333333334 ], [ 79.913333333333327, 34.963333333333331 ], [ 79.91, 34.963333333333331 ], [ 79.91, 34.96 ], [ 79.893333333333331, 34.96 ], [ 79.893333333333331, 34.956666666666663 ], [ 79.87, 34.956666666666663 ], [ 79.87, 34.946666666666665 ], [ 79.856666666666669, 34.946666666666665 ], [ 79.856666666666669, 34.95 ], [ 79.86333333333333, 34.95 ], [ 79.86333333333333, 34.963333333333331 ], [ 79.87, 34.963333333333331 ], [ 79.87, 34.966666666666669 ], [ 79.873333333333335, 34.966666666666669 ], [ 79.873333333333335, 34.97 ], [ 79.88666666666667, 34.97 ], [ 79.88666666666667, 34.98 ], [ 79.89, 34.98 ], [ 79.89, 34.983333333333334 ], [ 79.893333333333331, 34.983333333333334 ], [ 79.893333333333331, 34.976666666666667 ], [ 79.91, 34.976666666666667 ], [ 79.91, 35.0 ], [ 79.86, 35.0 ], [ 79.86, 34.99 ], [ 79.813333333333333, 34.99 ], [ 79.813333333333333, 34.986666666666665 ], [ 79.796666666666667, 34.986666666666665 ], [ 79.796666666666667, 35.0 ], [ 79.67, 35.0 ] ] ] } },
{ "type": "Feature", "properties": { "site_id": "SAFE-SITE-008", "mean_cci": 93.8, "area_sqkm": 10.92, "capacity_families": 1309, "suitability_tier": "Viable (CCI 60-70)" }, "geometry": { "type": "Polygon", "coordinates": [ [ [ 79.776666666666671, 34.77 ], [ 79.776666666666671, 34.76 ], [ 79.77, 34.76 ], [ 79.77, 34.74 ], [ 79.786666666666662, 34.74 ], [ 79.786666666666662, 34.743333333333332 ], [ 79.8, 34.743333333333332 ], [ 79.8, 34.75 ], [ 79.816666666666663, 34.75 ], [ 79.816666666666663, 34.766666666666666 ], [ 79.793333333333337, 34.766666666666666 ], [ 79.793333333333337, 34.77 ], [ 79.776666666666671, 34.77 ] ] ] } },
{ "type": "Feature", "properties": { "site_id": "SAFE-SITE-009", "mean_cci": 93.8, "area_sqkm": 53.77, "capacity_families": 6452, "suitability_tier": "Viable (CCI 60-70)" }, "geometry": { "type": "Polygon", "coordinates": [ [ [ 78.933333333333337, 34.71 ], [ 78.933333333333337, 34.706666666666663 ], [ 78.92, 34.706666666666663 ], [ 78.92, 34.7 ], [ 78.9, 34.7 ], [ 78.9, 34.696666666666665 ], [ 78.873333333333335, 34.696666666666665 ], [ 78.873333333333335, 34.666666666666664 ], [ 78.86666666666666, 34.666666666666664 ], [ 78.86666666666666, 34.663333333333334 ], [ 78.846666666666664, 34.663333333333334 ], [ 78.846666666666664, 34.656666666666666 ], [ 78.843333333333334, 34.656666666666666 ], [ 78.843333333333334, 34.66 ], [ 78.816666666666663, 34.66 ], [ 78.816666666666663, 34.653333333333336 ], [ 78.813333333333333, 34.653333333333336 ], [ 78.813333333333333, 34.656666666666666 ], [ 78.81, 34.656666666666666 ], [ 78.81, 34.66 ], [ 78.793333333333337, 34.66 ], [ 78.793333333333337, 34.646666666666668 ], [ 78.79, 34.646666666666668 ], [ 78.79, 34.643333333333331 ], [ 78.786666666666662, 34.643333333333331 ], [ 78.786666666666662, 34.626666666666665 ], [ 78.83, 34.626666666666665 ], [ 78.83, 34.64 ], [ 78.86333333333333, 34.64 ], [ 78.86333333333333, 34.643333333333331 ], [ 78.876666666666665, 34.643333333333331 ], [ 78.876666666666665, 34.646666666666668 ], [ 78.88333333333334, 34.646666666666668 ], [ 78.88333333333334, 34.66 ], [ 78.893333333333331, 34.66 ], [ 78.893333333333331, 34.656666666666666 ], [ 78.926666666666662, 34.656666666666666 ], [ 78.926666666666662, 34.676666666666669 ], [ 78.92, 34.676666666666669 ], [ 78.92, 34.68 ], [ 78.93, 34.68 ], [ 78.93, 34.68333333333333 ], [ 78.946666666666673, 34.68333333333333 ], [ 78.946666666666673, 34.693333333333335 ], [ 78.95, 34.693333333333335 ], [ 78.95, 34.71 ], [ 78.933333333333337, 34.71 ] ] ] } },
{ "type": "Feature", "properties": { "site_id": "SAFE-SITE-010", "mean_cci": 93.8, "area_sqkm": 10.68, "capacity_families": 1282, "suitability_tier": "Viable (CCI 60-70)" }, "geometry": { "type": "Polygon", "coordinates": [ [ [ 79.773333333333341, 34.636666666666663 ], [ 79.773333333333341, 34.633333333333333 ], [ 79.77, 34.633333333333333 ], [ 79.77, 34.63 ], [ 79.766666666666666, 34.63 ], [ 79.766666666666666, 34.606666666666669 ], [ 79.776666666666671, 34.606666666666669 ], [ 79.776666666666671, 34.603333333333332 ], [ 79.78, 34.603333333333332 ], [ 79.78, 34.6 ], [ 79.796666666666667, 34.6 ], [ 79.796666666666667, 34.616666666666667 ], [ 79.8, 34.616666666666667 ], [ 79.8, 34.633333333333333 ], [ 79.79, 34.633333333333333 ], [ 79.79, 34.636666666666663 ], [ 79.773333333333341, 34.636666666666663 ] ] ] } },
{ "type": "Feature", "properties": { "site_id": "SAFE-SITE-011", "mean_cci": 93.8, "area_sqkm": 20.9, "capacity_families": 2508, "suitability_tier": "Viable (CCI 60-70)" }, "geometry": { "type": "Polygon", "coordinates": [ [ [ 78.84, 34.623333333333335 ], [ 78.84, 34.62 ], [ 78.826666666666668, 34.62 ], [ 78.826666666666668, 34.616666666666667 ], [ 78.82, 34.616666666666667 ], [ 78.82, 34.596666666666664 ], [ 78.85, 34.596666666666664 ], [ 78.85, 34.593333333333334 ], [ 78.853333333333339, 34.593333333333334 ], [ 78.853333333333339, 34.59 ], [ 78.87, 34.59 ], [ 78.87, 34.593333333333334 ], [ 78.88333333333334, 34.593333333333334 ], [ 78.88333333333334, 34.603333333333332 ], [ 78.896666666666661, 34.603333333333332 ], [ 78.896666666666661, 34.623333333333335 ], [ 78.873333333333335, 34.623333333333335 ], [ 78.873333333333335, 34.62 ], [ 78.86333333333333, 34.62 ], [ 78.86333333333333, 34.623333333333335 ], [ 78.84, 34.623333333333335 ] ] ] } },
{ "type": "Feature", "properties": { "site_id": "SAFE-SITE-012", "mean_cci": 93.8, "area_sqkm": 2686.25, "capacity_families": 322349, "suitability_tier": "Viable (CCI 60-70)" }, "geometry": { "type": "Polygon", "coordinates": [ [ [ 79.13666666666667, 35.0 ], [ 79.13666666666667, 34.983333333333334 ], [ 79.13, 34.983333333333334 ], [ 79.13, 34.993333333333332 ], [ 79.12, 34.993333333333332 ], [ 79.12, 34.99666666666667 ], [ 79.096666666666664, 34.99666666666667 ], [ 79.096666666666664, 34.993333333333332 ], [ 79.08, 34.993333333333332 ], [ 79.08, 34.983333333333334 ], [ 79.076666666666668, 34.983333333333334 ], [ 79.076666666666668, 34.986666666666665 ], [ 79.06, 34.986666666666665 ], [ 79.06, 34.98 ], [ 79.056666666666672, 34.98 ], [ 79.056666666666672, 34.963333333333331 ], [ 79.06, 34.963333333333331 ], [ 79.06, 34.956666666666663 ], [ 79.05, 34.956666666666663 ], [ 79.05, 34.96 ], [ 79.046666666666667, 34.96 ], [ 79.046666666666667, 34.963333333333331 ], [ 79.016666666666666, 34.963333333333331 ], [ 79.016666666666666, 34.96 ], [ 79.013333333333335, 34.96 ], [ 79.013333333333335, 34.94 ], [ 79.023333333333341, 34.94 ], [ 79.023333333333341, 34.936666666666667 ], [ 79.01, 34.936666666666667 ], [ 79.01, 34.93 ], [ 79.006666666666661, 34.93 ], [ 79.006666666666661, 34.926666666666669 ], [ 79.00333333333333, 34.926666666666669 ], [ 79.00333333333333, 34.923333333333332 ], [ 78.99, 34.923333333333332 ], [ 78.99, 34.916666666666664 ], [ 78.983333333333334, 34.916666666666664 ], [ 78.983333333333334, 34.91 ], [ 78.98, 34.91 ], [ 78.98, 34.893333333333331 ], [ 78.976666666666674, 34.893333333333331 ], [ 78.976666666666674, 34.91 ], [ 78.956666666666663, 34.91 ], [ 78.956666666666663, 34.903333333333336 ], [ 78.936666666666667, 34.903333333333336 ], [ 78.936666666666667, 34.886666666666663 ], [ 78.943333333333328, 34.886666666666663 ], [ 78.943333333333328, 34.883333333333333 ], [ 78.95, 34.883333333333333 ], [ 78.95, 34.876666666666665 ], [ 78.94, 34.876666666666665 ], [ 78.94, 34.88 ], [ 78.923333333333332, 34.88 ], [ 78.923333333333332, 34.883333333333333 ], [ 78.913333333333327, 34.883333333333333 ], [ 78.913333333333327, 34.886666666666663 ], [ 78.91, 34.886666666666663 ], [ 78.91, 34.89 ], [ 78.906666666666666, 34.89 ], [ 78.906666666666666, 34.893333333333331 ], [ 78.903333333333336, 34.893333333333331 ], [ 78.903333333333336, 34.896666666666668 ], [ 78.9, 34.896666666666668 ], [ 78.9, 34.9 ], [ 78.896666666666661, 34.9 ], [ 78.896666666666661, 34.906666666666666 ], [ 78.893333333333331, 34.906666666666666 ], [ 78.893333333333331, 34.91 ], [ 78.876666666666665, 34.91 ], [ 78.876666666666665, 34.913333333333334 ], [ 78.856666666666669, 34.913333333333334 ], [ 78.856666666666669, 34.906666666666666 ], [ 78.843333333333334, 34.906666666666666 ], [ 78.843333333333334, 34.893333333333331 ], [ 78.836666666666673, 34.893333333333331 ], [ 78.836666666666673, 34.89 ], [ 78.83, 34.89 ], [ 78.83, 34.88 ], [ 78.823333333333338, 34.88 ], [ 78.823333333333338, 34.896666666666668 ], [ 78.82, 34.896666666666668 ], [ 78.82, 34.9 ], [ 78.81, 34.9 ], [ 78.81, 34.903333333333336 ], [ 78.79, 34.903333333333336 ], [ 78.79, 34.906666666666666 ], [ 78.786666666666662, 34.906666666666666 ], [ 78.786666666666662, 34.916666666666664 ], [ 78.77, 34.916666666666664 ], [ 78.77, 34.906666666666666 ], [ 78.756666666666661, 34.906666666666666 ], [ 78.756666666666661, 34.91 ], [ 78.75, 34.91 ], [ 78.75, 34.913333333333334 ], [ 78.743333333333339, 34.913333333333334 ], [ 78.743333333333339, 34.916666666666664 ], [ 78.736666666666665, 34.916666666666664 ], [ 78.736666666666665, 34.92 ], [ 78.733333333333334, 34.92 ], [ 78.733333333333334, 34.93 ], [ 78.73, 34.93 ], [ 78.73, 34.93333333333333 ], [ 78.713333333333338, 34.93333333333333 ], [ 78.713333333333338, 34.936666666666667 ], [ 78.673333333333332, 34.936666666666667 ], [ 78.673333333333332, 34.92 ], [ 78.676666666666662, 34.92 ], [ 78.676666666666662, 34.916666666666664 ], [ 78.683333333333337, 34.916666666666664 ], [ 78.683333333333337, 34.913333333333334 ], [ 78.693333333333328, 34.913333333333334 ], [ 78.693333333333328, 34.91 ], [ 78.696666666666673, 34.91 ], [ 78.696666666666673, 34.906666666666666 ], [ 78.7, 34.906666666666666 ], [ 78.7, 34.903333333333336 ], [ 78.713333333333338, 34.903333333333336 ], [ 78.713333333333338, 34.9 ], [ 78.723333333333329, 34.9 ], [ 78.723333333333329, 34.88 ], [ 78.736666666666665, 34.88 ], [ 78.736666666666665, 34.876666666666665 ], [ 78.733333333333334, 34.876666666666665 ], [ 78.733333333333334, 34.873333333333335 ], [ 78.73, 34.873333333333335 ], [ 78.73, 34.87 ], [ 78.726666666666674, 34.87 ], [ 78.726666666666674, 34.853333333333332 ], [ 78.72, 34.853333333333332 ], [ 78.72, 34.84 ], [ 78.716666666666669, 34.84 ], [ 78.716666666666669, 34.836666666666666 ], [ 78.713333333333338, 34.836666666666666 ], [ 78.713333333333338, 34.81 ], [ 78.726666666666674, 34.81 ], [ 78.726666666666674, 34.786666666666669 ], [ 78.736666666666665, 34.786666666666669 ], [ 78.736666666666665, 34.766666666666666 ], [ 78.72, 34.766666666666666 ], [ 78.72, 34.76 ], [ 78.716666666666669, 34.76 ], [ 78.716666666666669, 34.743333333333332 ], [ 78.723333333333329, 34.743333333333332 ], [ 78.723333333333329, 34.736666666666665 ], [ 78.74, 34.736666666666665 ], [ 78.74, 34.763333333333335 ], [ 78.763333333333335, 34.763333333333335 ], [ 78.763333333333335, 34.766666666666666 ], [ 78.766666666666666, 34.766666666666666 ], [ 78.766666666666666, 34.763333333333335 ], [ 78.77, 34.763333333333335 ], [ 78.77, 34.76 ], [ 78.776666666666671, 34.76 ], [ 78.776666666666671, 34.756666666666668 ], [ 78.783333333333331, 34.756666666666668 ], [ 78.783333333333331, 34.75333333333333 ], [ 78.786666666666662, 34.75333333333333 ], [ 78.786666666666662, 34.75 ], [ 78.8, 34.75 ], [ 78.8, 34.74666666666667 ], [ 78.82, 34.74666666666667 ], [ 78.82, 34.75 ], [ 78.826666666666668, 34.75 ], [ 78.826666666666668, 34.733333333333334 ], [ 78.83, 34.733333333333334 ], [ 78.83, 34.73 ], [ 78.826666666666668, 34.73 ], [ 78.826666666666668, 34.713333333333331 ], [ 78.843333333333334, 34.713333333333331 ], [ 78.843333333333334, 34.71 ], [ 78.873333333333335, 34.71 ], [ 78.873333333333335, 34.713333333333331 ], [ 78.876666666666665, 34.713333333333331 ], [ 78.876666666666665, 34.716666666666669 ], [ 78.88, 34.716666666666669 ], [ 78.88, 34.72 ], [ 78.89, 34.72 ], [ 78.89, 34.716666666666669 ], [ 78.893333333333331, 34.716666666666669 ], [ 78.893333333333331, 34.713333333333331 ], [ 78.91, 34.713333333333331 ], [ 78.91, 34.72 ], [ 78.916666666666671, 34.72 ], [ 78.916666666666671, 34.723333333333336 ], [ 78.926666666666662, 34.723333333333336 ], [ 78.926666666666662, 34.726666666666667 ], [ 78.93, 34.726666666666667 ], [ 78.93, 34.723333333333336 ], [ 78.936666666666667, 34.723333333333336 ], [ 78.936666666666667, 34.72 ], [ 78.953333333333333, 34.72 ], [ 78.953333333333333, 34.723333333333336 ], [ 78.96, 34.723333333333336 ], [ 78.96, 34.74 ], [ 78.956666666666663, 34.74 ], [ 78.956666666666663, 34.756666666666668 ], [ 78.923333333333332, 34.756666666666668 ], [ 78.923333333333332, 34.773333333333333 ], [ 78.913333333333327, 34.773333333333333 ], [ 78.913333333333327, 34.776666666666664 ], [ 78.89, 34.776666666666664 ], [ 78.89, 34.773333333333333 ], [ 78.88333333333334, 34.773333333333333 ], [ 78.88333333333334, 34.756666666666668 ], [ 78.88, 34.756666666666668 ], [ 78.88, 34.75333333333333 ], [ 78.856666666666669, 34.75333333333333 ], [ 78.856666666666669, 34.74666666666667 ], [ 78.85, 34.74666666666667 ], [ 78.85, 34.75333333333333 ], [ 78.846666666666664, 34.75333333333333 ], [ 78.846666666666664, 34.773333333333333 ], [ 78.856666666666669, 34.773333333333333 ], [ 78.856666666666669, 34.77 ], [ 78.86333333333333, 34.77 ], [ 78.86333333333333, 34.763333333333335 ], [ 78.88, 34.763333333333335 ], [ 78.88, 34.79 ], [ 78.876666666666665, 34.79 ], [ 78.876666666666665, 34.793333333333337 ], [ 78.87, 34.793333333333337 ], [ 78.87, 34.796666666666667 ], [ 78.86333333333333, 34.796666666666667 ], [ 78.86333333333333, 34.806666666666665 ], [ 78.85, 34.806666666666665 ], [ 78.85, 34.813333333333333 ], [ 78.846666666666664, 34.813333333333333 ], [ 78.846666666666664, 34.81666666666667 ], [ 78.85, 34.81666666666667 ], [ 78.85, 34.823333333333331 ], [ 78.853333333333339, 34.823333333333331 ], [ 78.853333333333339, 34.83 ], [ 78.86, 34.83 ], [ 78.86, 34.81666666666667 ], [ 78.88, 34.81666666666667 ], [ 78.88, 34.823333333333331 ], [ 78.88333333333334, 34.823333333333331 ], [ 78.88333333333334, 34.81666666666667 ], [ 78.906666666666666, 34.81666666666667 ], [ 78.906666666666666, 34.813333333333333 ], [ 78.91, 34.813333333333333 ], [ 78.91, 34.81 ], [ 78.933333333333337, 34.81 ], [ 78.933333333333337, 34.8 ], [ 78.953333333333333, 34.8 ], [ 78.953333333333333, 34.796666666666667 ], [ 78.956666666666663, 34.796666666666667 ], [ 78.956666666666663, 34.793333333333337 ], [ 78.96, 34.793333333333337 ], [ 78.96, 34.79 ], [ 78.976666666666674, 34.79 ], [ 78.976666666666674, 34.786666666666669 ], [ 78.983333333333334, 34.786666666666669 ], [ 78.983333333333334, 34.78 ], [ 78.99666666666667, 34.78 ], [ 78.99666666666667, 34.773333333333333 ], [ 79.01, 34.773333333333333 ], [ 79.01, 34.77 ], [ 79.023333333333341, 34.77 ], [ 79.023333333333341, 34.763333333333335 ], [ 79.036666666666662, 34.763333333333335 ], [ 79.036666666666662, 34.756666666666668 ], [ 79.063333333333333, 34.756666666666668 ], [ 79.063333333333333, 34.76 ], [ 79.066666666666663, 34.76 ], [ 79.066666666666663, 34.74666666666667 ], [ 79.08, 34.74666666666667 ], [ 79.08, 34.743333333333332 ], [ 79.083333333333329, 34.743333333333332 ], [ 79.083333333333329, 34.74 ], [ 79.09, 34.74 ], [ 79.09, 34.73 ], [ 79.11333333333333, 34.73 ], [ 79.11333333333333, 34.733333333333334 ], [ 79.116666666666674, 34.733333333333334 ], [ 79.116666666666674, 34.736666666666665 ], [ 79.12, 34.736666666666665 ], [ 79.12, 34.733333333333334 ], [ 79.123333333333335, 34.733333333333334 ], [ 79.123333333333335, 34.73 ], [ 79.146666666666661, 34.73 ], [ 79.146666666666661, 34.726666666666667 ], [ 79.156666666666666, 34.726666666666667 ], [ 79.156666666666666, 34.72 ], [ 79.176666666666662, 34.72 ], [ 79.176666666666662, 34.733333333333334 ], [ 79.196666666666673, 34.733333333333334 ], [ 79.196666666666673, 34.73 ], [ 79.206666666666663, 34.73 ], [ 79.206666666666663, 34.72 ], [ 79.213333333333338, 34.72 ], [ 79.213333333333338, 34.716666666666669 ], [ 79.216666666666669, 34.716666666666669 ], [ 79.216666666666669, 34.713333333333331 ], [ 79.203333333333333, 34.713333333333331 ], [ 79.203333333333333, 34.696666666666665 ], [ 79.22, 34.696666666666665 ], [ 79.22, 34.686666666666667 ], [ 79.226666666666659, 34.686666666666667 ], [ 79.226666666666659, 34.68 ], [ 79.24, 34.68 ], [ 79.24, 34.676666666666669 ], [ 79.266666666666666, 34.676666666666669 ], [ 79.266666666666666, 34.69 ], [ 79.273333333333341, 34.69 ], [ 79.273333333333341, 34.686666666666667 ], [ 79.28, 34.686666666666667 ], [ 79.28, 34.68333333333333 ], [ 79.283333333333331, 34.68333333333333 ], [ 79.283333333333331, 34.673333333333332 ], [ 79.31, 34.673333333333332 ], [ 79.31, 34.67 ], [ 79.313333333333333, 34.67 ], [ 79.313333333333333, 34.666666666666664 ], [ 79.333333333333329, 34.666666666666664 ], [ 79.333333333333329, 34.663333333333334 ], [ 79.306666666666672, 34.663333333333334 ], [ 79.306666666666672, 34.656666666666666 ], [ 79.286666666666662, 34.656666666666666 ], [ 79.286666666666662, 34.653333333333336 ], [ 79.276666666666671, 34.653333333333336 ], [ 79.276666666666671, 34.636666666666663 ], [ 79.273333333333341, 34.636666666666663 ], [ 79.273333333333341, 34.64 ], [ 79.256666666666661, 34.64 ], [ 79.256666666666661, 34.626666666666665 ], [ 79.24666666666667, 34.626666666666665 ], [ 79.24666666666667, 34.63 ], [ 79.243333333333339, 34.63 ], [ 79.243333333333339, 34.633333333333333 ], [ 79.25333333333333, 34.633333333333333 ], [ 79.25333333333333, 34.65 ], [ 79.233333333333334, 34.65 ], [ 79.233333333333334, 34.636666666666663 ], [ 79.23, 34.636666666666663 ], [ 79.23, 34.64 ], [ 79.223333333333329, 34.64 ], [ 79.223333333333329, 34.643333333333331 ], [ 79.216666666666669, 34.643333333333331 ], [ 79.216666666666669, 34.65 ], [ 79.213333333333338, 34.65 ], [ 79.213333333333338, 34.653333333333336 ], [ 79.21, 34.653333333333336 ], [ 79.21, 34.656666666666666 ], [ 79.2, 34.656666666666666 ], [ 79.2, 34.666666666666664 ], [ 79.176666666666662, 34.666666666666664 ], [ 79.176666666666662, 34.67 ], [ 79.173333333333332, 34.67 ], [ 79.173333333333332, 34.673333333333332 ], [ 79.17, 34.673333333333332 ], [ 79.17, 34.676666666666669 ], [ 79.16, 34.676666666666669 ], [ 79.16, 34.68333333333333 ], [ 79.166666666666671, 34.68333333333333 ], [ 79.166666666666671, 34.7 ], [ 79.16, 34.7 ], [ 79.16, 34.703333333333333 ], [ 79.143333333333331, 34.703333333333333 ], [ 79.143333333333331, 34.69 ], [ 79.14, 34.69 ], [ 79.14, 34.686666666666667 ], [ 79.13, 34.686666666666667 ], [ 79.13, 34.68333333333333 ], [ 79.123333333333335, 34.68333333333333 ], [ 79.123333333333335, 34.66 ], [ 79.13, 34.66 ], [ 79.13, 34.656666666666666 ], [ 79.13333333333334, 34.656666666666666 ], [ 79.13333333333334, 34.653333333333336 ], [ 79.15, 34.653333333333336 ], [ 79.15, 34.65 ], [ 79.16, 34.65 ], [ 79.16, 34.646666666666668 ], [ 79.156666666666666, 34.646666666666668 ], [ 79.156666666666666, 34.63 ], [ 79.176666666666662, 34.63 ], [ 79.176666666666662, 34.623333333333335 ], [ 79.186666666666667, 34.623333333333335 ], [ 79.186666666666667, 34.62 ], [ 79.193333333333328, 34.62 ], [ 79.193333333333328, 34.61 ], [ 79.206666666666663, 34.61 ], [ 79.206666666666663, 34.606666666666669 ], [ 79.21, 34.606666666666669 ], [ 79.21, 34.603333333333332 ], [ 79.216666666666669, 34.603333333333332 ], [ 79.216666666666669, 34.6 ], [ 79.226666666666659, 34.6 ], [ 79.226666666666659, 34.596666666666664 ], [ 79.23, 34.596666666666664 ], [ 79.23, 34.59 ], [ 79.24666666666667, 34.59 ], [ 79.24666666666667, 34.596666666666664 ], [ 79.25, 34.596666666666664 ], [ 79.25, 34.593333333333334 ], [ 79.25333333333333, 34.593333333333334 ], [ 79.25333333333333, 34.59 ], [ 79.273333333333341, 34.59 ], [ 79.273333333333341, 34.586666666666666 ], [ 79.283333333333331, 34.586666666666666 ], [ 79.283333333333331, 34.58 ], [ 79.273333333333341, 34.58 ], [ 79.273333333333341, 34.573333333333331 ], [ 79.266666666666666, 34.573333333333331 ], [ 79.266666666666666, 34.553333333333335 ], [ 79.29, 34.553333333333335 ], [ 79.29, 34.56 ], [ 79.293333333333337, 34.56 ], [ 79.293333333333337, 34.563333333333333 ], [ 79.296666666666667, 34.563333333333333 ], [ 79.296666666666667, 34.56666666666667 ], [ 79.3, 34.56666666666667 ], [ 79.3, 34.57 ], [ 79.303333333333327, 34.57 ], [ 79.303333333333327, 34.573333333333331 ], [ 79.313333333333333, 34.573333333333331 ], [ 79.313333333333333, 34.57 ], [ 79.333333333333329, 34.57 ], [ 79.333333333333329, 34.56666666666667 ], [ 79.336666666666673, 34.56666666666667 ], [ 79.336666666666673, 34.556666666666665 ], [ 79.37, 34.556666666666665 ], [ 79.37, 34.56 ], [ 79.373333333333335, 34.56 ], [ 79.373333333333335, 34.576666666666668 ], [ 79.36333333333333, 34.576666666666668 ], [ 79.36333333333333, 34.58 ], [ 79.353333333333339, 34.58 ], [ 79.353333333333339, 34.583333333333336 ], [ 79.35, 34.583333333333336 ], [ 79.35, 34.586666666666666 ], [ 79.343333333333334, 34.586666666666666 ], [ 79.343333333333334, 34.59 ], [ 79.336666666666673, 34.59 ], [ 79.336666666666673, 34.596666666666664 ], [ 79.36, 34.596666666666664 ], [ 79.36, 34.593333333333334 ], [ 79.38333333333334, 34.593333333333334 ], [ 79.38333333333334, 34.59 ], [ 79.39, 34.59 ], [ 79.39, 34.586666666666666 ], [ 79.396666666666661, 34.586666666666666 ], [ 79.396666666666661, 34.583333333333336 ], [ 79.426666666666662, 34.583333333333336 ], [ 79.426666666666662, 34.603333333333332 ], [ 79.42, 34.603333333333332 ], [ 79.42, 34.606666666666669 ], [ 79.426666666666662, 34.606666666666669 ], [ 79.426666666666662, 34.61 ], [ 79.433333333333337, 34.61 ], [ 79.433333333333337, 34.62 ], [ 79.446666666666673, 34.62 ], [ 79.446666666666673, 34.626666666666665 ], [ 79.463333333333338, 34.626666666666665 ], [ 79.463333333333338, 34.64 ], [ 79.48, 34.64 ], [ 79.48, 34.66 ], [ 79.476666666666659, 34.66 ], [ 79.476666666666659, 34.663333333333334 ], [ 79.48, 34.663333333333334 ], [ 79.48, 34.68 ], [ 79.476666666666659, 34.68 ], [ 79.476666666666659, 34.68333333333333 ], [ 79.47, 34.68333333333333 ], [ 79.47, 34.686666666666667 ], [ 79.456666666666663, 34.686666666666667 ], [ 79.456666666666663, 34.69 ], [ 79.513333333333335, 34.69 ], [ 79.513333333333335, 34.686666666666667 ], [ 79.52, 34.686666666666667 ], [ 79.52, 34.68333333333333 ], [ 79.55, 34.68333333333333 ], [ 79.55, 34.68 ], [ 79.56, 34.68 ], [ 79.56, 34.67 ], [ 79.57, 34.67 ], [ 79.57, 34.666666666666664 ], [ 79.553333333333327, 34.666666666666664 ], [ 79.553333333333327, 34.67 ], [ 79.536666666666662, 34.67 ], [ 79.536666666666662, 34.663333333333334 ], [ 79.533333333333331, 34.663333333333334 ], [ 79.533333333333331, 34.646666666666668 ], [ 79.53, 34.646666666666668 ], [ 79.53, 34.66 ], [ 79.5, 34.66 ], [ 79.5, 34.643333333333331 ], [ 79.50333333333333, 34.643333333333331 ], [ 79.50333333333333, 34.64 ], [ 79.506666666666661, 34.64 ], [ 79.506666666666661, 34.636666666666663 ], [ 79.51, 34.636666666666663 ], [ 79.51, 34.633333333333333 ], [ 79.513333333333335, 34.633333333333333 ], [ 79.513333333333335, 34.61 ], [ 79.54, 34.61 ], [ 79.54, 34.606666666666669 ], [ 79.566666666666663, 34.606666666666669 ], [ 79.566666666666663, 34.61 ], [ 79.58, 34.61 ], [ 79.58, 34.63 ], [ 79.566666666666663, 34.63 ], [ 79.566666666666663, 34.636666666666663 ], [ 79.553333333333327, 34.636666666666663 ], [ 79.553333333333327, 34.64 ], [ 79.55, 34.64 ], [ 79.55, 34.643333333333331 ], [ 79.556666666666672, 34.643333333333331 ], [ 79.556666666666672, 34.646666666666668 ], [ 79.573333333333338, 34.646666666666668 ], [ 79.573333333333338, 34.65 ], [ 79.583333333333329, 34.65 ], [ 79.583333333333329, 34.646666666666668 ], [ 79.586666666666673, 34.646666666666668 ], [ 79.586666666666673, 34.64 ], [ 79.606666666666669, 34.64 ], [ 79.606666666666669, 34.636666666666663 ], [ 79.61, 34.636666666666663 ], [ 79.61, 34.633333333333333 ], [ 79.596666666666664, 34.633333333333333 ], [ 79.596666666666664, 34.616666666666667 ], [ 79.62, 34.616666666666667 ], [ 79.62, 34.61 ], [ 79.626666666666665, 34.61 ], [ 79.626666666666665, 34.606666666666669 ], [ 79.62, 34.606666666666669 ], [ 79.62, 34.59 ], [ 79.626666666666665, 34.59 ], [ 79.626666666666665, 34.586666666666666 ], [ 79.643333333333331, 34.586666666666666 ], [ 79.643333333333331, 34.61 ], [ 79.65, 34.61 ], [ 79.65, 34.61333333333333 ], [ 79.653333333333336, 34.61333333333333 ], [ 79.653333333333336, 34.61 ], [ 79.663333333333327, 34.61 ], [ 79.663333333333327, 34.606666666666669 ], [ 79.69, 34.606666666666669 ], [ 79.69, 34.61 ], [ 79.693333333333328, 34.61 ], [ 79.693333333333328, 34.61333333333333 ], [ 79.706666666666663, 34.61333333333333 ], [ 79.706666666666663, 34.62 ], [ 79.71, 34.62 ], [ 79.71, 34.623333333333335 ], [ 79.713333333333338, 34.623333333333335 ], [ 79.713333333333338, 34.626666666666665 ], [ 79.716666666666669, 34.626666666666665 ], [ 79.716666666666669, 34.633333333333333 ], [ 79.733333333333334, 34.633333333333333 ], [ 79.733333333333334, 34.643333333333331 ], [ 79.736666666666665, 34.643333333333331 ], [ 79.736666666666665, 34.646666666666668 ], [ 79.74666666666667, 34.646666666666668 ], [ 79.74666666666667, 34.643333333333331 ], [ 79.756666666666661, 34.643333333333331 ], [ 79.756666666666661, 34.64 ], [ 79.776666666666671, 34.64 ], [ 79.776666666666671, 34.643333333333331 ], [ 79.8, 34.643333333333331 ], [ 79.8, 34.64 ], [ 79.82, 34.64 ], [ 79.82, 34.633333333333333 ], [ 79.823333333333338, 34.633333333333333 ], [ 79.823333333333338, 34.63 ], [ 79.84, 34.63 ], [ 79.84, 34.64 ], [ 79.856666666666669, 34.64 ], [ 79.856666666666669, 34.636666666666663 ], [ 79.86, 34.636666666666663 ], [ 79.86, 34.623333333333335 ], [ 79.876666666666665, 34.623333333333335 ], [ 79.876666666666665, 34.63 ], [ 79.88, 34.63 ], [ 79.88, 34.633333333333333 ], [ 79.906666666666666, 34.633333333333333 ], [ 79.906666666666666, 34.63 ], [ 79.923333333333332, 34.63 ], [ 79.923333333333332, 34.633333333333333 ], [ 79.926666666666662, 34.633333333333333 ], [ 79.926666666666662, 34.626666666666665 ], [ 79.943333333333328, 34.626666666666665 ], [ 79.943333333333328, 34.646666666666668 ], [ 79.936666666666667, 34.646666666666668 ], [ 79.936666666666667, 34.65 ], [ 79.933333333333337, 34.65 ], [ 79.933333333333337, 34.653333333333336 ], [ 79.926666666666662, 34.653333333333336 ], [ 79.926666666666662, 34.656666666666666 ], [ 79.923333333333332, 34.656666666666666 ], [ 79.923333333333332, 34.66 ], [ 79.92, 34.66 ], [ 79.92, 34.666666666666664 ], [ 79.916666666666671, 34.666666666666664 ], [ 79.916666666666671, 34.673333333333332 ], [ 79.91, 34.673333333333332 ], [ 79.91, 34.676666666666669 ], [ 79.906666666666666, 34.676666666666669 ], [ 79.906666666666666, 34.68 ], [ 79.89, 34.68 ], [ 79.89, 34.673333333333332 ], [ 79.88, 34.673333333333332 ], [ 79.88, 34.68333333333333 ], [ 79.88666666666667, 34.68333333333333 ], [ 79.88666666666667, 34.7 ], [ 79.88333333333334, 34.7 ], [ 79.88333333333334, 34.703333333333333 ], [ 79.87, 34.703333333333333 ], [ 79.87, 34.706666666666663 ], [ 79.866666666666674, 34.706666666666663 ], [ 79.866666666666674, 34.71 ], [ 79.876666666666665, 34.71 ], [ 79.876666666666665, 34.706666666666663 ], [ 79.9, 34.706666666666663 ], [ 79.9, 34.71 ], [ 79.903333333333336, 34.71 ], [ 79.903333333333336, 34.706666666666663 ], [ 79.906666666666666, 34.706666666666663 ], [ 79.906666666666666, 34.693333333333335 ], [ 79.91, 34.693333333333335 ], [ 79.91, 34.69 ], [ 79.933333333333337, 34.69 ], [ 79.933333333333337, 34.686666666666667 ], [ 79.936666666666667, 34.686666666666667 ], [ 79.936666666666667, 34.68 ], [ 79.933333333333337, 34.68 ], [ 79.933333333333337, 34.66 ], [ 79.94, 34.66 ], [ 79.94, 34.656666666666666 ], [ 79.946666666666673, 34.656666666666666 ], [ 79.946666666666673, 34.646666666666668 ], [ 79.95, 34.646666666666668 ], [ 79.95, 34.636666666666663 ], [ 79.956666666666663, 34.636666666666663 ], [ 79.956666666666663, 34.633333333333333 ], [ 79.966666666666669, 34.633333333333333 ], [ 79.966666666666669, 34.63 ], [ 79.986666666666665, 34.63 ], [ 79.986666666666665, 34.646666666666668 ], [ 79.976666666666659, 34.646666666666668 ], [ 79.976666666666659, 34.65 ], [ 79.973333333333329, 34.65 ], [ 79.973333333333329, 34.67 ], [ 79.966666666666669, 34.67 ], [ 79.966666666666669, 34.673333333333332 ], [ 79.963333333333338, 34.673333333333332 ], [ 79.963333333333338, 34.68333333333333 ], [ 79.97, 34.68333333333333 ], [ 79.97, 34.696666666666665 ], [ 79.983333333333334, 34.696666666666665 ], [ 79.983333333333334, 34.69 ], [ 80.0, 34.69 ], [ 80.0, 34.73 ], [ 79.983333333333334, 34.73 ], [ 79.983333333333334, 34.723333333333336 ], [ 79.966666666666669, 34.723333333333336 ], [ 79.966666666666669, 34.72 ], [ 79.96, 34.72 ], [ 79.96, 34.723333333333336 ], [ 79.943333333333328, 34.723333333333336 ], [ 79.943333333333328, 34.726666666666667 ], [ 79.936666666666667, 34.726666666666667 ], [ 79.936666666666667, 34.733333333333334 ], [ 79.92, 34.733333333333334 ], [ 79.92, 34.73 ], [ 79.913333333333327, 34.73 ], [ 79.913333333333327, 34.726666666666667 ], [ 79.89, 34.726666666666667 ], [ 79.89, 34.73 ], [ 79.88666666666667, 34.73 ], [ 79.88666666666667, 34.733333333333334 ], [ 79.87, 34.733333333333334 ], [ 79.87, 34.736666666666665 ], [ 79.846666666666664, 34.736666666666665 ], [ 79.846666666666664, 34.74 ], [ 79.843333333333334, 34.74 ], [ 79.843333333333334, 34.743333333333332 ], [ 79.84, 34.743333333333332 ], [ 79.84, 34.74666666666667 ], [ 79.836666666666673, 34.74666666666667 ], [ 79.836666666666673, 34.75333333333333 ], [ 79.82, 34.75333333333333 ], [ 79.82, 34.74 ], [ 79.816666666666663, 34.74 ], [ 79.816666666666663, 34.736666666666665 ], [ 79.813333333333333, 34.736666666666665 ], [ 79.813333333333333, 34.733333333333334 ], [ 79.81, 34.733333333333334 ], [ 79.81, 34.73 ], [ 79.806666666666672, 34.73 ], [ 79.806666666666672, 34.733333333333334 ], [ 79.8, 34.733333333333334 ], [ 79.8, 34.736666666666665 ], [ 79.78, 34.736666666666665 ], [ 79.78, 34.72 ], [ 79.783333333333331, 34.72 ], [ 79.783333333333331, 34.716666666666669 ], [ 79.756666666666661, 34.716666666666669 ], [ 79.756666666666661, 34.72 ], [ 79.75, 34.72 ], [ 79.75, 34.723333333333336 ], [ 79.74, 34.723333333333336 ], [ 79.74, 34.726666666666667 ], [ 79.736666666666665, 34.726666666666667 ], [ 79.736666666666665, 34.73 ], [ 79.72, 34.73 ], [ 79.72, 34.726666666666667 ], [ 79.71, 34.726666666666667 ], [ 79.71, 34.73 ], [ 79.703333333333333, 34.73 ], [ 79.703333333333333, 34.733333333333334 ], [ 79.696666666666673, 34.733333333333334 ], [ 79.696666666666673, 34.736666666666665 ], [ 79.706666666666663, 34.736666666666665 ], [ 79.706666666666663, 34.75333333333333 ], [ 79.703333333333333, 34.75333333333333 ], [ 79.703333333333333, 34.756666666666668 ], [ 79.7, 34.756666666666668 ], [ 79.7, 34.77 ], [ 79.68, 34.77 ], [ 79.68, 34.776666666666664 ], [ 79.663333333333327, 34.776666666666664 ], [ 79.663333333333327, 34.773333333333333 ], [ 79.653333333333336, 34.773333333333333 ], [ 79.653333333333336, 34.776666666666664 ], [ 79.65, 34.776666666666664 ], [ 79.65, 34.78 ], [ 79.64, 34.78 ], [ 79.64, 34.783333333333331 ], [ 79.63, 34.783333333333331 ], [ 79.63, 34.786666666666669 ], [ 79.626666666666665, 34.786666666666669 ], [ 79.626666666666665, 34.79 ], [ 79.623333333333335, 34.79 ], [ 79.623333333333335, 34.793333333333337 ], [ 79.62, 34.793333333333337 ], [ 79.62, 34.803333333333335 ], [ 79.603333333333339, 34.803333333333335 ], [ 79.603333333333339, 34.79 ], [ 79.6, 34.79 ], [ 79.6, 34.78 ], [ 79.58, 34.78 ], [ 79.58, 34.783333333333331 ], [ 79.563333333333333, 34.783333333333331 ], [ 79.563333333333333, 34.78 ], [ 79.56, 34.78 ], [ 79.56, 34.793333333333337 ], [ 79.553333333333327, 34.793333333333337 ], [ 79.553333333333327, 34.803333333333335 ], [ 79.546666666666667, 34.803333333333335 ], [ 79.546666666666667, 34.81 ], [ 79.566666666666663, 34.81 ], [ 79.566666666666663, 34.82 ], [ 79.58, 34.82 ], [ 79.58, 34.81666666666667 ], [ 79.59, 34.81666666666667 ], [ 79.59, 34.813333333333333 ], [ 79.606666666666669, 34.813333333333333 ], [ 79.606666666666669, 34.83 ], [ 79.603333333333339, 34.83 ], [ 79.603333333333339, 34.843333333333334 ], [ 79.586666666666673, 34.843333333333334 ], [ 79.586666666666673, 34.84 ], [ 79.576666666666668, 34.84 ], [ 79.576666666666668, 34.853333333333332 ], [ 79.56, 34.853333333333332 ], [ 79.56, 34.85 ], [ 79.556666666666672, 34.85 ], [ 79.556666666666672, 34.833333333333336 ], [ 79.55, 34.833333333333336 ], [ 79.55, 34.836666666666666 ], [ 79.546666666666667, 34.836666666666666 ], [ 79.546666666666667, 34.84 ], [ 79.543333333333337, 34.84 ], [ 79.543333333333337, 34.843333333333334 ], [ 79.54, 34.843333333333334 ], [ 79.54, 34.853333333333332 ], [ 79.53, 34.853333333333332 ], [ 79.53, 34.856666666666669 ], [ 79.526666666666671, 34.856666666666669 ], [ 79.526666666666671, 34.86 ], [ 79.50333333333333, 34.86 ], [ 79.50333333333333, 34.863333333333337 ], [ 79.5, 34.863333333333337 ], [ 79.5, 34.866666666666667 ], [ 79.49666666666667, 34.866666666666667 ], [ 79.49666666666667, 34.87 ], [ 79.493333333333339, 34.87 ], [ 79.493333333333339, 34.88 ], [ 79.49, 34.88 ], [ 79.49, 34.893333333333331 ], [ 79.48, 34.893333333333331 ], [ 79.48, 34.896666666666668 ], [ 79.473333333333329, 34.896666666666668 ], [ 79.473333333333329, 34.9 ], [ 79.463333333333338, 34.9 ], [ 79.463333333333338, 34.903333333333336 ], [ 79.44, 34.903333333333336 ], [ 79.44, 34.906666666666666 ], [ 79.426666666666662, 34.906666666666666 ], [ 79.426666666666662, 34.91 ], [ 79.423333333333332, 34.91 ], [ 79.423333333333332, 34.913333333333334 ], [ 79.42, 34.913333333333334 ], [ 79.42, 34.916666666666664 ], [ 79.41, 34.916666666666664 ], [ 79.41, 34.923333333333332 ], [ 79.4, 34.923333333333332 ], [ 79.4, 34.926666666666669 ], [ 79.396666666666661, 34.926666666666669 ], [ 79.396666666666661, 34.93 ], [ 79.393333333333331, 34.93 ], [ 79.393333333333331, 34.93333333333333 ], [ 79.39, 34.93333333333333 ], [ 79.39, 34.943333333333335 ], [ 79.376666666666665, 34.943333333333335 ], [ 79.376666666666665, 34.95 ], [ 79.38, 34.95 ], [ 79.38, 34.953333333333333 ], [ 79.38333333333334, 34.953333333333333 ], [ 79.38333333333334, 34.97 ], [ 79.38, 34.97 ], [ 79.38, 34.976666666666667 ], [ 79.36333333333333, 34.976666666666667 ], [ 79.36333333333333, 34.98 ], [ 79.36, 34.98 ], [ 79.36, 34.983333333333334 ], [ 79.333333333333329, 34.983333333333334 ], [ 79.333333333333329, 34.976666666666667 ], [ 79.33, 34.976666666666667 ], [ 79.33, 34.98 ], [ 79.326666666666668, 34.98 ], [ 79.326666666666668, 34.983333333333334 ], [ 79.32, 34.983333333333334 ], [ 79.32, 34.99 ], [ 79.306666666666672, 34.99 ], [ 79.306666666666672, 34.993333333333332 ], [ 79.303333333333327, 34.993333333333332 ], [ 79.303333333333327, 35.0 ], [ 79.286666666666662, 35.0 ], [ 79.286666666666662, 34.993333333333332 ], [ 79.266666666666666, 34.993333333333332 ], [ 79.266666666666666, 35.0 ], [ 79.13666666666667, 35.0 ] ], [ [ 79.216666666666669, 34.976666666666667 ], [ 79.22, 34.976666666666667 ], [ 79.22, 34.973333333333336 ], [ 79.216666666666669, 34.973333333333336 ], [ 79.216666666666669, 34.976666666666667 ] ], [ [ 79.21, 34.973333333333336 ], [ 79.216666666666669, 34.973333333333336 ], [ 79.216666666666669, 34.97 ], [ 79.21, 34.97 ], [ 79.21, 34.973333333333336 ] ], [ [ 79.11, 34.97 ], [ 79.11333333333333, 34.97 ], [ 79.11333333333333, 34.966666666666669 ], [ 79.11, 34.966666666666669 ], [ 79.11, 34.97 ] ], [ [ 79.086666666666673, 34.966666666666669 ], [ 79.11, 34.966666666666669 ], [ 79.11, 34.963333333333331 ], [ 79.093333333333334, 34.963333333333331 ], [ 79.093333333333334, 34.96 ], [ 79.086666666666673, 34.96 ], [ 79.086666666666673, 34.966666666666669 ] ], [ [ 79.066666666666663, 34.956666666666663 ], [ 79.07, 34.956666666666663 ], [ 79.07, 34.95 ], [ 79.066666666666663, 34.95 ], [ 79.066666666666663, 34.956666666666663 ] ], [ [ 79.28, 34.956666666666663 ], [ 79.283333333333331, 34.956666666666663 ], [ 79.283333333333331, 34.953333333333333 ], [ 79.28, 34.953333333333333 ], [ 79.28, 34.956666666666663 ] ], [ [ 79.263333333333335, 34.946666666666665 ], [ 79.273333333333341, 34.946666666666665 ], [ 79.273333333333341, 34.94 ], [ 79.266666666666666, 34.94 ], [ 79.266666666666666, 34.926666666666669 ], [ 79.263333333333335, 34.926666666666669 ], [ 79.263333333333335, 34.92 ], [ 79.26, 34.92 ], [ 79.26, 34.943333333333335 ], [ 79.263333333333335, 34.943333333333335 ], [ 79.263333333333335, 34.946666666666665 ] ], [ [ 79.033333333333331, 34.936666666666667 ], [ 79.046666666666667, 34.936666666666667 ], [ 79.046666666666667, 34.93333333333333 ], [ 79.05, 34.93333333333333 ], [ 79.05, 34.903333333333336 ], [ 79.043333333333337, 34.903333333333336 ], [ 79.043333333333337, 34.906666666666666 ], [ 79.04, 34.906666666666666 ], [ 79.04, 34.92 ], [ 79.036666666666662, 34.92 ], [ 79.036666666666662, 34.926666666666669 ], [ 79.033333333333331, 34.926666666666669 ], [ 79.033333333333331, 34.936666666666667 ] ], [ [ 79.296666666666667, 34.936666666666667 ], [ 79.306666666666672, 34.936666666666667 ], [ 79.306666666666672, 34.93333333333333 ], [ 79.296666666666667, 34.93333333333333 ], [ 79.296666666666667, 34.936666666666667 ] ], [ [ 79.323333333333338, 34.93333333333333 ], [ 79.33, 34.93333333333333 ], [ 79.33, 34.93 ], [ 79.323333333333338, 34.93 ], [ 79.323333333333338, 34.93333333333333 ] ], [ [ 78.98, 34.893333333333331 ], [ 78.983333333333334, 34.893333333333331 ], [ 78.983333333333334, 34.89 ], [ 78.98, 34.89 ], [ 78.98, 34.893333333333331 ] ], [ [ 78.78, 34.89 ], [ 78.786666666666662, 34.89 ], [ 78.786666666666662, 34.886666666666663 ], [ 78.783333333333331, 34.886666666666663 ], [ 78.783333333333331, 34.883333333333333 ], [ 78.78, 34.883333333333333 ], [ 78.78, 34.866666666666667 ], [ 78.786666666666662, 34.866666666666667 ], [ 78.786666666666662, 34.863333333333337 ], [ 78.79, 34.863333333333337 ], [ 78.79, 34.86 ], [ 78.793333333333337, 34.86 ], [ 78.793333333333337, 34.853333333333332 ], [ 78.783333333333331, 34.853333333333332 ], [ 78.783333333333331, 34.856666666666669 ], [ 78.78, 34.856666666666669 ], [ 78.78, 34.86 ], [ 78.773333333333341, 34.86 ], [ 78.773333333333341, 34.866666666666667 ], [ 78.77, 34.866666666666667 ], [ 78.77, 34.873333333333335 ], [ 78.75333333333333, 34.873333333333335 ], [ 78.75333333333333, 34.87 ], [ 78.75, 34.87 ], [ 78.75, 34.876666666666665 ], [ 78.75333333333333, 34.876666666666665 ], [ 78.75333333333333, 34.88 ], [ 78.773333333333341, 34.88 ], [ 78.773333333333341, 34.886666666666663 ], [ 78.78, 34.886666666666663 ], [ 78.78, 34.89 ] ], [ [ 78.993333333333339, 34.89 ], [ 78.99666666666667, 34.89 ], [ 78.99666666666667, 34.886666666666663 ], [ 78.993333333333339, 34.886666666666663 ], [ 78.993333333333339, 34.89 ] ], [ [ 79.436666666666667, 34.89 ], [ 79.44, 34.89 ], [ 79.44, 34.886666666666663 ], [ 79.443333333333328, 34.886666666666663 ], [ 79.443333333333328, 34.883333333333333 ], [ 79.436666666666667, 34.883333333333333 ], [ 79.436666666666667, 34.89 ] ], [ [ 78.956666666666663, 34.876666666666665 ], [ 78.96, 34.876666666666665 ], [ 78.96, 34.873333333333335 ], [ 78.956666666666663, 34.873333333333335 ], [ 78.956666666666663, 34.876666666666665 ] ], [ [ 79.45, 34.873333333333335 ], [ 79.453333333333333, 34.873333333333335 ], [ 79.453333333333333, 34.87 ], [ 79.47, 34.87 ], [ 79.47, 34.866666666666667 ], [ 79.473333333333329, 34.866666666666667 ], [ 79.473333333333329, 34.853333333333332 ], [ 79.483333333333334, 34.853333333333332 ], [ 79.483333333333334, 34.85 ], [ 79.486666666666665, 34.85 ], [ 79.486666666666665, 34.843333333333334 ], [ 79.483333333333334, 34.843333333333334 ], [ 79.483333333333334, 34.84 ], [ 79.473333333333329, 34.84 ], [ 79.473333333333329, 34.843333333333334 ], [ 79.466666666666669, 34.843333333333334 ], [ 79.466666666666669, 34.846666666666664 ], [ 79.46, 34.846666666666664 ], [ 79.46, 34.856666666666669 ], [ 79.456666666666663, 34.856666666666669 ], [ 79.456666666666663, 34.863333333333337 ], [ 79.45, 34.863333333333337 ], [ 79.45, 34.873333333333335 ] ], [ [ 78.983333333333334, 34.853333333333332 ], [ 78.99, 34.853333333333332 ], [ 78.99, 34.85 ], [ 78.983333333333334, 34.85 ], [ 78.983333333333334, 34.853333333333332 ] ], [ [ 78.993333333333339, 34.846666666666664 ], [ 79.0, 34.846666666666664 ], [ 79.0, 34.843333333333334 ], [ 79.006666666666661, 34.843333333333334 ], [ 79.006666666666661, 34.84 ], [ 79.023333333333341, 34.84 ], [ 79.023333333333341, 34.836666666666666 ], [ 79.02, 34.836666666666666 ], [ 79.02, 34.833333333333336 ], [ 79.016666666666666, 34.833333333333336 ], [ 79.016666666666666, 34.836666666666666 ], [ 78.99666666666667, 34.836666666666666 ], [ 78.99666666666667, 34.843333333333334 ], [ 78.993333333333339, 34.843333333333334 ], [ 78.993333333333339, 34.846666666666664 ] ], [ [ 79.036666666666662, 34.833333333333336 ], [ 79.04, 34.833333333333336 ], [ 79.04, 34.83 ], [ 79.036666666666662, 34.83 ], [ 79.036666666666662, 34.833333333333336 ] ], [ [ 79.04, 34.83 ], [ 79.046666666666667, 34.83 ], [ 79.046666666666667, 34.826666666666668 ], [ 79.053333333333327, 34.826666666666668 ], [ 79.053333333333327, 34.82 ], [ 79.046666666666667, 34.82 ], [ 79.046666666666667, 34.813333333333333 ], [ 79.04, 34.813333333333333 ], [ 79.04, 34.83 ] ], [ [ 78.79, 34.81666666666667 ], [ 78.796666666666667, 34.81666666666667 ], [ 78.796666666666667, 34.81 ], [ 78.79, 34.81 ], [ 78.79, 34.81666666666667 ] ], [ [ 78.763333333333335, 34.813333333333333 ], [ 78.77, 34.813333333333333 ], [ 78.77, 34.81 ], [ 78.766666666666666, 34.81 ], [ 78.766666666666666, 34.796666666666667 ], [ 78.756666666666661, 34.796666666666667 ], [ 78.756666666666661, 34.793333333333337 ], [ 78.75, 34.793333333333337 ], [ 78.75, 34.796666666666667 ], [ 78.75333333333333, 34.796666666666667 ], [ 78.75333333333333, 34.8 ], [ 78.763333333333335, 34.8 ], [ 78.763333333333335, 34.813333333333333 ] ], [ [ 78.796666666666667, 34.81 ], [ 78.8, 34.81 ], [ 78.8, 34.806666666666665 ], [ 78.806666666666672, 34.806666666666665 ], [ 78.806666666666672, 34.8 ], [ 78.826666666666668, 34.8 ], [ 78.826666666666668, 34.796666666666667 ], [ 78.83, 34.796666666666667 ], [ 78.83, 34.793333333333337 ], [ 78.836666666666673, 34.793333333333337 ], [ 78.836666666666673, 34.786666666666669 ], [ 78.83, 34.786666666666669 ], [ 78.83, 34.773333333333333 ], [ 78.826666666666668, 34.773333333333333 ], [ 78.826666666666668, 34.77 ], [ 78.813333333333333, 34.77 ], [ 78.813333333333333, 34.773333333333333 ], [ 78.81, 34.773333333333333 ], [ 78.81, 34.776666666666664 ], [ 78.803333333333327, 34.776666666666664 ], [ 78.803333333333327, 34.78 ], [ 78.8, 34.78 ], [ 78.8, 34.786666666666669 ], [ 78.803333333333327, 34.786666666666669 ], [ 78.803333333333327, 34.803333333333335 ], [ 78.796666666666667, 34.803333333333335 ], [ 78.796666666666667, 34.81 ] ], [ [ 78.826666666666668, 34.756666666666668 ], [ 78.83, 34.756666666666668 ], [ 78.83, 34.75333333333333 ], [ 78.826666666666668, 34.75333333333333 ], [ 78.826666666666668, 34.756666666666668 ] ], [ [ 79.27, 34.75 ], [ 79.273333333333341, 34.75 ], [ 79.273333333333341, 34.74666666666667 ], [ 79.29, 34.74666666666667 ], [ 79.29, 34.75 ], [ 79.293333333333337, 34.75 ], [ 79.293333333333337, 34.743333333333332 ], [ 79.3, 34.743333333333332 ], [ 79.3, 34.74 ], [ 79.286666666666662, 34.74 ], [ 79.286666666666662, 34.73 ], [ 79.283333333333331, 34.73 ], [ 79.283333333333331, 34.733333333333334 ], [ 79.276666666666671, 34.733333333333334 ], [ 79.276666666666671, 34.74 ], [ 79.266666666666666, 34.74 ], [ 79.266666666666666, 34.74666666666667 ], [ 79.27, 34.74666666666667 ], [ 79.27, 34.75 ] ], [ [ 79.53, 34.736666666666665 ], [ 79.54, 34.736666666666665 ], [ 79.54, 34.733333333333334 ], [ 79.546666666666667, 34.733333333333334 ], [ 79.546666666666667, 34.73 ], [ 79.55, 34.73 ], [ 79.55, 34.726666666666667 ], [ 79.56, 34.726666666666667 ], [ 79.56, 34.72 ], [ 79.556666666666672, 34.72 ], [ 79.556666666666672, 34.716666666666669 ], [ 79.55, 34.716666666666669 ], [ 79.55, 34.72 ], [ 79.536666666666662, 34.72 ], [ 79.536666666666662, 34.723333333333336 ], [ 79.53, 34.723333333333336 ], [ 79.53, 34.736666666666665 ] ], [ [ 79.24, 34.723333333333336 ], [ 79.256666666666661, 34.723333333333336 ], [ 79.256666666666661, 34.72 ], [ 79.24666666666667, 34.72 ], [ 79.24666666666667, 34.703333333333333 ], [ 79.24, 34.703333333333333 ], [ 79.24, 34.706666666666663 ], [ 79.236666666666665, 34.706666666666663 ], [ 79.236666666666665, 34.71 ], [ 79.22, 34.71 ], [ 79.22, 34.713333333333331 ], [ 79.24, 34.713333333333331 ], [ 79.24, 34.723333333333336 ] ], [ [ 79.81, 34.71 ], [ 79.82, 34.71 ], [ 79.82, 34.706666666666663 ], [ 79.823333333333338, 34.706666666666663 ], [ 79.823333333333338, 34.703333333333333 ], [ 79.813333333333333, 34.703333333333333 ], [ 79.813333333333333, 34.706666666666663 ], [ 79.81, 34.706666666666663 ], [ 79.81, 34.71 ] ], [ [ 79.256666666666661, 34.7 ], [ 79.26, 34.7 ], [ 79.26, 34.696666666666665 ], [ 79.266666666666666, 34.696666666666665 ], [ 79.266666666666666, 34.693333333333335 ], [ 79.256666666666661, 34.693333333333335 ], [ 79.256666666666661, 34.7 ] ], [ [ 79.86333333333333, 34.673333333333332 ], [ 79.873333333333335, 34.673333333333332 ], [ 79.873333333333335, 34.656666666666666 ], [ 79.86333333333333, 34.656666666666666 ], [ 79.86333333333333, 34.673333333333332 ] ], [ [ 79.8, 34.67 ], [ 79.813333333333333, 34.67 ], [ 79.813333333333333, 34.663333333333334 ], [ 79.82, 34.663333333333334 ], [ 79.82, 34.66 ], [ 79.806666666666672, 34.66 ], [ 79.806666666666672, 34.663333333333334 ], [ 79.8, 34.663333333333334 ], [ 79.8, 34.67 ] ], [ [ 79.36, 34.66 ], [ 79.37, 34.66 ], [ 79.37, 34.656666666666666 ], [ 79.36, 34.656666666666666 ], [ 79.36, 34.66 ] ], [ [ 79.82, 34.66 ], [ 79.823333333333338, 34.66 ], [ 79.823333333333338, 34.656666666666666 ], [ 79.82, 34.656666666666666 ], [ 79.82, 34.66 ] ], [ [ 79.336666666666673, 34.656666666666666 ], [ 79.343333333333334, 34.656666666666666 ], [ 79.343333333333334, 34.65 ], [ 79.336666666666673, 34.65 ], [ 79.336666666666673, 34.656666666666666 ] ], [ [ 79.35, 34.65 ], [ 79.36, 34.65 ], [ 79.36, 34.643333333333331 ], [ 79.353333333333339, 34.643333333333331 ], [ 79.353333333333339, 34.646666666666668 ], [ 79.35, 34.646666666666668 ], [ 79.35, 34.65 ] ], [ [ 79.33, 34.646666666666668 ], [ 79.333333333333329, 34.646666666666668 ], [ 79.333333333333329, 34.643333333333331 ], [ 79.33, 34.643333333333331 ], [ 79.33, 34.646666666666668 ] ], [ [ 79.46, 34.646666666666668 ], [ 79.463333333333338, 34.646666666666668 ], [ 79.463333333333338, 34.643333333333331 ], [ 79.46, 34.643333333333331 ], [ 79.46, 34.646666666666668 ] ], [ [ 79.436666666666667, 34.643333333333331 ], [ 79.44, 34.643333333333331 ], [ 79.44, 34.64 ], [ 79.436666666666667, 34.64 ], [ 79.436666666666667, 34.643333333333331 ] ], [ [ 79.293333333333337, 34.64 ], [ 79.3, 34.64 ], [ 79.3, 34.636666666666663 ], [ 79.306666666666672, 34.636666666666663 ], [ 79.306666666666672, 34.633333333333333 ], [ 79.303333333333327, 34.633333333333333 ], [ 79.303333333333327, 34.63 ], [ 79.286666666666662, 34.63 ], [ 79.286666666666662, 34.636666666666663 ], [ 79.293333333333337, 34.636666666666663 ], [ 79.293333333333337, 34.64 ] ], [ [ 79.326666666666668, 34.64 ], [ 79.33, 34.64 ], [ 79.33, 34.636666666666663 ], [ 79.326666666666668, 34.636666666666663 ], [ 79.326666666666668, 34.64 ] ], [ [ 79.683333333333337, 34.633333333333333 ], [ 79.686666666666667, 34.633333333333333 ], [ 79.686666666666667, 34.63 ], [ 79.69, 34.63 ], [ 79.69, 34.626666666666665 ], [ 79.683333333333337, 34.626666666666665 ], [ 79.683333333333337, 34.633333333333333 ] ] ] } },
{ "type": "Feature", "properties": { "site_id": "SAFE-SITE-013", "mean_cci": 93.8, "area_sqkm": 15.33, "capacity_families": 1839, "suitability_tier": "Viable (CCI 60-70)" }, "geometry": { "type": "Polygon", "coordinates": [ [ [ 79.396666666666661, 34.573333333333331 ], [ 79.396666666666661, 34.553333333333335 ], [ 79.413333333333327, 34.553333333333335 ], [ 79.413333333333327, 34.556666666666665 ], [ 79.42, 34.556666666666665 ], [ 79.42, 34.55 ], [ 79.43, 34.55 ], [ 79.43, 34.54 ], [ 79.446666666666673, 34.54 ], [ 79.446666666666673, 34.546666666666667 ], [ 79.453333333333333, 34.546666666666667 ], [ 79.453333333333333, 34.556666666666665 ], [ 79.456666666666663, 34.556666666666665 ], [ 79.456666666666663, 34.573333333333331 ], [ 79.396666666666661, 34.573333333333331 ] ] ] } },
{ "type": "Feature", "properties": { "site_id": "SAFE-SITE-014", "mean_cci": 93.8, "area_sqkm": 134.94, "capacity_families": 16192, "suitability_tier": "Viable (CCI 60-70)" }, "geometry": { "type": "Polygon", "coordinates": [ [ [ 77.543333333333337, 34.74 ], [ 77.543333333333337, 34.71 ], [ 77.546666666666667, 34.71 ], [ 77.546666666666667, 34.693333333333335 ], [ 77.55, 34.693333333333335 ], [ 77.55, 34.68 ], [ 77.553333333333327, 34.68 ], [ 77.553333333333327, 34.673333333333332 ], [ 77.556666666666672, 34.673333333333332 ], [ 77.556666666666672, 34.663333333333334 ], [ 77.56, 34.663333333333334 ], [ 77.56, 34.66 ], [ 77.563333333333333, 34.66 ], [ 77.563333333333333, 34.656666666666666 ], [ 77.566666666666663, 34.656666666666666 ], [ 77.566666666666663, 34.646666666666668 ], [ 77.57, 34.646666666666668 ], [ 77.57, 34.64 ], [ 77.573333333333338, 34.64 ], [ 77.573333333333338, 34.63 ], [ 77.576666666666668, 34.63 ], [ 77.576666666666668, 34.626666666666665 ], [ 77.58, 34.626666666666665 ], [ 77.58, 34.62 ], [ 77.583333333333329, 34.62 ], [ 77.583333333333329, 34.616666666666667 ], [ 77.586666666666673, 34.616666666666667 ], [ 77.586666666666673, 34.61333333333333 ], [ 77.59, 34.61333333333333 ], [ 77.59, 34.61 ], [ 77.593333333333334, 34.61 ], [ 77.593333333333334, 34.606666666666669 ], [ 77.596666666666664, 34.606666666666669 ], [ 77.596666666666664, 34.6 ], [ 77.593333333333334, 34.6 ], [ 77.593333333333334, 34.596666666666664 ], [ 77.59, 34.596666666666664 ], [ 77.59, 34.593333333333334 ], [ 77.583333333333329, 34.593333333333334 ], [ 77.583333333333329, 34.59 ], [ 77.576666666666668, 34.59 ], [ 77.576666666666668, 34.586666666666666 ], [ 77.57, 34.586666666666666 ], [ 77.57, 34.59 ], [ 77.536666666666662, 34.59 ], [ 77.536666666666662, 34.593333333333334 ], [ 77.533333333333331, 34.593333333333334 ], [ 77.533333333333331, 34.596666666666664 ], [ 77.526666666666671, 34.596666666666664 ], [ 77.526666666666671, 34.6 ], [ 77.52, 34.6 ], [ 77.52, 34.603333333333332 ], [ 77.51, 34.603333333333332 ], [ 77.51, 34.606666666666669 ], [ 77.486666666666665, 34.606666666666669 ], [ 77.486666666666665, 34.61 ], [ 77.48, 34.61 ], [ 77.48, 34.62 ], [ 77.476666666666674, 34.62 ], [ 77.476666666666674, 34.623333333333335 ], [ 77.47, 34.623333333333335 ], [ 77.47, 34.626666666666665 ], [ 77.466666666666669, 34.626666666666665 ], [ 77.466666666666669, 34.63 ], [ 77.463333333333338, 34.63 ], [ 77.463333333333338, 34.633333333333333 ], [ 77.46, 34.633333333333333 ], [ 77.46, 34.636666666666663 ], [ 77.456666666666663, 34.636666666666663 ], [ 77.456666666666663, 34.64 ], [ 77.453333333333333, 34.64 ], [ 77.453333333333333, 34.646666666666668 ], [ 77.446666666666673, 34.646666666666668 ], [ 77.446666666666673, 34.65 ], [ 77.423333333333332, 34.65 ], [ 77.423333333333332, 34.63 ], [ 77.426666666666662, 34.63 ], [ 77.426666666666662, 34.626666666666665 ], [ 77.43, 34.626666666666665 ], [ 77.43, 34.623333333333335 ], [ 77.44, 34.623333333333335 ], [ 77.44, 34.62 ], [ 77.446666666666673, 34.62 ], [ 77.446666666666673, 34.61333333333333 ], [ 77.45, 34.61333333333333 ], [ 77.45, 34.61 ], [ 77.453333333333333, 34.61 ], [ 77.453333333333333, 34.606666666666669 ], [ 77.456666666666663, 34.606666666666669 ], [ 77.456666666666663, 34.6 ], [ 77.46, 34.6 ], [ 77.46, 34.593333333333334 ], [ 77.463333333333338, 34.593333333333334 ], [ 77.463333333333338, 34.59 ], [ 77.47, 34.59 ], [ 77.47, 34.583333333333336 ], [ 77.473333333333329, 34.583333333333336 ], [ 77.473333333333329, 34.58 ], [ 77.476666666666674, 34.58 ], [ 77.476666666666674, 34.576666666666668 ], [ 77.48, 34.576666666666668 ], [ 77.48, 34.573333333333331 ], [ 77.493333333333339, 34.573333333333331 ], [ 77.493333333333339, 34.57 ], [ 77.5, 34.57 ], [ 77.5, 34.56666666666667 ], [ 77.506666666666661, 34.56666666666667 ], [ 77.506666666666661, 34.563333333333333 ], [ 77.52, 34.563333333333333 ], [ 77.52, 34.56 ], [ 77.523333333333341, 34.56 ], [ 77.523333333333341, 34.556666666666665 ], [ 77.53, 34.556666666666665 ], [ 77.53, 34.553333333333335 ], [ 77.546666666666667, 34.553333333333335 ], [ 77.546666666666667, 34.55 ], [ 77.566666666666663, 34.55 ], [ 77.566666666666663, 34.546666666666667 ], [ 77.573333333333338, 34.546666666666667 ], [ 77.573333333333338, 34.543333333333337 ], [ 77.58, 34.543333333333337 ], [ 77.58, 34.54 ], [ 77.59, 34.54 ], [ 77.59, 34.536666666666669 ], [ 77.63333333333334, 34.536666666666669 ], [ 77.63333333333334, 34.56 ], [ 77.63, 34.56 ], [ 77.63, 34.563333333333333 ], [ 77.626666666666665, 34.563333333333333 ], [ 77.626666666666665, 34.56666666666667 ], [ 77.623333333333335, 34.56666666666667 ], [ 77.623333333333335, 34.57 ], [ 77.62, 34.57 ], [ 77.62, 34.603333333333332 ], [ 77.623333333333335, 34.603333333333332 ], [ 77.623333333333335, 34.62 ], [ 77.62, 34.62 ], [ 77.62, 34.623333333333335 ], [ 77.61333333333333, 34.623333333333335 ], [ 77.61333333333333, 34.636666666666663 ], [ 77.61, 34.636666666666663 ], [ 77.61, 34.643333333333331 ], [ 77.603333333333339, 34.643333333333331 ], [ 77.603333333333339, 34.646666666666668 ], [ 77.6, 34.646666666666668 ], [ 77.6, 34.65 ], [ 77.596666666666664, 34.65 ], [ 77.596666666666664, 34.653333333333336 ], [ 77.593333333333334, 34.653333333333336 ], [ 77.593333333333334, 34.673333333333332 ], [ 77.59, 34.673333333333332 ], [ 77.59, 34.676666666666669 ], [ 77.583333333333329, 34.676666666666669 ], [ 77.583333333333329, 34.69 ], [ 77.58, 34.69 ], [ 77.58, 34.693333333333335 ], [ 77.576666666666668, 34.693333333333335 ], [ 77.576666666666668, 34.703333333333333 ], [ 77.573333333333338, 34.703333333333333 ], [ 77.573333333333338, 34.706666666666663 ], [ 77.57, 34.706666666666663 ], [ 77.57, 34.71 ], [ 77.566666666666663, 34.71 ], [ 77.566666666666663, 34.73 ], [ 77.563333333333333, 34.73 ], [ 77.563333333333333, 34.733333333333334 ], [ 77.56, 34.733333333333334 ], [ 77.56, 34.74 ], [ 77.543333333333337, 34.74 ] ] ] } },
{ "type": "Feature", "properties": { "site_id": "SAFE-SITE-015", "mean_cci": 93.8, "area_sqkm": 32.05, "capacity_families": 3846, "suitability_tier": "Viable (CCI 60-70)" }, "geometry": { "type": "Polygon", "coordinates": [ [ [ 79.783333333333331, 34.573333333333331 ], [ 79.783333333333331, 34.563333333333333 ], [ 79.78, 34.563333333333333 ], [ 79.78, 34.56 ], [ 79.756666666666661, 34.56 ], [ 79.756666666666661, 34.53 ], [ 79.78, 34.53 ], [ 79.78, 34.523333333333333 ], [ 79.783333333333331, 34.523333333333333 ], [ 79.783333333333331, 34.513333333333335 ], [ 79.803333333333327, 34.513333333333335 ], [ 79.803333333333327, 34.523333333333333 ], [ 79.826666666666668, 34.523333333333333 ], [ 79.826666666666668, 34.54 ], [ 79.823333333333338, 34.54 ], [ 79.823333333333338, 34.543333333333337 ], [ 79.82, 34.543333333333337 ], [ 79.82, 34.546666666666667 ], [ 79.826666666666668, 34.546666666666667 ], [ 79.826666666666668, 34.563333333333333 ], [ 79.823333333333338, 34.563333333333333 ], [ 79.823333333333338, 34.57 ], [ 79.803333333333327, 34.57 ], [ 79.803333333333327, 34.573333333333331 ], [ 79.783333333333331, 34.573333333333331 ] ] ] } },
{ "type": "Feature", "properties": { "site_id": "SAFE-SITE-016", "mean_cci": 93.8, "area_sqkm": 18.12, "capacity_families": 2173, "suitability_tier": "Viable (CCI 60-70)" }, "geometry": { "type": "Polygon", "coordinates": [ [ [ 79.75333333333333, 34.46 ], [ 79.75333333333333, 34.456666666666663 ], [ 79.726666666666659, 34.456666666666663 ], [ 79.726666666666659, 34.453333333333333 ], [ 79.71, 34.453333333333333 ], [ 79.71, 34.443333333333335 ], [ 79.693333333333328, 34.443333333333335 ], [ 79.693333333333328, 34.44 ], [ 79.69, 34.44 ], [ 79.69, 34.423333333333332 ], [ 79.716666666666669, 34.423333333333332 ], [ 79.716666666666669, 34.436666666666667 ], [ 79.73, 34.436666666666667 ], [ 79.73, 34.43333333333333 ], [ 79.75, 34.43333333333333 ], [ 79.75, 34.44 ], [ 79.75333333333333, 34.44 ], [ 79.75333333333333, 34.443333333333335 ], [ 79.776666666666671, 34.443333333333335 ], [ 79.776666666666671, 34.46 ], [ 79.75333333333333, 34.46 ] ] ] } },
{ "type": "Feature", "properties": { "site_id": "SAFE-SITE-017", "mean_cci": 93.8, "area_sqkm": 100.57, "capacity_families": 12067, "suitability_tier": "Viable (CCI 60-70)" }, "geometry": { "type": "Polygon", "coordinates": [ [ [ 79.983333333333334, 34.52 ], [ 79.983333333333334, 34.51 ], [ 79.98, 34.51 ], [ 79.98, 34.506666666666668 ], [ 79.973333333333329, 34.506666666666668 ], [ 79.973333333333329, 34.51 ], [ 79.956666666666663, 34.51 ], [ 79.956666666666663, 34.493333333333332 ], [ 79.96, 34.493333333333332 ], [ 79.96, 34.49 ], [ 79.95, 34.49 ], [ 79.95, 34.483333333333334 ], [ 79.923333333333332, 34.483333333333334 ], [ 79.923333333333332, 34.473333333333336 ], [ 79.913333333333327, 34.473333333333336 ], [ 79.913333333333327, 34.47 ], [ 79.906666666666666, 34.47 ], [ 79.906666666666666, 34.466666666666669 ], [ 79.89, 34.466666666666669 ], [ 79.89, 34.463333333333331 ], [ 79.88333333333334, 34.463333333333331 ], [ 79.88333333333334, 34.446666666666665 ], [ 79.89, 34.446666666666665 ], [ 79.89, 34.403333333333336 ], [ 79.896666666666661, 34.403333333333336 ], [ 79.896666666666661, 34.396666666666668 ], [ 79.9, 34.396666666666668 ], [ 79.9, 34.383333333333333 ], [ 79.916666666666671, 34.383333333333333 ], [ 79.916666666666671, 34.386666666666663 ], [ 79.92, 34.386666666666663 ], [ 79.92, 34.39 ], [ 79.93, 34.39 ], [ 79.93, 34.393333333333331 ], [ 79.94, 34.393333333333331 ], [ 79.94, 34.396666666666668 ], [ 79.943333333333328, 34.396666666666668 ], [ 79.943333333333328, 34.403333333333336 ], [ 79.946666666666673, 34.403333333333336 ], [ 79.946666666666673, 34.406666666666666 ], [ 79.95, 34.406666666666666 ], [ 79.95, 34.41 ], [ 79.953333333333333, 34.41 ], [ 79.953333333333333, 34.413333333333334 ], [ 79.956666666666663, 34.413333333333334 ], [ 79.956666666666663, 34.416666666666664 ], [ 79.96, 34.416666666666664 ], [ 79.96, 34.42 ], [ 79.966666666666669, 34.42 ], [ 79.966666666666669, 34.416666666666664 ], [ 79.99, 34.416666666666664 ], [ 79.99, 34.43 ], [ 80.0, 34.43 ], [ 80.0, 34.45 ], [ 79.993333333333339, 34.45 ], [ 79.993333333333339, 34.453333333333333 ], [ 80.0, 34.453333333333333 ], [ 80.0, 34.52 ], [ 79.983333333333334, 34.52 ] ] ] } },
{ "type": "Feature", "properties": { "site_id": "SAFE-SITE-018", "mean_cci": 93.8, "area_sqkm": 29.26, "capacity_families": 3511, "suitability_tier": "Viable (CCI 60-70)" }, "geometry": { "type": "Polygon", "coordinates": [ [ [ 79.663333333333327, 34.43 ], [ 79.663333333333327, 34.423333333333332 ], [ 79.64, 34.423333333333332 ], [ 79.64, 34.426666666666669 ], [ 79.62, 34.426666666666669 ], [ 79.62, 34.42 ], [ 79.61, 34.42 ], [ 79.61, 34.416666666666664 ], [ 79.603333333333339, 34.416666666666664 ], [ 79.603333333333339, 34.413333333333334 ], [ 79.58, 34.413333333333334 ], [ 79.58, 34.41 ], [ 79.556666666666672, 34.41 ], [ 79.556666666666672, 34.386666666666663 ], [ 79.56, 34.386666666666663 ], [ 79.56, 34.383333333333333 ], [ 79.583333333333329, 34.383333333333333 ], [ 79.583333333333329, 34.386666666666663 ], [ 79.59, 34.386666666666663 ], [ 79.59, 34.39 ], [ 79.593333333333334, 34.39 ], [ 79.593333333333334, 34.393333333333331 ], [ 79.6, 34.393333333333331 ], [ 79.6, 34.396666666666668 ], [ 79.61, 34.396666666666668 ], [ 79.61, 34.4 ], [ 79.64, 34.4 ], [ 79.64, 34.403333333333336 ], [ 79.646666666666661, 34.403333333333336 ], [ 79.646666666666661, 34.406666666666666 ], [ 79.673333333333332, 34.406666666666666 ], [ 79.673333333333332, 34.41 ], [ 79.68, 34.41 ], [ 79.68, 34.43 ], [ 79.663333333333327, 34.43 ] ] ] } },
{ "type": "Feature", "properties": { "site_id": "SAFE-SITE-019", "mean_cci": 93.8, "area_sqkm": 51.79, "capacity_families": 6215, "suitability_tier": "Viable (CCI 60-70)" }, "geometry": { "type": "Polygon", "coordinates": [ [ [ 79.416666666666671, 34.38 ], [ 79.416666666666671, 34.376666666666665 ], [ 79.41, 34.376666666666665 ], [ 79.41, 34.37 ], [ 79.406666666666666, 34.37 ], [ 79.406666666666666, 34.373333333333335 ], [ 79.403333333333336, 34.373333333333335 ], [ 79.403333333333336, 34.376666666666665 ], [ 79.37, 34.376666666666665 ], [ 79.37, 34.373333333333335 ], [ 79.346666666666664, 34.373333333333335 ], [ 79.346666666666664, 34.37 ], [ 79.343333333333334, 34.37 ], [ 79.343333333333334, 34.366666666666667 ], [ 79.306666666666672, 34.366666666666667 ], [ 79.306666666666672, 34.36333333333333 ], [ 79.303333333333327, 34.36333333333333 ], [ 79.303333333333327, 34.36 ], [ 79.3, 34.36 ], [ 79.3, 34.323333333333331 ], [ 79.333333333333329, 34.323333333333331 ], [ 79.333333333333329, 34.326666666666668 ], [ 79.36333333333333, 34.326666666666668 ], [ 79.36333333333333, 34.33 ], [ 79.373333333333335, 34.33 ], [ 79.373333333333335, 34.35 ], [ 79.366666666666674, 34.35 ], [ 79.366666666666674, 34.353333333333332 ], [ 79.38, 34.353333333333332 ], [ 79.38, 34.336666666666666 ], [ 79.4, 34.336666666666666 ], [ 79.4, 34.34 ], [ 79.403333333333336, 34.34 ], [ 79.403333333333336, 34.343333333333334 ], [ 79.41, 34.343333333333334 ], [ 79.41, 34.35 ], [ 79.42, 34.35 ], [ 79.42, 34.36 ], [ 79.426666666666662, 34.36 ], [ 79.426666666666662, 34.36333333333333 ], [ 79.44, 34.36333333333333 ], [ 79.44, 34.38 ], [ 79.416666666666671, 34.38 ] ], [ [ 79.38, 34.356666666666669 ], [ 79.38333333333334, 34.356666666666669 ], [ 79.38333333333334, 34.353333333333332 ], [ 79.38, 34.353333333333332 ], [ 79.38, 34.356666666666669 ] ], [ [ 79.343333333333334, 34.35 ], [ 79.346666666666664, 34.35 ], [ 79.346666666666664, 34.346666666666664 ], [ 79.343333333333334, 34.346666666666664 ], [ 79.343333333333334, 34.35 ] ], [ [ 79.316666666666663, 34.346666666666664 ], [ 79.333333333333329, 34.346666666666664 ], [ 79.333333333333329, 34.343333333333334 ], [ 79.323333333333338, 34.343333333333334 ], [ 79.323333333333338, 34.34 ], [ 79.316666666666663, 34.34 ], [ 79.316666666666663, 34.346666666666664 ] ] ] } },
{ "type": "Feature", "properties": { "site_id": "SAFE-SITE-020", "mean_cci": 93.8, "area_sqkm": 14.28, "capacity_families": 1714, "suitability_tier": "Viable (CCI 60-70)" }, "geometry": { "type": "Polygon", "coordinates": [ [ [ 79.323333333333338, 34.293333333333337 ], [ 79.323333333333338, 34.276666666666664 ], [ 79.336666666666673, 34.276666666666664 ], [ 79.336666666666673, 34.25333333333333 ], [ 79.343333333333334, 34.25333333333333 ], [ 79.343333333333334, 34.25 ], [ 79.346666666666664, 34.25 ], [ 79.346666666666664, 34.24666666666667 ], [ 79.35, 34.24666666666667 ], [ 79.35, 34.243333333333332 ], [ 79.38, 34.243333333333332 ], [ 79.38, 34.24666666666667 ], [ 79.38333333333334, 34.24666666666667 ], [ 79.38333333333334, 34.263333333333335 ], [ 79.36333333333333, 34.263333333333335 ], [ 79.36333333333333, 34.266666666666666 ], [ 79.356666666666669, 34.266666666666666 ], [ 79.356666666666669, 34.27 ], [ 79.353333333333339, 34.27 ], [ 79.353333333333339, 34.276666666666664 ], [ 79.34, 34.276666666666664 ], [ 79.34, 34.293333333333337 ], [ 79.323333333333338, 34.293333333333337 ] ] ] } },
{ "type": "Feature", "properties": { "site_id": "SAFE-SITE-021", "mean_cci": 93.8, "area_sqkm": 17.42, "capacity_families": 2090, "suitability_tier": "Viable (CCI 60-70)" }, "geometry": { "type": "Polygon", "coordinates": [ [ [ 79.946666666666673, 34.213333333333331 ], [ 79.946666666666673, 34.206666666666663 ], [ 79.943333333333328, 34.206666666666663 ], [ 79.943333333333328, 34.203333333333333 ], [ 79.94, 34.203333333333333 ], [ 79.94, 34.186666666666667 ], [ 79.963333333333338, 34.186666666666667 ], [ 79.963333333333338, 34.176666666666669 ], [ 79.983333333333334, 34.176666666666669 ], [ 79.983333333333334, 34.18 ], [ 80.0, 34.18 ], [ 80.0, 34.203333333333333 ], [ 79.993333333333339, 34.203333333333333 ], [ 79.993333333333339, 34.206666666666663 ], [ 79.983333333333334, 34.206666666666663 ], [ 79.983333333333334, 34.21 ], [ 79.966666666666669, 34.21 ], [ 79.966666666666669, 34.213333333333331 ], [ 79.946666666666673, 34.213333333333331 ] ] ] } },
{ "type": "Feature", "properties": { "site_id": "SAFE-SITE-022", "mean_cci": 93.8, "area_sqkm": 20.09, "capacity_families": 2410, "suitability_tier": "Viable (CCI 60-70)" }, "geometry": { "type": "Polygon", "coordinates": [ [ [ 79.326666666666668, 34.096666666666664 ], [ 79.326666666666668, 34.093333333333334 ], [ 79.313333333333333, 34.093333333333334 ], [ 79.313333333333333, 34.076666666666668 ], [ 79.316666666666663, 34.076666666666668 ], [ 79.316666666666663, 34.073333333333331 ], [ 79.32, 34.073333333333331 ], [ 79.32, 34.07 ], [ 79.326666666666668, 34.07 ], [ 79.326666666666668, 34.06666666666667 ], [ 79.33, 34.06666666666667 ], [ 79.33, 34.063333333333333 ], [ 79.333333333333329, 34.063333333333333 ], [ 79.333333333333329, 34.056666666666665 ], [ 79.33, 34.056666666666665 ], [ 79.33, 34.053333333333335 ], [ 79.326666666666668, 34.053333333333335 ], [ 79.326666666666668, 34.036666666666669 ], [ 79.33, 34.036666666666669 ], [ 79.33, 34.033333333333331 ], [ 79.353333333333339, 34.033333333333331 ], [ 79.353333333333339, 34.053333333333335 ], [ 79.356666666666669, 34.053333333333335 ], [ 79.356666666666669, 34.06 ], [ 79.36, 34.06 ], [ 79.36, 34.08 ], [ 79.353333333333339, 34.08 ], [ 79.353333333333339, 34.083333333333336 ], [ 79.346666666666664, 34.083333333333336 ], [ 79.346666666666664, 34.086666666666666 ], [ 79.343333333333334, 34.086666666666666 ], [ 79.343333333333334, 34.096666666666664 ], [ 79.326666666666668, 34.096666666666664 ] ] ] } },
{ "type": "Feature", "properties": { "site_id": "SAFE-SITE-023", "mean_cci": 93.8, "area_sqkm": 13.59, "capacity_families": 1630, "suitability_tier": "Viable (CCI 60-70)" }, "geometry": { "type": "Polygon", "coordinates": [ [ [ 75.016666666666666, 34.05 ], [ 75.016666666666666, 34.036666666666669 ], [ 75.00333333333333, 34.036666666666669 ], [ 75.00333333333333, 34.026666666666664 ], [ 75.0, 34.026666666666664 ], [ 75.0, 33.99666666666667 ], [ 75.02, 33.99666666666667 ], [ 75.02, 34.0 ], [ 75.026666666666671, 34.0 ], [ 75.026666666666671, 34.026666666666664 ], [ 75.033333333333331, 34.026666666666664 ], [ 75.033333333333331, 34.05 ], [ 75.016666666666666, 34.05 ] ] ] } },
{ "type": "Feature", "properties": { "site_id": "SAFE-SITE-024", "mean_cci": 93.8, "area_sqkm": 129.83, "capacity_families": 15579, "suitability_tier": "Viable (CCI 60-70)" }, "geometry": { "type": "Polygon", "coordinates": [ [ [ 77.566666666666663, 34.163333333333334 ], [ 77.566666666666663, 34.15 ], [ 77.546666666666667, 34.15 ], [ 77.546666666666667, 34.143333333333331 ], [ 77.543333333333337, 34.143333333333331 ], [ 77.543333333333337, 34.14 ], [ 77.533333333333331, 34.14 ], [ 77.533333333333331, 34.136666666666663 ], [ 77.53, 34.136666666666663 ], [ 77.53, 34.133333333333333 ], [ 77.526666666666671, 34.133333333333333 ], [ 77.526666666666671, 34.126666666666665 ], [ 77.523333333333341, 34.126666666666665 ], [ 77.523333333333341, 34.106666666666669 ], [ 77.546666666666667, 34.106666666666669 ], [ 77.546666666666667, 34.103333333333332 ], [ 77.54, 34.103333333333332 ], [ 77.54, 34.083333333333336 ], [ 77.543333333333337, 34.083333333333336 ], [ 77.543333333333337, 34.08 ], [ 77.55, 34.08 ], [ 77.55, 34.06666666666667 ], [ 77.566666666666663, 34.06666666666667 ], [ 77.566666666666663, 34.07 ], [ 77.57, 34.07 ], [ 77.57, 34.06666666666667 ], [ 77.586666666666673, 34.06666666666667 ], [ 77.586666666666673, 34.053333333333335 ], [ 77.603333333333339, 34.053333333333335 ], [ 77.603333333333339, 34.046666666666667 ], [ 77.61, 34.046666666666667 ], [ 77.61, 34.036666666666669 ], [ 77.61666666666666, 34.036666666666669 ], [ 77.61666666666666, 34.033333333333331 ], [ 77.62, 34.033333333333331 ], [ 77.62, 34.02 ], [ 77.623333333333335, 34.02 ], [ 77.623333333333335, 34.016666666666666 ], [ 77.63, 34.016666666666666 ], [ 77.63, 34.013333333333335 ], [ 77.63333333333334, 34.013333333333335 ], [ 77.63333333333334, 34.006666666666668 ], [ 77.63666666666667, 34.006666666666668 ], [ 77.63666666666667, 33.993333333333332 ], [ 77.663333333333327, 33.993333333333332 ], [ 77.663333333333327, 33.99 ], [ 77.67, 33.99 ], [ 77.67, 33.986666666666665 ], [ 77.673333333333332, 33.986666666666665 ], [ 77.673333333333332, 33.983333333333334 ], [ 77.68, 33.983333333333334 ], [ 77.68, 33.976666666666667 ], [ 77.683333333333337, 33.976666666666667 ], [ 77.683333333333337, 33.973333333333336 ], [ 77.686666666666667, 33.973333333333336 ], [ 77.686666666666667, 33.97 ], [ 77.703333333333333, 33.97 ], [ 77.703333333333333, 33.986666666666665 ], [ 77.7, 33.986666666666665 ], [ 77.7, 33.993333333333332 ], [ 77.703333333333333, 33.993333333333332 ], [ 77.703333333333333, 33.99666666666667 ], [ 77.71, 33.99666666666667 ], [ 77.71, 34.0 ], [ 77.713333333333338, 34.0 ], [ 77.713333333333338, 34.023333333333333 ], [ 77.71, 34.023333333333333 ], [ 77.71, 34.026666666666664 ], [ 77.69, 34.026666666666664 ], [ 77.69, 34.01 ], [ 77.686666666666667, 34.01 ], [ 77.686666666666667, 34.023333333333333 ], [ 77.683333333333337, 34.023333333333333 ], [ 77.683333333333337, 34.046666666666667 ], [ 77.68, 34.046666666666667 ], [ 77.68, 34.053333333333335 ], [ 77.67, 34.053333333333335 ], [ 77.67, 34.056666666666665 ], [ 77.666666666666671, 34.056666666666665 ], [ 77.666666666666671, 34.076666666666668 ], [ 77.66, 34.076666666666668 ], [ 77.66, 34.08 ], [ 77.643333333333331, 34.08 ], [ 77.643333333333331, 34.076666666666668 ], [ 77.63666666666667, 34.076666666666668 ], [ 77.63666666666667, 34.073333333333331 ], [ 77.63, 34.073333333333331 ], [ 77.63, 34.083333333333336 ], [ 77.626666666666665, 34.083333333333336 ], [ 77.626666666666665, 34.086666666666666 ], [ 77.61, 34.086666666666666 ], [ 77.61, 34.096666666666664 ], [ 77.61333333333333, 34.096666666666664 ], [ 77.61333333333333, 34.1 ], [ 77.61666666666666, 34.1 ], [ 77.61666666666666, 34.12 ], [ 77.6, 34.12 ], [ 77.6, 34.126666666666665 ], [ 77.583333333333329, 34.126666666666665 ], [ 77.583333333333329, 34.123333333333335 ], [ 77.58, 34.123333333333335 ], [ 77.58, 34.12 ], [ 77.573333333333338, 34.12 ], [ 77.573333333333338, 34.116666666666667 ], [ 77.57, 34.116666666666667 ], [ 77.57, 34.11333333333333 ], [ 77.566666666666663, 34.11333333333333 ], [ 77.566666666666663, 34.116666666666667 ], [ 77.563333333333333, 34.116666666666667 ], [ 77.563333333333333, 34.123333333333335 ], [ 77.57, 34.123333333333335 ], [ 77.57, 34.14 ], [ 77.583333333333329, 34.14 ], [ 77.583333333333329, 34.163333333333334 ], [ 77.566666666666663, 34.163333333333334 ] ] ] } },
{ "type": "Feature", "properties": { "site_id": "SAFE-SITE-025", "mean_cci": 93.8, "area_sqkm": 546.49, "capacity_families": 65579, "suitability_tier": "Viable (CCI 60-70)" }, "geometry": { "type": "Polygon", "coordinates": [ [ [ 79.74666666666667, 34.423333333333332 ], [ 79.74666666666667, 34.41 ], [ 79.74, 34.41 ], [ 79.74, 34.36 ], [ 79.743333333333339, 34.36 ], [ 79.743333333333339, 34.346666666666664 ], [ 79.733333333333334, 34.346666666666664 ], [ 79.733333333333334, 34.326666666666668 ], [ 79.736666666666665, 34.326666666666668 ], [ 79.736666666666665, 34.32 ], [ 79.733333333333334, 34.32 ], [ 79.733333333333334, 34.31666666666667 ], [ 79.73, 34.31666666666667 ], [ 79.73, 34.3 ], [ 79.733333333333334, 34.3 ], [ 79.733333333333334, 34.296666666666667 ], [ 79.74, 34.296666666666667 ], [ 79.74, 34.293333333333337 ], [ 79.74666666666667, 34.293333333333337 ], [ 79.74666666666667, 34.286666666666669 ], [ 79.743333333333339, 34.286666666666669 ], [ 79.743333333333339, 34.283333333333331 ], [ 79.726666666666659, 34.283333333333331 ], [ 79.726666666666659, 34.266666666666666 ], [ 79.73, 34.266666666666666 ], [ 79.73, 34.26 ], [ 79.726666666666659, 34.26 ], [ 79.726666666666659, 34.256666666666668 ], [ 79.723333333333329, 34.256666666666668 ], [ 79.723333333333329, 34.236666666666665 ], [ 79.726666666666659, 34.236666666666665 ], [ 79.726666666666659, 34.233333333333334 ], [ 79.72, 34.233333333333334 ], [ 79.72, 34.2 ], [ 79.716666666666669, 34.2 ], [ 79.716666666666669, 34.196666666666665 ], [ 79.71, 34.196666666666665 ], [ 79.71, 34.2 ], [ 79.686666666666667, 34.2 ], [ 79.686666666666667, 34.193333333333335 ], [ 79.683333333333337, 34.193333333333335 ], [ 79.683333333333337, 34.196666666666665 ], [ 79.66, 34.196666666666665 ], [ 79.66, 34.193333333333335 ], [ 79.656666666666666, 34.193333333333335 ], [ 79.656666666666666, 34.19 ], [ 79.653333333333336, 34.19 ], [ 79.653333333333336, 34.186666666666667 ], [ 79.65, 34.186666666666667 ], [ 79.65, 34.18333333333333 ], [ 79.646666666666661, 34.18333333333333 ], [ 79.646666666666661, 34.18 ], [ 79.643333333333331, 34.18 ], [ 79.643333333333331, 34.176666666666669 ], [ 79.64, 34.176666666666669 ], [ 79.64, 34.173333333333332 ], [ 79.626666666666665, 34.173333333333332 ], [ 79.626666666666665, 34.16 ], [ 79.623333333333335, 34.16 ], [ 79.623333333333335, 34.156666666666666 ], [ 79.616666666666674, 34.156666666666666 ], [ 79.616666666666674, 34.153333333333336 ], [ 79.586666666666673, 34.153333333333336 ], [ 79.586666666666673, 34.146666666666668 ], [ 79.563333333333333, 34.146666666666668 ], [ 79.563333333333333, 34.123333333333335 ], [ 79.566666666666663, 34.123333333333335 ], [ 79.566666666666663, 34.096666666666664 ], [ 79.563333333333333, 34.096666666666664 ], [ 79.563333333333333, 34.093333333333334 ], [ 79.553333333333327, 34.093333333333334 ], [ 79.553333333333327, 34.063333333333333 ], [ 79.556666666666672, 34.063333333333333 ], [ 79.556666666666672, 34.056666666666665 ], [ 79.54, 34.056666666666665 ], [ 79.54, 34.053333333333335 ], [ 79.536666666666662, 34.053333333333335 ], [ 79.536666666666662, 34.05 ], [ 79.53, 34.05 ], [ 79.53, 34.046666666666667 ], [ 79.526666666666671, 34.046666666666667 ], [ 79.526666666666671, 34.043333333333337 ], [ 79.52, 34.043333333333337 ], [ 79.52, 34.04 ], [ 79.51, 34.04 ], [ 79.51, 34.013333333333335 ], [ 79.513333333333335, 34.013333333333335 ], [ 79.513333333333335, 34.01 ], [ 79.523333333333341, 34.01 ], [ 79.523333333333341, 34.00333333333333 ], [ 79.526666666666671, 34.00333333333333 ], [ 79.526666666666671, 33.983333333333334 ], [ 79.53, 33.983333333333334 ], [ 79.53, 33.98 ], [ 79.533333333333331, 33.98 ], [ 79.533333333333331, 33.97 ], [ 79.53, 33.97 ], [ 79.53, 33.963333333333331 ], [ 79.526666666666671, 33.963333333333331 ], [ 79.526666666666671, 33.953333333333333 ], [ 79.523333333333341, 33.953333333333333 ], [ 79.523333333333341, 33.95 ], [ 79.52, 33.95 ], [ 79.52, 33.923333333333332 ], [ 79.523333333333341, 33.923333333333332 ], [ 79.523333333333341, 33.92 ], [ 79.543333333333337, 33.92 ], [ 79.543333333333337, 33.923333333333332 ], [ 79.553333333333327, 33.923333333333332 ], [ 79.553333333333327, 33.936666666666667 ], [ 79.556666666666672, 33.936666666666667 ], [ 79.556666666666672, 33.94 ], [ 79.56, 33.94 ], [ 79.56, 33.956666666666663 ], [ 79.556666666666672, 33.956666666666663 ], [ 79.556666666666672, 33.983333333333334 ], [ 79.553333333333327, 33.983333333333334 ], [ 79.553333333333327, 33.99 ], [ 79.556666666666672, 33.99 ], [ 79.556666666666672, 34.0 ], [ 79.56, 34.0 ], [ 79.56, 34.00333333333333 ], [ 79.563333333333333, 34.00333333333333 ], [ 79.563333333333333, 34.01 ], [ 79.566666666666663, 34.01 ], [ 79.566666666666663, 34.013333333333335 ], [ 79.573333333333338, 34.013333333333335 ], [ 79.573333333333338, 34.023333333333333 ], [ 79.576666666666668, 34.023333333333333 ], [ 79.576666666666668, 34.03 ], [ 79.58, 34.03 ], [ 79.58, 34.033333333333331 ], [ 79.596666666666664, 34.033333333333331 ], [ 79.596666666666664, 34.043333333333337 ], [ 79.61, 34.043333333333337 ], [ 79.61, 34.05 ], [ 79.626666666666665, 34.05 ], [ 79.626666666666665, 34.046666666666667 ], [ 79.643333333333331, 34.046666666666667 ], [ 79.643333333333331, 34.063333333333333 ], [ 79.64, 34.063333333333333 ], [ 79.64, 34.06666666666667 ], [ 79.63333333333334, 34.06666666666667 ], [ 79.63333333333334, 34.07 ], [ 79.62, 34.07 ], [ 79.62, 34.073333333333331 ], [ 79.63333333333334, 34.073333333333331 ], [ 79.63333333333334, 34.076666666666668 ], [ 79.63666666666667, 34.076666666666668 ], [ 79.63666666666667, 34.08 ], [ 79.646666666666661, 34.08 ], [ 79.646666666666661, 34.083333333333336 ], [ 79.65, 34.083333333333336 ], [ 79.65, 34.073333333333331 ], [ 79.653333333333336, 34.073333333333331 ], [ 79.653333333333336, 34.07 ], [ 79.67, 34.07 ], [ 79.67, 34.073333333333331 ], [ 79.673333333333332, 34.073333333333331 ], [ 79.673333333333332, 34.063333333333333 ], [ 79.69, 34.063333333333333 ], [ 79.69, 34.08 ], [ 79.693333333333328, 34.08 ], [ 79.693333333333328, 34.093333333333334 ], [ 79.696666666666673, 34.093333333333334 ], [ 79.696666666666673, 34.096666666666664 ], [ 79.7, 34.096666666666664 ], [ 79.7, 34.1 ], [ 79.713333333333338, 34.1 ], [ 79.713333333333338, 34.106666666666669 ], [ 79.72, 34.106666666666669 ], [ 79.72, 34.096666666666664 ], [ 79.726666666666659, 34.096666666666664 ], [ 79.726666666666659, 34.07 ], [ 79.73, 34.07 ], [ 79.73, 34.063333333333333 ], [ 79.733333333333334, 34.063333333333333 ], [ 79.733333333333334, 34.056666666666665 ], [ 79.716666666666669, 34.056666666666665 ], [ 79.716666666666669, 34.053333333333335 ], [ 79.71, 34.053333333333335 ], [ 79.71, 34.036666666666669 ], [ 79.716666666666669, 34.036666666666669 ], [ 79.716666666666669, 34.03 ], [ 79.743333333333339, 34.03 ], [ 79.743333333333339, 34.026666666666664 ], [ 79.76, 34.026666666666664 ], [ 79.76, 34.03 ], [ 79.766666666666666, 34.03 ], [ 79.766666666666666, 34.033333333333331 ], [ 79.773333333333341, 34.033333333333331 ], [ 79.773333333333341, 34.046666666666667 ], [ 79.783333333333331, 34.046666666666667 ], [ 79.783333333333331, 34.056666666666665 ], [ 79.786666666666662, 34.056666666666665 ], [ 79.786666666666662, 34.06666666666667 ], [ 79.79, 34.06666666666667 ], [ 79.79, 34.073333333333331 ], [ 79.793333333333337, 34.073333333333331 ], [ 79.793333333333337, 34.08 ], [ 79.796666666666667, 34.08 ], [ 79.796666666666667, 34.136666666666663 ], [ 79.8, 34.136666666666663 ], [ 79.8, 34.14 ], [ 79.803333333333327, 34.14 ], [ 79.803333333333327, 34.15 ], [ 79.806666666666672, 34.15 ], [ 79.806666666666672, 34.153333333333336 ], [ 79.81, 34.153333333333336 ], [ 79.81, 34.156666666666666 ], [ 79.813333333333333, 34.156666666666666 ], [ 79.813333333333333, 34.163333333333334 ], [ 79.816666666666663, 34.163333333333334 ], [ 79.816666666666663, 34.166666666666664 ], [ 79.82, 34.166666666666664 ], [ 79.82, 34.17 ], [ 79.823333333333338, 34.17 ], [ 79.823333333333338, 34.173333333333332 ], [ 79.826666666666668, 34.173333333333332 ], [ 79.826666666666668, 34.186666666666667 ], [ 79.833333333333329, 34.186666666666667 ], [ 79.833333333333329, 34.19 ], [ 79.84, 34.19 ], [ 79.84, 34.193333333333335 ], [ 79.843333333333334, 34.193333333333335 ], [ 79.843333333333334, 34.2 ], [ 79.846666666666664, 34.2 ], [ 79.846666666666664, 34.23 ], [ 79.843333333333334, 34.23 ], [ 79.843333333333334, 34.25333333333333 ], [ 79.84, 34.25333333333333 ], [ 79.84, 34.266666666666666 ], [ 79.836666666666673, 34.266666666666666 ], [ 79.836666666666673, 34.276666666666664 ], [ 79.833333333333329, 34.276666666666664 ], [ 79.833333333333329, 34.28 ], [ 79.83, 34.28 ], [ 79.83, 34.286666666666669 ], [ 79.826666666666668, 34.286666666666669 ], [ 79.826666666666668, 34.29 ], [ 79.823333333333338, 34.29 ], [ 79.823333333333338, 34.293333333333337 ], [ 79.816666666666663, 34.293333333333337 ], [ 79.816666666666663, 34.296666666666667 ], [ 79.806666666666672, 34.296666666666667 ], [ 79.806666666666672, 34.3 ], [ 79.8, 34.3 ], [ 79.8, 34.303333333333335 ], [ 79.796666666666667, 34.303333333333335 ], [ 79.796666666666667, 34.306666666666665 ], [ 79.793333333333337, 34.306666666666665 ], [ 79.793333333333337, 34.313333333333333 ], [ 79.79, 34.313333333333333 ], [ 79.79, 34.31666666666667 ], [ 79.786666666666662, 34.31666666666667 ], [ 79.786666666666662, 34.32 ], [ 79.783333333333331, 34.32 ], [ 79.783333333333331, 34.323333333333331 ], [ 79.78, 34.323333333333331 ], [ 79.78, 34.326666666666668 ], [ 79.776666666666671, 34.326666666666668 ], [ 79.776666666666671, 34.343333333333334 ], [ 79.773333333333341, 34.343333333333334 ], [ 79.773333333333341, 34.36 ], [ 79.77, 34.36 ], [ 79.77, 34.37 ], [ 79.766666666666666, 34.37 ], [ 79.766666666666666, 34.39 ], [ 79.763333333333335, 34.39 ], [ 79.763333333333335, 34.423333333333332 ], [ 79.74666666666667, 34.423333333333332 ] ], [ [ 79.756666666666661, 34.303333333333335 ], [ 79.76, 34.303333333333335 ], [ 79.76, 34.3 ], [ 79.763333333333335, 34.3 ], [ 79.763333333333335, 34.296666666666667 ], [ 79.756666666666661, 34.296666666666667 ], [ 79.756666666666661, 34.303333333333335 ] ], [ [ 79.763333333333335, 34.296666666666667 ], [ 79.766666666666666, 34.296666666666667 ], [ 79.766666666666666, 34.293333333333337 ], [ 79.763333333333335, 34.293333333333337 ], [ 79.763333333333335, 34.296666666666667 ] ], [ [ 79.77, 34.29 ], [ 79.773333333333341, 34.29 ], [ 79.773333333333341, 34.286666666666669 ], [ 79.77, 34.286666666666669 ], [ 79.77, 34.29 ] ], [ [ 79.606666666666669, 34.133333333333333 ], [ 79.63, 34.133333333333333 ], [ 79.63, 34.13 ], [ 79.63333333333334, 34.13 ], [ 79.63333333333334, 34.126666666666665 ], [ 79.63, 34.126666666666665 ], [ 79.63, 34.123333333333335 ], [ 79.62, 34.123333333333335 ], [ 79.62, 34.126666666666665 ], [ 79.606666666666669, 34.126666666666665 ], [ 79.606666666666669, 34.133333333333333 ] ] ] } },
{ "type": "Feature", "properties": { "site_id": "SAFE-SITE-026", "mean_cci": 93.8, "area_sqkm": 49.82, "capacity_families": 5978, "suitability_tier": "Viable (CCI 60-70)" }, "geometry": { "type": "Polygon", "coordinates": [ [ [ 79.49666666666667, 33.8 ], [ 79.49666666666667, 33.776666666666664 ], [ 79.5, 33.776666666666664 ], [ 79.5, 33.773333333333333 ], [ 79.506666666666661, 33.773333333333333 ], [ 79.506666666666661, 33.76 ], [ 79.513333333333335, 33.76 ], [ 79.513333333333335, 33.75333333333333 ], [ 79.50333333333333, 33.75333333333333 ], [ 79.50333333333333, 33.74666666666667 ], [ 79.5, 33.74666666666667 ], [ 79.5, 33.743333333333332 ], [ 79.49, 33.743333333333332 ], [ 79.49, 33.74666666666667 ], [ 79.473333333333329, 33.74666666666667 ], [ 79.473333333333329, 33.726666666666667 ], [ 79.516666666666666, 33.726666666666667 ], [ 79.516666666666666, 33.723333333333336 ], [ 79.53, 33.723333333333336 ], [ 79.53, 33.72 ], [ 79.533333333333331, 33.72 ], [ 79.533333333333331, 33.716666666666669 ], [ 79.54, 33.716666666666669 ], [ 79.54, 33.713333333333331 ], [ 79.55, 33.713333333333331 ], [ 79.55, 33.71 ], [ 79.553333333333327, 33.71 ], [ 79.553333333333327, 33.706666666666663 ], [ 79.556666666666672, 33.706666666666663 ], [ 79.556666666666672, 33.703333333333333 ], [ 79.563333333333333, 33.703333333333333 ], [ 79.563333333333333, 33.7 ], [ 79.566666666666663, 33.7 ], [ 79.566666666666663, 33.696666666666665 ], [ 79.59, 33.696666666666665 ], [ 79.59, 33.713333333333331 ], [ 79.586666666666673, 33.713333333333331 ], [ 79.586666666666673, 33.716666666666669 ], [ 79.583333333333329, 33.716666666666669 ], [ 79.583333333333329, 33.72 ], [ 79.58, 33.72 ], [ 79.58, 33.723333333333336 ], [ 79.57, 33.723333333333336 ], [ 79.57, 33.726666666666667 ], [ 79.563333333333333, 33.726666666666667 ], [ 79.563333333333333, 33.73 ], [ 79.553333333333327, 33.73 ], [ 79.553333333333327, 33.733333333333334 ], [ 79.55, 33.733333333333334 ], [ 79.55, 33.743333333333332 ], [ 79.546666666666667, 33.743333333333332 ], [ 79.546666666666667, 33.74666666666667 ], [ 79.543333333333337, 33.74666666666667 ], [ 79.543333333333337, 33.763333333333335 ], [ 79.54, 33.763333333333335 ], [ 79.54, 33.766666666666666 ], [ 79.543333333333337, 33.766666666666666 ], [ 79.543333333333337, 33.77 ], [ 79.546666666666667, 33.77 ], [ 79.546666666666667, 33.786666666666669 ], [ 79.533333333333331, 33.786666666666669 ], [ 79.533333333333331, 33.79 ], [ 79.53, 33.79 ], [ 79.53, 33.796666666666667 ], [ 79.516666666666666, 33.796666666666667 ], [ 79.516666666666666, 33.8 ], [ 79.49666666666667, 33.8 ] ] ] } },
{ "type": "Feature", "properties": { "site_id": "SAFE-SITE-027", "mean_cci": 93.8, "area_sqkm": 311.1, "capacity_families": 37332, "suitability_tier": "Viable (CCI 60-70)" }, "geometry": { "type": "Polygon", "coordinates": [ [ [ 78.423333333333332, 33.98 ], [ 78.423333333333332, 33.963333333333331 ], [ 78.426666666666662, 33.963333333333331 ], [ 78.426666666666662, 33.96 ], [ 78.433333333333337, 33.96 ], [ 78.433333333333337, 33.956666666666663 ], [ 78.44, 33.956666666666663 ], [ 78.44, 33.943333333333335 ], [ 78.443333333333328, 33.943333333333335 ], [ 78.443333333333328, 33.936666666666667 ], [ 78.446666666666673, 33.936666666666667 ], [ 78.446666666666673, 33.926666666666669 ], [ 78.45, 33.926666666666669 ], [ 78.45, 33.923333333333332 ], [ 78.453333333333333, 33.923333333333332 ], [ 78.453333333333333, 33.916666666666664 ], [ 78.456666666666663, 33.916666666666664 ], [ 78.456666666666663, 33.913333333333334 ], [ 78.46, 33.913333333333334 ], [ 78.46, 33.91 ], [ 78.463333333333338, 33.91 ], [ 78.463333333333338, 33.906666666666666 ], [ 78.466666666666669, 33.906666666666666 ], [ 78.466666666666669, 33.903333333333336 ], [ 78.47, 33.903333333333336 ], [ 78.47, 33.9 ], [ 78.476666666666674, 33.9 ], [ 78.476666666666674, 33.896666666666668 ], [ 78.48, 33.896666666666668 ], [ 78.48, 33.893333333333331 ], [ 78.483333333333334, 33.893333333333331 ], [ 78.483333333333334, 33.89 ], [ 78.486666666666665, 33.89 ], [ 78.486666666666665, 33.886666666666663 ], [ 78.493333333333339, 33.886666666666663 ], [ 78.493333333333339, 33.883333333333333 ], [ 78.5, 33.883333333333333 ], [ 78.5, 33.88 ], [ 78.50333333333333, 33.88 ], [ 78.50333333333333, 33.876666666666665 ], [ 78.506666666666661, 33.876666666666665 ], [ 78.506666666666661, 33.873333333333335 ], [ 78.51, 33.873333333333335 ], [ 78.51, 33.87 ], [ 78.516666666666666, 33.87 ], [ 78.516666666666666, 33.866666666666667 ], [ 78.523333333333341, 33.866666666666667 ], [ 78.523333333333341, 33.86333333333333 ], [ 78.526666666666671, 33.86333333333333 ], [ 78.526666666666671, 33.856666666666669 ], [ 78.536666666666662, 33.856666666666669 ], [ 78.536666666666662, 33.853333333333332 ], [ 78.55, 33.853333333333332 ], [ 78.55, 33.85 ], [ 78.563333333333333, 33.85 ], [ 78.563333333333333, 33.846666666666664 ], [ 78.57, 33.846666666666664 ], [ 78.57, 33.843333333333334 ], [ 78.573333333333338, 33.843333333333334 ], [ 78.573333333333338, 33.826666666666668 ], [ 78.576666666666668, 33.826666666666668 ], [ 78.576666666666668, 33.823333333333331 ], [ 78.58, 33.823333333333331 ], [ 78.58, 33.81 ], [ 78.586666666666673, 33.81 ], [ 78.586666666666673, 33.806666666666665 ], [ 78.59, 33.806666666666665 ], [ 78.59, 33.793333333333337 ], [ 78.593333333333334, 33.793333333333337 ], [ 78.593333333333334, 33.79 ], [ 78.596666666666664, 33.79 ], [ 78.596666666666664, 33.786666666666669 ], [ 78.6, 33.786666666666669 ], [ 78.6, 33.783333333333331 ], [ 78.606666666666669, 33.783333333333331 ], [ 78.606666666666669, 33.78 ], [ 78.61, 33.78 ], [ 78.61, 33.776666666666664 ], [ 78.61333333333333, 33.776666666666664 ], [ 78.61333333333333, 33.773333333333333 ], [ 78.61666666666666, 33.773333333333333 ], [ 78.61666666666666, 33.77 ], [ 78.62, 33.77 ], [ 78.62, 33.766666666666666 ], [ 78.623333333333335, 33.766666666666666 ], [ 78.623333333333335, 33.76 ], [ 78.626666666666665, 33.76 ], [ 78.626666666666665, 33.756666666666668 ], [ 78.63, 33.756666666666668 ], [ 78.63, 33.743333333333332 ], [ 78.63333333333334, 33.743333333333332 ], [ 78.63333333333334, 33.733333333333334 ], [ 78.63666666666667, 33.733333333333334 ], [ 78.63666666666667, 33.703333333333333 ], [ 78.64, 33.703333333333333 ], [ 78.64, 33.696666666666665 ], [ 78.66, 33.696666666666665 ], [ 78.66, 33.7 ], [ 78.683333333333337, 33.7 ], [ 78.683333333333337, 33.696666666666665 ], [ 78.696666666666673, 33.696666666666665 ], [ 78.696666666666673, 33.693333333333335 ], [ 78.7, 33.693333333333335 ], [ 78.7, 33.69 ], [ 78.73, 33.69 ], [ 78.73, 33.686666666666667 ], [ 78.733333333333334, 33.686666666666667 ], [ 78.733333333333334, 33.68333333333333 ], [ 78.736666666666665, 33.68333333333333 ], [ 78.736666666666665, 33.676666666666669 ], [ 78.75333333333333, 33.676666666666669 ], [ 78.75333333333333, 33.68 ], [ 78.766666666666666, 33.68 ], [ 78.766666666666666, 33.686666666666667 ], [ 78.77, 33.686666666666667 ], [ 78.77, 33.69 ], [ 78.78, 33.69 ], [ 78.78, 33.693333333333335 ], [ 78.796666666666667, 33.693333333333335 ], [ 78.796666666666667, 33.696666666666665 ], [ 78.806666666666672, 33.696666666666665 ], [ 78.806666666666672, 33.7 ], [ 78.82, 33.7 ], [ 78.82, 33.703333333333333 ], [ 78.823333333333338, 33.703333333333333 ], [ 78.823333333333338, 33.706666666666663 ], [ 78.83, 33.706666666666663 ], [ 78.83, 33.703333333333333 ], [ 78.833333333333329, 33.703333333333333 ], [ 78.833333333333329, 33.696666666666665 ], [ 78.853333333333339, 33.696666666666665 ], [ 78.853333333333339, 33.693333333333335 ], [ 78.873333333333335, 33.693333333333335 ], [ 78.873333333333335, 33.7 ], [ 78.88, 33.7 ], [ 78.88, 33.703333333333333 ], [ 78.893333333333331, 33.703333333333333 ], [ 78.893333333333331, 33.706666666666663 ], [ 78.906666666666666, 33.706666666666663 ], [ 78.906666666666666, 33.703333333333333 ], [ 78.94, 33.703333333333333 ], [ 78.94, 33.706666666666663 ], [ 78.943333333333328, 33.706666666666663 ], [ 78.943333333333328, 33.71 ], [ 78.963333333333338, 33.71 ], [ 78.963333333333338, 33.723333333333336 ], [ 78.97, 33.723333333333336 ], [ 78.97, 33.726666666666667 ], [ 78.973333333333329, 33.726666666666667 ], [ 78.973333333333329, 33.733333333333334 ], [ 78.986666666666665, 33.733333333333334 ], [ 78.986666666666665, 33.736666666666665 ], [ 79.006666666666661, 33.736666666666665 ], [ 79.006666666666661, 33.74 ], [ 79.01, 33.74 ], [ 79.01, 33.743333333333332 ], [ 79.016666666666666, 33.743333333333332 ], [ 79.016666666666666, 33.74666666666667 ], [ 79.023333333333341, 33.74666666666667 ], [ 79.023333333333341, 33.75 ], [ 79.033333333333331, 33.75 ], [ 79.033333333333331, 33.736666666666665 ], [ 79.05, 33.736666666666665 ], [ 79.05, 33.75333333333333 ], [ 79.033333333333331, 33.75333333333333 ], [ 79.033333333333331, 33.766666666666666 ], [ 79.01, 33.766666666666666 ], [ 79.01, 33.77 ], [ 78.99, 33.77 ], [ 78.99, 33.763333333333335 ], [ 78.986666666666665, 33.763333333333335 ], [ 78.986666666666665, 33.76 ], [ 78.976666666666674, 33.76 ], [ 78.976666666666674, 33.756666666666668 ], [ 78.97, 33.756666666666668 ], [ 78.97, 33.743333333333332 ], [ 78.95, 33.743333333333332 ], [ 78.95, 33.74 ], [ 78.943333333333328, 33.74 ], [ 78.943333333333328, 33.733333333333334 ], [ 78.933333333333337, 33.733333333333334 ], [ 78.933333333333337, 33.73 ], [ 78.926666666666662, 33.73 ], [ 78.926666666666662, 33.726666666666667 ], [ 78.916666666666671, 33.726666666666667 ], [ 78.916666666666671, 33.73 ], [ 78.906666666666666, 33.73 ], [ 78.906666666666666, 33.733333333333334 ], [ 78.9, 33.733333333333334 ], [ 78.9, 33.736666666666665 ], [ 78.88333333333334, 33.736666666666665 ], [ 78.88333333333334, 33.74 ], [ 78.876666666666665, 33.74 ], [ 78.876666666666665, 33.743333333333332 ], [ 78.87, 33.743333333333332 ], [ 78.87, 33.74666666666667 ], [ 78.82, 33.74666666666667 ], [ 78.82, 33.74 ], [ 78.816666666666663, 33.74 ], [ 78.816666666666663, 33.736666666666665 ], [ 78.796666666666667, 33.736666666666665 ], [ 78.796666666666667, 33.723333333333336 ], [ 78.793333333333337, 33.723333333333336 ], [ 78.793333333333337, 33.72 ], [ 78.763333333333335, 33.72 ], [ 78.763333333333335, 33.723333333333336 ], [ 78.76, 33.723333333333336 ], [ 78.76, 33.726666666666667 ], [ 78.756666666666661, 33.726666666666667 ], [ 78.756666666666661, 33.73 ], [ 78.74666666666667, 33.73 ], [ 78.74666666666667, 33.733333333333334 ], [ 78.743333333333339, 33.733333333333334 ], [ 78.743333333333339, 33.74 ], [ 78.74, 33.74 ], [ 78.74, 33.743333333333332 ], [ 78.736666666666665, 33.743333333333332 ], [ 78.736666666666665, 33.74666666666667 ], [ 78.72, 33.74666666666667 ], [ 78.72, 33.75 ], [ 78.716666666666669, 33.75 ], [ 78.716666666666669, 33.75333333333333 ], [ 78.7, 33.75333333333333 ], [ 78.7, 33.756666666666668 ], [ 78.693333333333328, 33.756666666666668 ], [ 78.693333333333328, 33.763333333333335 ], [ 78.69, 33.763333333333335 ], [ 78.69, 33.766666666666666 ], [ 78.68, 33.766666666666666 ], [ 78.68, 33.77 ], [ 78.676666666666662, 33.77 ], [ 78.676666666666662, 33.78 ], [ 78.666666666666671, 33.78 ], [ 78.666666666666671, 33.783333333333331 ], [ 78.663333333333327, 33.783333333333331 ], [ 78.663333333333327, 33.793333333333337 ], [ 78.66, 33.793333333333337 ], [ 78.66, 33.796666666666667 ], [ 78.656666666666666, 33.796666666666667 ], [ 78.656666666666666, 33.8 ], [ 78.653333333333336, 33.8 ], [ 78.653333333333336, 33.813333333333333 ], [ 78.63333333333334, 33.813333333333333 ], [ 78.63333333333334, 33.823333333333331 ], [ 78.63, 33.823333333333331 ], [ 78.63, 33.826666666666668 ], [ 78.626666666666665, 33.826666666666668 ], [ 78.626666666666665, 33.833333333333336 ], [ 78.61333333333333, 33.833333333333336 ], [ 78.61333333333333, 33.856666666666669 ], [ 78.61, 33.856666666666669 ], [ 78.61, 33.86 ], [ 78.603333333333339, 33.86 ], [ 78.603333333333339, 33.86333333333333 ], [ 78.593333333333334, 33.86333333333333 ], [ 78.593333333333334, 33.866666666666667 ], [ 78.59, 33.866666666666667 ], [ 78.59, 33.876666666666665 ], [ 78.576666666666668, 33.876666666666665 ], [ 78.576666666666668, 33.88 ], [ 78.573333333333338, 33.88 ], [ 78.573333333333338, 33.9 ], [ 78.556666666666672, 33.9 ], [ 78.556666666666672, 33.886666666666663 ], [ 78.553333333333327, 33.886666666666663 ], [ 78.553333333333327, 33.89 ], [ 78.546666666666667, 33.89 ], [ 78.546666666666667, 33.893333333333331 ], [ 78.54, 33.893333333333331 ], [ 78.54, 33.896666666666668 ], [ 78.536666666666662, 33.896666666666668 ], [ 78.536666666666662, 33.9 ], [ 78.533333333333331, 33.9 ], [ 78.533333333333331, 33.903333333333336 ], [ 78.53, 33.903333333333336 ], [ 78.53, 33.916666666666664 ], [ 78.513333333333335, 33.916666666666664 ], [ 78.513333333333335, 33.92 ], [ 78.51, 33.92 ], [ 78.51, 33.923333333333332 ], [ 78.506666666666661, 33.923333333333332 ], [ 78.506666666666661, 33.926666666666669 ], [ 78.50333333333333, 33.926666666666669 ], [ 78.50333333333333, 33.93 ], [ 78.5, 33.93 ], [ 78.5, 33.93333333333333 ], [ 78.49666666666667, 33.93333333333333 ], [ 78.49666666666667, 33.936666666666667 ], [ 78.49, 33.936666666666667 ], [ 78.49, 33.94 ], [ 78.486666666666665, 33.94 ], [ 78.486666666666665, 33.943333333333335 ], [ 78.483333333333334, 33.943333333333335 ], [ 78.483333333333334, 33.956666666666663 ], [ 78.466666666666669, 33.956666666666663 ], [ 78.466666666666669, 33.953333333333333 ], [ 78.463333333333338, 33.953333333333333 ], [ 78.463333333333338, 33.956666666666663 ], [ 78.46, 33.956666666666663 ], [ 78.46, 33.96 ], [ 78.45, 33.96 ], [ 78.45, 33.973333333333336 ], [ 78.443333333333328, 33.973333333333336 ], [ 78.443333333333328, 33.976666666666667 ], [ 78.44, 33.976666666666667 ], [ 78.44, 33.98 ], [ 78.423333333333332, 33.98 ] ], [ [ 78.663333333333327, 33.733333333333334 ], [ 78.666666666666671, 33.733333333333334 ], [ 78.666666666666671, 33.73 ], [ 78.663333333333327, 33.73 ], [ 78.663333333333327, 33.733333333333334 ] ], [ [ 78.666666666666671, 33.73 ], [ 78.67, 33.73 ], [ 78.67, 33.726666666666667 ], [ 78.666666666666671, 33.726666666666667 ], [ 78.666666666666671, 33.73 ] ] ] } },
{ "type": "Feature", "properties": { "site_id": "SAFE-SITE-028", "mean_cci": 93.8, "area_sqkm": 951.66, "capacity_families": 114199, "suitability_tier": "Viable (CCI 60-70)" }, "geometry": { "type": "Polygon", "coordinates": [ [ [ 75.08, 33.983333333333334 ], [ 75.08, 33.97 ], [ 75.076666666666668, 33.97 ], [ 75.076666666666668, 33.953333333333333 ], [ 75.086666666666673, 33.953333333333333 ], [ 75.086666666666673, 33.95 ], [ 75.09, 33.95 ], [ 75.09, 33.946666666666665 ], [ 75.093333333333334, 33.946666666666665 ], [ 75.093333333333334, 33.943333333333335 ], [ 75.09, 33.943333333333335 ], [ 75.09, 33.94 ], [ 75.086666666666673, 33.94 ], [ 75.086666666666673, 33.936666666666667 ], [ 75.083333333333329, 33.936666666666667 ], [ 75.083333333333329, 33.93333333333333 ], [ 75.06, 33.93333333333333 ], [ 75.06, 33.936666666666667 ], [ 75.043333333333337, 33.936666666666667 ], [ 75.043333333333337, 33.93333333333333 ], [ 75.04, 33.93333333333333 ], [ 75.04, 33.926666666666669 ], [ 75.036666666666662, 33.926666666666669 ], [ 75.036666666666662, 33.923333333333332 ], [ 75.033333333333331, 33.923333333333332 ], [ 75.033333333333331, 33.92 ], [ 75.026666666666671, 33.92 ], [ 75.026666666666671, 33.916666666666664 ], [ 75.023333333333326, 33.916666666666664 ], [ 75.023333333333326, 33.936666666666667 ], [ 75.0, 33.936666666666667 ], [ 75.0, 33.623333333333335 ], [ 75.02, 33.623333333333335 ], [ 75.02, 33.62 ], [ 75.006666666666661, 33.62 ], [ 75.006666666666661, 33.596666666666664 ], [ 75.03, 33.596666666666664 ], [ 75.03, 33.606666666666669 ], [ 75.063333333333333, 33.606666666666669 ], [ 75.063333333333333, 33.62 ], [ 75.066666666666663, 33.62 ], [ 75.066666666666663, 33.616666666666667 ], [ 75.086666666666673, 33.616666666666667 ], [ 75.086666666666673, 33.62 ], [ 75.09, 33.62 ], [ 75.09, 33.61333333333333 ], [ 75.093333333333334, 33.61333333333333 ], [ 75.093333333333334, 33.606666666666669 ], [ 75.086666666666673, 33.606666666666669 ], [ 75.086666666666673, 33.603333333333332 ], [ 75.083333333333329, 33.603333333333332 ], [ 75.083333333333329, 33.583333333333336 ], [ 75.103333333333339, 33.583333333333336 ], [ 75.103333333333339, 33.59 ], [ 75.106666666666669, 33.59 ], [ 75.106666666666669, 33.596666666666664 ], [ 75.11, 33.596666666666664 ], [ 75.11, 33.6 ], [ 75.11666666666666, 33.6 ], [ 75.11666666666666, 33.593333333333334 ], [ 75.11, 33.593333333333334 ], [ 75.11, 33.573333333333331 ], [ 75.11333333333333, 33.573333333333331 ], [ 75.11333333333333, 33.563333333333333 ], [ 75.11666666666666, 33.563333333333333 ], [ 75.11666666666666, 33.556666666666665 ], [ 75.13, 33.556666666666665 ], [ 75.13, 33.553333333333335 ], [ 75.146666666666661, 33.553333333333335 ], [ 75.146666666666661, 33.576666666666668 ], [ 75.15, 33.576666666666668 ], [ 75.15, 33.58 ], [ 75.156666666666666, 33.58 ], [ 75.156666666666666, 33.57 ], [ 75.166666666666671, 33.57 ], [ 75.166666666666671, 33.56 ], [ 75.183333333333337, 33.56 ], [ 75.183333333333337, 33.56666666666667 ], [ 75.186666666666667, 33.56666666666667 ], [ 75.186666666666667, 33.563333333333333 ], [ 75.19, 33.563333333333333 ], [ 75.19, 33.556666666666665 ], [ 75.206666666666663, 33.556666666666665 ], [ 75.206666666666663, 33.546666666666667 ], [ 75.23, 33.546666666666667 ], [ 75.23, 33.543333333333337 ], [ 75.236666666666665, 33.543333333333337 ], [ 75.236666666666665, 33.54 ], [ 75.24, 33.54 ], [ 75.24, 33.536666666666669 ], [ 75.26, 33.536666666666669 ], [ 75.26, 33.553333333333335 ], [ 75.256666666666661, 33.553333333333335 ], [ 75.256666666666661, 33.556666666666665 ], [ 75.24666666666667, 33.556666666666665 ], [ 75.24666666666667, 33.56 ], [ 75.243333333333339, 33.56 ], [ 75.243333333333339, 33.563333333333333 ], [ 75.24, 33.563333333333333 ], [ 75.24, 33.56666666666667 ], [ 75.236666666666665, 33.56666666666667 ], [ 75.236666666666665, 33.57 ], [ 75.23, 33.57 ], [ 75.23, 33.573333333333331 ], [ 75.226666666666674, 33.573333333333331 ], [ 75.226666666666674, 33.59 ], [ 75.223333333333329, 33.59 ], [ 75.223333333333329, 33.593333333333334 ], [ 75.22, 33.593333333333334 ], [ 75.22, 33.6 ], [ 75.243333333333339, 33.6 ], [ 75.243333333333339, 33.596666666666664 ], [ 75.256666666666661, 33.596666666666664 ], [ 75.256666666666661, 33.593333333333334 ], [ 75.263333333333335, 33.593333333333334 ], [ 75.263333333333335, 33.59 ], [ 75.273333333333326, 33.59 ], [ 75.273333333333326, 33.586666666666666 ], [ 75.296666666666667, 33.586666666666666 ], [ 75.296666666666667, 33.583333333333336 ], [ 75.313333333333333, 33.583333333333336 ], [ 75.313333333333333, 33.6 ], [ 75.306666666666672, 33.6 ], [ 75.306666666666672, 33.603333333333332 ], [ 75.303333333333327, 33.603333333333332 ], [ 75.303333333333327, 33.616666666666667 ], [ 75.286666666666662, 33.616666666666667 ], [ 75.286666666666662, 33.62 ], [ 75.28, 33.62 ], [ 75.28, 33.623333333333335 ], [ 75.276666666666671, 33.623333333333335 ], [ 75.276666666666671, 33.626666666666665 ], [ 75.27, 33.626666666666665 ], [ 75.27, 33.63 ], [ 75.25, 33.63 ], [ 75.25, 33.633333333333333 ], [ 75.243333333333339, 33.633333333333333 ], [ 75.243333333333339, 33.636666666666663 ], [ 75.24, 33.636666666666663 ], [ 75.24, 33.66 ], [ 75.236666666666665, 33.66 ], [ 75.236666666666665, 33.666666666666664 ], [ 75.23, 33.666666666666664 ], [ 75.23, 33.67 ], [ 75.226666666666674, 33.67 ], [ 75.226666666666674, 33.676666666666669 ], [ 75.223333333333329, 33.676666666666669 ], [ 75.223333333333329, 33.68333333333333 ], [ 75.233333333333334, 33.68333333333333 ], [ 75.233333333333334, 33.686666666666667 ], [ 75.243333333333339, 33.686666666666667 ], [ 75.243333333333339, 33.68 ], [ 75.24666666666667, 33.68 ], [ 75.24666666666667, 33.676666666666669 ], [ 75.256666666666661, 33.676666666666669 ], [ 75.256666666666661, 33.67 ], [ 75.28, 33.67 ], [ 75.28, 33.69 ], [ 75.29, 33.69 ], [ 75.29, 33.703333333333333 ], [ 75.293333333333337, 33.703333333333333 ], [ 75.293333333333337, 33.7 ], [ 75.3, 33.7 ], [ 75.3, 33.696666666666665 ], [ 75.316666666666663, 33.696666666666665 ], [ 75.316666666666663, 33.706666666666663 ], [ 75.32, 33.706666666666663 ], [ 75.32, 33.716666666666669 ], [ 75.323333333333338, 33.716666666666669 ], [ 75.323333333333338, 33.72 ], [ 75.333333333333329, 33.72 ], [ 75.333333333333329, 33.723333333333336 ], [ 75.336666666666673, 33.723333333333336 ], [ 75.336666666666673, 33.736666666666665 ], [ 75.346666666666664, 33.736666666666665 ], [ 75.346666666666664, 33.75333333333333 ], [ 75.33, 33.75333333333333 ], [ 75.33, 33.743333333333332 ], [ 75.32, 33.743333333333332 ], [ 75.32, 33.736666666666665 ], [ 75.306666666666672, 33.736666666666665 ], [ 75.306666666666672, 33.74 ], [ 75.303333333333327, 33.74 ], [ 75.303333333333327, 33.75 ], [ 75.29, 33.75 ], [ 75.29, 33.75333333333333 ], [ 75.273333333333326, 33.75333333333333 ], [ 75.273333333333326, 33.74 ], [ 75.27, 33.74 ], [ 75.27, 33.736666666666665 ], [ 75.266666666666666, 33.736666666666665 ], [ 75.266666666666666, 33.743333333333332 ], [ 75.263333333333335, 33.743333333333332 ], [ 75.263333333333335, 33.74666666666667 ], [ 75.26, 33.74666666666667 ], [ 75.26, 33.756666666666668 ], [ 75.233333333333334, 33.756666666666668 ], [ 75.233333333333334, 33.75333333333333 ], [ 75.22, 33.75333333333333 ], [ 75.22, 33.756666666666668 ], [ 75.216666666666669, 33.756666666666668 ], [ 75.216666666666669, 33.76 ], [ 75.213333333333338, 33.76 ], [ 75.213333333333338, 33.766666666666666 ], [ 75.216666666666669, 33.766666666666666 ], [ 75.216666666666669, 33.77 ], [ 75.22, 33.77 ], [ 75.22, 33.766666666666666 ], [ 75.24666666666667, 33.766666666666666 ], [ 75.24666666666667, 33.79 ], [ 75.25, 33.79 ], [ 75.25, 33.793333333333337 ], [ 75.256666666666661, 33.793333333333337 ], [ 75.256666666666661, 33.79 ], [ 75.27, 33.79 ], [ 75.27, 33.783333333333331 ], [ 75.29, 33.783333333333331 ], [ 75.29, 33.796666666666667 ], [ 75.293333333333337, 33.796666666666667 ], [ 75.293333333333337, 33.806666666666665 ], [ 75.306666666666672, 33.806666666666665 ], [ 75.306666666666672, 33.81 ], [ 75.313333333333333, 33.81 ], [ 75.313333333333333, 33.813333333333333 ], [ 75.316666666666663, 33.813333333333333 ], [ 75.316666666666663, 33.83 ], [ 75.306666666666672, 33.83 ], [ 75.306666666666672, 33.833333333333336 ], [ 75.286666666666662, 33.833333333333336 ], [ 75.286666666666662, 33.846666666666664 ], [ 75.3, 33.846666666666664 ], [ 75.3, 33.86333333333333 ], [ 75.283333333333331, 33.86333333333333 ], [ 75.283333333333331, 33.866666666666667 ], [ 75.28, 33.866666666666667 ], [ 75.28, 33.873333333333335 ], [ 75.283333333333331, 33.873333333333335 ], [ 75.283333333333331, 33.9 ], [ 75.28, 33.9 ], [ 75.28, 33.913333333333334 ], [ 75.26, 33.913333333333334 ], [ 75.26, 33.903333333333336 ], [ 75.236666666666665, 33.903333333333336 ], [ 75.236666666666665, 33.883333333333333 ], [ 75.24, 33.883333333333333 ], [ 75.24, 33.88 ], [ 75.233333333333334, 33.88 ], [ 75.233333333333334, 33.85 ], [ 75.23, 33.85 ], [ 75.23, 33.833333333333336 ], [ 75.233333333333334, 33.833333333333336 ], [ 75.233333333333334, 33.826666666666668 ], [ 75.23, 33.826666666666668 ], [ 75.23, 33.823333333333331 ], [ 75.226666666666674, 33.823333333333331 ], [ 75.226666666666674, 33.82 ], [ 75.21, 33.82 ], [ 75.21, 33.823333333333331 ], [ 75.206666666666663, 33.823333333333331 ], [ 75.206666666666663, 33.826666666666668 ], [ 75.196666666666673, 33.826666666666668 ], [ 75.196666666666673, 33.83 ], [ 75.19, 33.83 ], [ 75.19, 33.836666666666666 ], [ 75.183333333333337, 33.836666666666666 ], [ 75.183333333333337, 33.84 ], [ 75.18, 33.84 ], [ 75.18, 33.856666666666669 ], [ 75.183333333333337, 33.856666666666669 ], [ 75.183333333333337, 33.876666666666665 ], [ 75.166666666666671, 33.876666666666665 ], [ 75.166666666666671, 33.873333333333335 ], [ 75.163333333333327, 33.873333333333335 ], [ 75.163333333333327, 33.86333333333333 ], [ 75.16, 33.86333333333333 ], [ 75.16, 33.86 ], [ 75.156666666666666, 33.86 ], [ 75.156666666666666, 33.856666666666669 ], [ 75.13333333333334, 33.856666666666669 ], [ 75.13333333333334, 33.853333333333332 ], [ 75.13, 33.853333333333332 ], [ 75.13, 33.85 ], [ 75.11333333333333, 33.85 ], [ 75.11333333333333, 33.853333333333332 ], [ 75.11, 33.853333333333332 ], [ 75.11, 33.856666666666669 ], [ 75.103333333333339, 33.856666666666669 ], [ 75.103333333333339, 33.86 ], [ 75.1, 33.86 ], [ 75.1, 33.86333333333333 ], [ 75.093333333333334, 33.86333333333333 ], [ 75.093333333333334, 33.866666666666667 ], [ 75.09, 33.866666666666667 ], [ 75.09, 33.87 ], [ 75.086666666666673, 33.87 ], [ 75.086666666666673, 33.876666666666665 ], [ 75.08, 33.876666666666665 ], [ 75.08, 33.883333333333333 ], [ 75.086666666666673, 33.883333333333333 ], [ 75.086666666666673, 33.886666666666663 ], [ 75.09, 33.886666666666663 ], [ 75.09, 33.883333333333333 ], [ 75.11, 33.883333333333333 ], [ 75.11, 33.893333333333331 ], [ 75.11666666666666, 33.893333333333331 ], [ 75.11666666666666, 33.896666666666668 ], [ 75.14, 33.896666666666668 ], [ 75.14, 33.913333333333334 ], [ 75.13666666666667, 33.913333333333334 ], [ 75.13666666666667, 33.916666666666664 ], [ 75.14, 33.916666666666664 ], [ 75.14, 33.93333333333333 ], [ 75.153333333333336, 33.93333333333333 ], [ 75.153333333333336, 33.963333333333331 ], [ 75.13666666666667, 33.963333333333331 ], [ 75.13666666666667, 33.96 ], [ 75.12, 33.96 ], [ 75.12, 33.963333333333331 ], [ 75.11666666666666, 33.963333333333331 ], [ 75.11666666666666, 33.966666666666669 ], [ 75.11333333333333, 33.966666666666669 ], [ 75.11333333333333, 33.97 ], [ 75.11, 33.97 ], [ 75.11, 33.973333333333336 ], [ 75.106666666666669, 33.973333333333336 ], [ 75.106666666666669, 33.976666666666667 ], [ 75.103333333333339, 33.976666666666667 ], [ 75.103333333333339, 33.98 ], [ 75.096666666666664, 33.98 ], [ 75.096666666666664, 33.983333333333334 ], [ 75.08, 33.983333333333334 ] ], [ [ 75.156666666666666, 33.733333333333334 ], [ 75.16, 33.733333333333334 ], [ 75.16, 33.73 ], [ 75.163333333333327, 33.73 ], [ 75.163333333333327, 33.726666666666667 ], [ 75.156666666666666, 33.726666666666667 ], [ 75.156666666666666, 33.733333333333334 ] ], [ [ 75.053333333333327, 33.63 ], [ 75.056666666666672, 33.63 ], [ 75.056666666666672, 33.623333333333335 ], [ 75.053333333333327, 33.623333333333335 ], [ 75.053333333333327, 33.63 ] ], [ [ 75.183333333333337, 33.61333333333333 ], [ 75.203333333333333, 33.61333333333333 ], [ 75.203333333333333, 33.606666666666669 ], [ 75.196666666666673, 33.606666666666669 ], [ 75.196666666666673, 33.61 ], [ 75.183333333333337, 33.61 ], [ 75.183333333333337, 33.61333333333333 ] ] ] } },
{ "type": "Feature", "properties": { "site_id": "SAFE-SITE-029", "mean_cci": 93.8, "area_sqkm": 62.01, "capacity_families": 7441, "suitability_tier": "Viable (CCI 60-70)" }, "geometry": { "type": "Polygon", "coordinates": [ [ [ 78.813333333333333, 33.586666666666666 ], [ 78.813333333333333, 33.583333333333336 ], [ 78.796666666666667, 33.583333333333336 ], [ 78.796666666666667, 33.56666666666667 ], [ 78.803333333333327, 33.56666666666667 ], [ 78.803333333333327, 33.563333333333333 ], [ 78.806666666666672, 33.563333333333333 ], [ 78.806666666666672, 33.56 ], [ 78.813333333333333, 33.56 ], [ 78.813333333333333, 33.556666666666665 ], [ 78.816666666666663, 33.556666666666665 ], [ 78.816666666666663, 33.553333333333335 ], [ 78.82, 33.553333333333335 ], [ 78.82, 33.55 ], [ 78.823333333333338, 33.55 ], [ 78.823333333333338, 33.546666666666667 ], [ 78.833333333333329, 33.546666666666667 ], [ 78.833333333333329, 33.543333333333337 ], [ 78.836666666666673, 33.543333333333337 ], [ 78.836666666666673, 33.54 ], [ 78.84, 33.54 ], [ 78.84, 33.536666666666669 ], [ 78.843333333333334, 33.536666666666669 ], [ 78.843333333333334, 33.533333333333331 ], [ 78.846666666666664, 33.533333333333331 ], [ 78.846666666666664, 33.526666666666664 ], [ 78.85, 33.526666666666664 ], [ 78.85, 33.523333333333333 ], [ 78.853333333333339, 33.523333333333333 ], [ 78.853333333333339, 33.513333333333335 ], [ 78.88, 33.513333333333335 ], [ 78.88, 33.51 ], [ 78.88333333333334, 33.51 ], [ 78.88333333333334, 33.506666666666668 ], [ 78.9, 33.506666666666668 ], [ 78.9, 33.51 ], [ 78.906666666666666, 33.51 ], [ 78.906666666666666, 33.506666666666668 ], [ 78.933333333333337, 33.506666666666668 ], [ 78.933333333333337, 33.51 ], [ 78.94, 33.51 ], [ 78.94, 33.513333333333335 ], [ 78.95, 33.513333333333335 ], [ 78.95, 33.516666666666666 ], [ 78.96, 33.516666666666666 ], [ 78.96, 33.52 ], [ 78.963333333333338, 33.52 ], [ 78.963333333333338, 33.523333333333333 ], [ 78.97, 33.523333333333333 ], [ 78.97, 33.52 ], [ 78.976666666666674, 33.52 ], [ 78.976666666666674, 33.516666666666666 ], [ 78.983333333333334, 33.516666666666666 ], [ 78.983333333333334, 33.513333333333335 ], [ 78.986666666666665, 33.513333333333335 ], [ 78.986666666666665, 33.51 ], [ 78.993333333333339, 33.51 ], [ 78.993333333333339, 33.506666666666668 ], [ 79.013333333333335, 33.506666666666668 ], [ 79.013333333333335, 33.523333333333333 ], [ 79.006666666666661, 33.523333333333333 ], [ 79.006666666666661, 33.526666666666664 ], [ 79.00333333333333, 33.526666666666664 ], [ 79.00333333333333, 33.53 ], [ 78.99666666666667, 33.53 ], [ 78.99666666666667, 33.533333333333331 ], [ 78.99, 33.533333333333331 ], [ 78.99, 33.536666666666669 ], [ 78.986666666666665, 33.536666666666669 ], [ 78.986666666666665, 33.54 ], [ 78.983333333333334, 33.54 ], [ 78.983333333333334, 33.543333333333337 ], [ 78.98, 33.543333333333337 ], [ 78.98, 33.546666666666667 ], [ 78.953333333333333, 33.546666666666667 ], [ 78.953333333333333, 33.543333333333337 ], [ 78.94, 33.543333333333337 ], [ 78.94, 33.54 ], [ 78.936666666666667, 33.54 ], [ 78.936666666666667, 33.536666666666669 ], [ 78.933333333333337, 33.536666666666669 ], [ 78.933333333333337, 33.533333333333331 ], [ 78.926666666666662, 33.533333333333331 ], [ 78.926666666666662, 33.53 ], [ 78.923333333333332, 33.53 ], [ 78.923333333333332, 33.526666666666664 ], [ 78.906666666666666, 33.526666666666664 ], [ 78.906666666666666, 33.53 ], [ 78.9, 33.53 ], [ 78.9, 33.533333333333331 ], [ 78.89, 33.533333333333331 ], [ 78.89, 33.536666666666669 ], [ 78.88333333333334, 33.536666666666669 ], [ 78.88333333333334, 33.54 ], [ 78.876666666666665, 33.54 ], [ 78.876666666666665, 33.543333333333337 ], [ 78.86666666666666, 33.543333333333337 ], [ 78.86666666666666, 33.546666666666667 ], [ 78.86333333333333, 33.546666666666667 ], [ 78.86333333333333, 33.55 ], [ 78.86, 33.55 ], [ 78.86, 33.553333333333335 ], [ 78.856666666666669, 33.553333333333335 ], [ 78.856666666666669, 33.556666666666665 ], [ 78.85, 33.556666666666665 ], [ 78.85, 33.56 ], [ 78.846666666666664, 33.56 ], [ 78.846666666666664, 33.563333333333333 ], [ 78.843333333333334, 33.563333333333333 ], [ 78.843333333333334, 33.56666666666667 ], [ 78.84, 33.56666666666667 ], [ 78.84, 33.57 ], [ 78.836666666666673, 33.57 ], [ 78.836666666666673, 33.576666666666668 ], [ 78.833333333333329, 33.576666666666668 ], [ 78.833333333333329, 33.58 ], [ 78.83, 33.58 ], [ 78.83, 33.586666666666666 ], [ 78.813333333333333, 33.586666666666666 ] ] ] } },
{ "type": "Feature", "properties": { "site_id": "SAFE-SITE-030", "mean_cci": 93.8, "area_sqkm": 73.62, "capacity_families": 8834, "suitability_tier": "Viable (CCI 60-70)" }, "geometry": { "type": "Polygon", "coordinates": [ [ [ 78.66, 33.64 ], [ 78.66, 33.636666666666663 ], [ 78.656666666666666, 33.636666666666663 ], [ 78.656666666666666, 33.63 ], [ 78.653333333333336, 33.63 ], [ 78.653333333333336, 33.623333333333335 ], [ 78.65, 33.623333333333335 ], [ 78.65, 33.62 ], [ 78.646666666666661, 33.62 ], [ 78.646666666666661, 33.616666666666667 ], [ 78.643333333333331, 33.616666666666667 ], [ 78.643333333333331, 33.596666666666664 ], [ 78.646666666666661, 33.596666666666664 ], [ 78.646666666666661, 33.593333333333334 ], [ 78.66, 33.593333333333334 ], [ 78.66, 33.59 ], [ 78.663333333333327, 33.59 ], [ 78.663333333333327, 33.586666666666666 ], [ 78.666666666666671, 33.586666666666666 ], [ 78.666666666666671, 33.583333333333336 ], [ 78.67, 33.583333333333336 ], [ 78.67, 33.58 ], [ 78.673333333333332, 33.58 ], [ 78.673333333333332, 33.56666666666667 ], [ 78.676666666666662, 33.56666666666667 ], [ 78.676666666666662, 33.563333333333333 ], [ 78.68, 33.563333333333333 ], [ 78.68, 33.56 ], [ 78.683333333333337, 33.56 ], [ 78.683333333333337, 33.556666666666665 ], [ 78.686666666666667, 33.556666666666665 ], [ 78.686666666666667, 33.553333333333335 ], [ 78.693333333333328, 33.553333333333335 ], [ 78.693333333333328, 33.55 ], [ 78.696666666666673, 33.55 ], [ 78.696666666666673, 33.546666666666667 ], [ 78.7, 33.546666666666667 ], [ 78.7, 33.543333333333337 ], [ 78.703333333333333, 33.543333333333337 ], [ 78.703333333333333, 33.536666666666669 ], [ 78.706666666666663, 33.536666666666669 ], [ 78.706666666666663, 33.533333333333331 ], [ 78.71, 33.533333333333331 ], [ 78.71, 33.53 ], [ 78.713333333333338, 33.53 ], [ 78.713333333333338, 33.526666666666664 ], [ 78.72, 33.526666666666664 ], [ 78.72, 33.523333333333333 ], [ 78.723333333333329, 33.523333333333333 ], [ 78.723333333333329, 33.516666666666666 ], [ 78.726666666666674, 33.516666666666666 ], [ 78.726666666666674, 33.5 ], [ 78.73, 33.5 ], [ 78.73, 33.49666666666667 ], [ 78.74666666666667, 33.49666666666667 ], [ 78.74666666666667, 33.516666666666666 ], [ 78.743333333333339, 33.516666666666666 ], [ 78.743333333333339, 33.53 ], [ 78.74666666666667, 33.53 ], [ 78.74666666666667, 33.536666666666669 ], [ 78.75, 33.536666666666669 ], [ 78.75, 33.543333333333337 ], [ 78.75333333333333, 33.543333333333337 ], [ 78.75333333333333, 33.546666666666667 ], [ 78.76, 33.546666666666667 ], [ 78.76, 33.55 ], [ 78.766666666666666, 33.55 ], [ 78.766666666666666, 33.553333333333335 ], [ 78.776666666666671, 33.553333333333335 ], [ 78.776666666666671, 33.56 ], [ 78.78, 33.56 ], [ 78.78, 33.563333333333333 ], [ 78.783333333333331, 33.563333333333333 ], [ 78.783333333333331, 33.56666666666667 ], [ 78.793333333333337, 33.56666666666667 ], [ 78.793333333333337, 33.583333333333336 ], [ 78.77, 33.583333333333336 ], [ 78.77, 33.58 ], [ 78.76, 33.58 ], [ 78.76, 33.57 ], [ 78.75, 33.57 ], [ 78.75, 33.56666666666667 ], [ 78.74666666666667, 33.56666666666667 ], [ 78.74666666666667, 33.563333333333333 ], [ 78.74, 33.563333333333333 ], [ 78.74, 33.56 ], [ 78.73, 33.56 ], [ 78.73, 33.563333333333333 ], [ 78.726666666666674, 33.563333333333333 ], [ 78.726666666666674, 33.56666666666667 ], [ 78.723333333333329, 33.56666666666667 ], [ 78.723333333333329, 33.59 ], [ 78.71, 33.59 ], [ 78.71, 33.593333333333334 ], [ 78.706666666666663, 33.593333333333334 ], [ 78.706666666666663, 33.596666666666664 ], [ 78.703333333333333, 33.596666666666664 ], [ 78.703333333333333, 33.6 ], [ 78.7, 33.6 ], [ 78.7, 33.603333333333332 ], [ 78.696666666666673, 33.603333333333332 ], [ 78.696666666666673, 33.61 ], [ 78.693333333333328, 33.61 ], [ 78.693333333333328, 33.616666666666667 ], [ 78.69, 33.616666666666667 ], [ 78.69, 33.623333333333335 ], [ 78.686666666666667, 33.623333333333335 ], [ 78.686666666666667, 33.626666666666665 ], [ 78.683333333333337, 33.626666666666665 ], [ 78.683333333333337, 33.63 ], [ 78.68, 33.63 ], [ 78.68, 33.64 ], [ 78.66, 33.64 ] ] ] } },
{ "type": "Feature", "properties": { "site_id": "SAFE-SITE-031", "mean_cci": 93.8, "area_sqkm": 17.54, "capacity_families": 2104, "suitability_tier": "Viable (CCI 60-70)" }, "geometry": { "type": "Polygon", "coordinates": [ [ [ 79.02, 33.523333333333333 ], [ 79.02, 33.516666666666666 ], [ 79.016666666666666, 33.516666666666666 ], [ 79.016666666666666, 33.493333333333332 ], [ 79.036666666666662, 33.493333333333332 ], [ 79.036666666666662, 33.49666666666667 ], [ 79.04, 33.49666666666667 ], [ 79.04, 33.50333333333333 ], [ 79.05, 33.50333333333333 ], [ 79.05, 33.49 ], [ 79.053333333333327, 33.49 ], [ 79.053333333333327, 33.48 ], [ 79.08, 33.48 ], [ 79.08, 33.506666666666668 ], [ 79.056666666666672, 33.506666666666668 ], [ 79.056666666666672, 33.52 ], [ 79.036666666666662, 33.52 ], [ 79.036666666666662, 33.523333333333333 ], [ 79.02, 33.523333333333333 ] ] ] } },
{ "type": "Feature", "properties": { "site_id": "SAFE-SITE-032", "mean_cci": 93.8, "area_sqkm": 33.44, "capacity_families": 4013, "suitability_tier": "Viable (CCI 60-70)" }, "geometry": { "type": "Polygon", "coordinates": [ [ [ 76.906666666666666, 33.523333333333333 ], [ 76.906666666666666, 33.52 ], [ 76.89, 33.52 ], [ 76.89, 33.516666666666666 ], [ 76.876666666666665, 33.516666666666666 ], [ 76.876666666666665, 33.513333333333335 ], [ 76.86333333333333, 33.513333333333335 ], [ 76.86333333333333, 33.51 ], [ 76.846666666666664, 33.51 ], [ 76.846666666666664, 33.506666666666668 ], [ 76.833333333333329, 33.506666666666668 ], [ 76.833333333333329, 33.486666666666665 ], [ 76.84, 33.486666666666665 ], [ 76.84, 33.483333333333334 ], [ 76.846666666666664, 33.483333333333334 ], [ 76.846666666666664, 33.48 ], [ 76.853333333333339, 33.48 ], [ 76.853333333333339, 33.476666666666667 ], [ 76.86, 33.476666666666667 ], [ 76.86, 33.473333333333336 ], [ 76.89, 33.473333333333336 ], [ 76.89, 33.483333333333334 ], [ 76.9, 33.483333333333334 ], [ 76.9, 33.49 ], [ 76.903333333333336, 33.49 ], [ 76.903333333333336, 33.493333333333332 ], [ 76.906666666666666, 33.493333333333332 ], [ 76.906666666666666, 33.49666666666667 ], [ 76.92, 33.49666666666667 ], [ 76.92, 33.5 ], [ 76.933333333333337, 33.5 ], [ 76.933333333333337, 33.50333333333333 ], [ 76.936666666666667, 33.50333333333333 ], [ 76.936666666666667, 33.52 ], [ 76.926666666666662, 33.52 ], [ 76.926666666666662, 33.523333333333333 ], [ 76.906666666666666, 33.523333333333333 ] ] ] } },
{ "type": "Feature", "properties": { "site_id": "SAFE-SITE-033", "mean_cci": 93.8, "area_sqkm": 11.73, "capacity_families": 1407, "suitability_tier": "Viable (CCI 60-70)" }, "geometry": { "type": "Polygon", "coordinates": [ [ [ 79.13666666666667, 33.47 ], [ 79.13666666666667, 33.453333333333333 ], [ 79.14, 33.453333333333333 ], [ 79.14, 33.443333333333335 ], [ 79.143333333333331, 33.443333333333335 ], [ 79.143333333333331, 33.44 ], [ 79.146666666666661, 33.44 ], [ 79.146666666666661, 33.43333333333333 ], [ 79.15, 33.43333333333333 ], [ 79.15, 33.423333333333332 ], [ 79.173333333333332, 33.423333333333332 ], [ 79.173333333333332, 33.44 ], [ 79.17, 33.44 ], [ 79.17, 33.443333333333335 ], [ 79.166666666666671, 33.443333333333335 ], [ 79.166666666666671, 33.446666666666665 ], [ 79.163333333333327, 33.446666666666665 ], [ 79.163333333333327, 33.45 ], [ 79.16, 33.45 ], [ 79.16, 33.47 ], [ 79.13666666666667, 33.47 ] ] ] } },
{ "type": "Feature", "properties": { "site_id": "SAFE-SITE-034", "mean_cci": 93.8, "area_sqkm": 456.61, "capacity_families": 54793, "suitability_tier": "Viable (CCI 60-70)" }, "geometry": { "type": "Polygon", "coordinates": [ [ [ 79.683333333333337, 33.65 ], [ 79.683333333333337, 33.633333333333333 ], [ 79.69, 33.633333333333333 ], [ 79.69, 33.63 ], [ 79.693333333333328, 33.63 ], [ 79.693333333333328, 33.623333333333335 ], [ 79.686666666666667, 33.623333333333335 ], [ 79.686666666666667, 33.62 ], [ 79.663333333333327, 33.62 ], [ 79.663333333333327, 33.616666666666667 ], [ 79.66, 33.616666666666667 ], [ 79.66, 33.623333333333335 ], [ 79.64, 33.623333333333335 ], [ 79.64, 33.62 ], [ 79.63666666666667, 33.62 ], [ 79.63666666666667, 33.616666666666667 ], [ 79.63, 33.616666666666667 ], [ 79.63, 33.61 ], [ 79.62, 33.61 ], [ 79.62, 33.59 ], [ 79.64, 33.59 ], [ 79.64, 33.593333333333334 ], [ 79.646666666666661, 33.593333333333334 ], [ 79.646666666666661, 33.596666666666664 ], [ 79.66, 33.596666666666664 ], [ 79.66, 33.593333333333334 ], [ 79.656666666666666, 33.593333333333334 ], [ 79.656666666666666, 33.586666666666666 ], [ 79.653333333333336, 33.586666666666666 ], [ 79.653333333333336, 33.583333333333336 ], [ 79.65, 33.583333333333336 ], [ 79.65, 33.573333333333331 ], [ 79.643333333333331, 33.573333333333331 ], [ 79.643333333333331, 33.553333333333335 ], [ 79.65, 33.553333333333335 ], [ 79.65, 33.546666666666667 ], [ 79.67, 33.546666666666667 ], [ 79.67, 33.563333333333333 ], [ 79.66, 33.563333333333333 ], [ 79.66, 33.56666666666667 ], [ 79.683333333333337, 33.56666666666667 ], [ 79.683333333333337, 33.57 ], [ 79.69, 33.57 ], [ 79.69, 33.56666666666667 ], [ 79.696666666666673, 33.56666666666667 ], [ 79.696666666666673, 33.563333333333333 ], [ 79.7, 33.563333333333333 ], [ 79.7, 33.54 ], [ 79.703333333333333, 33.54 ], [ 79.703333333333333, 33.536666666666669 ], [ 79.706666666666663, 33.536666666666669 ], [ 79.706666666666663, 33.526666666666664 ], [ 79.723333333333329, 33.526666666666664 ], [ 79.723333333333329, 33.523333333333333 ], [ 79.73, 33.523333333333333 ], [ 79.73, 33.52 ], [ 79.733333333333334, 33.52 ], [ 79.733333333333334, 33.516666666666666 ], [ 79.736666666666665, 33.516666666666666 ], [ 79.736666666666665, 33.493333333333332 ], [ 79.74666666666667, 33.493333333333332 ], [ 79.74666666666667, 33.49 ], [ 79.75, 33.49 ], [ 79.75, 33.48 ], [ 79.75333333333333, 33.48 ], [ 79.75333333333333, 33.476666666666667 ], [ 79.77, 33.476666666666667 ], [ 79.77, 33.46 ], [ 79.756666666666661, 33.46 ], [ 79.756666666666661, 33.456666666666663 ], [ 79.75333333333333, 33.456666666666663 ], [ 79.75333333333333, 33.453333333333333 ], [ 79.74666666666667, 33.453333333333333 ], [ 79.74666666666667, 33.47 ], [ 79.74, 33.47 ], [ 79.74, 33.473333333333336 ], [ 79.723333333333329, 33.473333333333336 ], [ 79.723333333333329, 33.46 ], [ 79.716666666666669, 33.46 ], [ 79.716666666666669, 33.463333333333331 ], [ 79.693333333333328, 33.463333333333331 ], [ 79.693333333333328, 33.45 ], [ 79.686666666666667, 33.45 ], [ 79.686666666666667, 33.453333333333333 ], [ 79.683333333333337, 33.453333333333333 ], [ 79.683333333333337, 33.463333333333331 ], [ 79.66, 33.463333333333331 ], [ 79.66, 33.46 ], [ 79.643333333333331, 33.46 ], [ 79.643333333333331, 33.466666666666669 ], [ 79.65, 33.466666666666669 ], [ 79.65, 33.483333333333334 ], [ 79.623333333333335, 33.483333333333334 ], [ 79.623333333333335, 33.486666666666665 ], [ 79.61333333333333, 33.486666666666665 ], [ 79.61333333333333, 33.49 ], [ 79.596666666666664, 33.49 ], [ 79.596666666666664, 33.473333333333336 ], [ 79.6, 33.473333333333336 ], [ 79.6, 33.463333333333331 ], [ 79.603333333333339, 33.463333333333331 ], [ 79.603333333333339, 33.46 ], [ 79.61, 33.46 ], [ 79.61, 33.456666666666663 ], [ 79.626666666666665, 33.456666666666663 ], [ 79.626666666666665, 33.453333333333333 ], [ 79.63666666666667, 33.453333333333333 ], [ 79.63666666666667, 33.44 ], [ 79.646666666666661, 33.44 ], [ 79.646666666666661, 33.436666666666667 ], [ 79.65, 33.436666666666667 ], [ 79.65, 33.43 ], [ 79.646666666666661, 33.43 ], [ 79.646666666666661, 33.426666666666669 ], [ 79.64, 33.426666666666669 ], [ 79.64, 33.423333333333332 ], [ 79.63666666666667, 33.423333333333332 ], [ 79.63666666666667, 33.42 ], [ 79.626666666666665, 33.42 ], [ 79.626666666666665, 33.403333333333336 ], [ 79.63666666666667, 33.403333333333336 ], [ 79.63666666666667, 33.4 ], [ 79.643333333333331, 33.4 ], [ 79.643333333333331, 33.396666666666668 ], [ 79.65, 33.396666666666668 ], [ 79.65, 33.393333333333331 ], [ 79.66, 33.393333333333331 ], [ 79.66, 33.39 ], [ 79.676666666666662, 33.39 ], [ 79.676666666666662, 33.386666666666663 ], [ 79.68, 33.386666666666663 ], [ 79.68, 33.383333333333333 ], [ 79.69, 33.383333333333333 ], [ 79.69, 33.373333333333335 ], [ 79.693333333333328, 33.373333333333335 ], [ 79.693333333333328, 33.37 ], [ 79.74, 33.37 ], [ 79.74, 33.386666666666663 ], [ 79.733333333333334, 33.386666666666663 ], [ 79.733333333333334, 33.39 ], [ 79.71, 33.39 ], [ 79.71, 33.393333333333331 ], [ 79.726666666666659, 33.393333333333331 ], [ 79.726666666666659, 33.4 ], [ 79.73, 33.4 ], [ 79.73, 33.403333333333336 ], [ 79.733333333333334, 33.403333333333336 ], [ 79.733333333333334, 33.406666666666666 ], [ 79.736666666666665, 33.406666666666666 ], [ 79.736666666666665, 33.416666666666664 ], [ 79.74, 33.416666666666664 ], [ 79.74, 33.42 ], [ 79.743333333333339, 33.42 ], [ 79.743333333333339, 33.43 ], [ 79.756666666666661, 33.43 ], [ 79.756666666666661, 33.43333333333333 ], [ 79.76, 33.43333333333333 ], [ 79.76, 33.436666666666667 ], [ 79.763333333333335, 33.436666666666667 ], [ 79.763333333333335, 33.44 ], [ 79.783333333333331, 33.44 ], [ 79.783333333333331, 33.443333333333335 ], [ 79.803333333333327, 33.443333333333335 ], [ 79.803333333333327, 33.45 ], [ 79.82, 33.45 ], [ 79.82, 33.453333333333333 ], [ 79.823333333333338, 33.453333333333333 ], [ 79.823333333333338, 33.456666666666663 ], [ 79.83, 33.456666666666663 ], [ 79.83, 33.46 ], [ 79.833333333333329, 33.46 ], [ 79.833333333333329, 33.47 ], [ 79.836666666666673, 33.47 ], [ 79.836666666666673, 33.473333333333336 ], [ 79.853333333333339, 33.473333333333336 ], [ 79.853333333333339, 33.47 ], [ 79.86, 33.47 ], [ 79.86, 33.466666666666669 ], [ 79.873333333333335, 33.466666666666669 ], [ 79.873333333333335, 33.463333333333331 ], [ 79.89, 33.463333333333331 ], [ 79.89, 33.48 ], [ 79.896666666666661, 33.48 ], [ 79.896666666666661, 33.483333333333334 ], [ 79.92, 33.483333333333334 ], [ 79.92, 33.486666666666665 ], [ 79.936666666666667, 33.486666666666665 ], [ 79.936666666666667, 33.50333333333333 ], [ 79.926666666666662, 33.50333333333333 ], [ 79.926666666666662, 33.506666666666668 ], [ 79.913333333333327, 33.506666666666668 ], [ 79.913333333333327, 33.516666666666666 ], [ 79.91, 33.516666666666666 ], [ 79.91, 33.52 ], [ 79.903333333333336, 33.52 ], [ 79.903333333333336, 33.523333333333333 ], [ 79.9, 33.523333333333333 ], [ 79.9, 33.53 ], [ 79.896666666666661, 33.53 ], [ 79.896666666666661, 33.533333333333331 ], [ 79.906666666666666, 33.533333333333331 ], [ 79.906666666666666, 33.543333333333337 ], [ 79.92, 33.543333333333337 ], [ 79.92, 33.546666666666667 ], [ 79.923333333333332, 33.546666666666667 ], [ 79.923333333333332, 33.533333333333331 ], [ 79.94, 33.533333333333331 ], [ 79.94, 33.55 ], [ 79.933333333333337, 33.55 ], [ 79.933333333333337, 33.56666666666667 ], [ 79.916666666666671, 33.56666666666667 ], [ 79.916666666666671, 33.57 ], [ 79.89, 33.57 ], [ 79.89, 33.573333333333331 ], [ 79.876666666666665, 33.573333333333331 ], [ 79.876666666666665, 33.576666666666668 ], [ 79.866666666666674, 33.576666666666668 ], [ 79.866666666666674, 33.58 ], [ 79.86333333333333, 33.58 ], [ 79.86333333333333, 33.583333333333336 ], [ 79.853333333333339, 33.583333333333336 ], [ 79.853333333333339, 33.586666666666666 ], [ 79.85, 33.586666666666666 ], [ 79.85, 33.593333333333334 ], [ 79.836666666666673, 33.593333333333334 ], [ 79.836666666666673, 33.596666666666664 ], [ 79.833333333333329, 33.596666666666664 ], [ 79.833333333333329, 33.6 ], [ 79.83, 33.6 ], [ 79.83, 33.606666666666669 ], [ 79.826666666666668, 33.606666666666669 ], [ 79.826666666666668, 33.61 ], [ 79.816666666666663, 33.61 ], [ 79.816666666666663, 33.61333333333333 ], [ 79.813333333333333, 33.61333333333333 ], [ 79.813333333333333, 33.62 ], [ 79.806666666666672, 33.62 ], [ 79.806666666666672, 33.623333333333335 ], [ 79.76, 33.623333333333335 ], [ 79.76, 33.626666666666665 ], [ 79.75, 33.626666666666665 ], [ 79.75, 33.63 ], [ 79.74666666666667, 33.63 ], [ 79.74666666666667, 33.633333333333333 ], [ 79.73, 33.633333333333333 ], [ 79.73, 33.616666666666667 ], [ 79.726666666666659, 33.616666666666667 ], [ 79.726666666666659, 33.62 ], [ 79.723333333333329, 33.62 ], [ 79.723333333333329, 33.636666666666663 ], [ 79.713333333333338, 33.636666666666663 ], [ 79.713333333333338, 33.64 ], [ 79.706666666666663, 33.64 ], [ 79.706666666666663, 33.65 ], [ 79.683333333333337, 33.65 ] ], [ [ 79.733333333333334, 33.61 ], [ 79.74, 33.61 ], [ 79.74, 33.606666666666669 ], [ 79.733333333333334, 33.606666666666669 ], [ 79.733333333333334, 33.61 ] ], [ [ 79.693333333333328, 33.593333333333334 ], [ 79.696666666666673, 33.593333333333334 ], [ 79.696666666666673, 33.59 ], [ 79.693333333333328, 33.59 ], [ 79.693333333333328, 33.593333333333334 ] ], [ [ 79.773333333333341, 33.46 ], [ 79.776666666666671, 33.46 ], [ 79.776666666666671, 33.456666666666663 ], [ 79.773333333333341, 33.456666666666663 ], [ 79.773333333333341, 33.46 ] ] ] } },
{ "type": "Feature", "properties": { "site_id": "SAFE-SITE-035", "mean_cci": 93.8, "area_sqkm": 130.53, "capacity_families": 15663, "suitability_tier": "Viable (CCI 60-70)" }, "geometry": { "type": "Polygon", "coordinates": [ [ [ 77.986666666666665, 33.43333333333333 ], [ 77.986666666666665, 33.43 ], [ 77.983333333333334, 33.43 ], [ 77.983333333333334, 33.413333333333334 ], [ 77.98, 33.413333333333334 ], [ 77.98, 33.406666666666666 ], [ 77.976666666666674, 33.406666666666666 ], [ 77.976666666666674, 33.403333333333336 ], [ 77.973333333333329, 33.403333333333336 ], [ 77.973333333333329, 33.376666666666665 ], [ 77.97, 33.376666666666665 ], [ 77.97, 33.373333333333335 ], [ 77.966666666666669, 33.373333333333335 ], [ 77.966666666666669, 33.37 ], [ 77.96, 33.37 ], [ 77.96, 33.35 ], [ 77.963333333333338, 33.35 ], [ 77.963333333333338, 33.333333333333336 ], [ 77.96, 33.333333333333336 ], [ 77.96, 33.326666666666668 ], [ 77.956666666666663, 33.326666666666668 ], [ 77.956666666666663, 33.306666666666665 ], [ 77.96, 33.306666666666665 ], [ 77.96, 33.303333333333335 ], [ 77.966666666666669, 33.303333333333335 ], [ 77.966666666666669, 33.3 ], [ 77.97, 33.3 ], [ 77.97, 33.296666666666667 ], [ 77.973333333333329, 33.296666666666667 ], [ 77.973333333333329, 33.29 ], [ 77.976666666666674, 33.29 ], [ 77.976666666666674, 33.283333333333331 ], [ 77.98, 33.283333333333331 ], [ 77.98, 33.28 ], [ 77.976666666666674, 33.28 ], [ 77.976666666666674, 33.26 ], [ 78.00333333333333, 33.26 ], [ 78.00333333333333, 33.256666666666668 ], [ 78.006666666666661, 33.256666666666668 ], [ 78.006666666666661, 33.25333333333333 ], [ 78.01, 33.25333333333333 ], [ 78.01, 33.25 ], [ 78.02, 33.25 ], [ 78.02, 33.24666666666667 ], [ 78.033333333333331, 33.24666666666667 ], [ 78.033333333333331, 33.243333333333332 ], [ 78.056666666666672, 33.243333333333332 ], [ 78.056666666666672, 33.24666666666667 ], [ 78.063333333333333, 33.24666666666667 ], [ 78.063333333333333, 33.25 ], [ 78.066666666666663, 33.25 ], [ 78.066666666666663, 33.25333333333333 ], [ 78.07, 33.25333333333333 ], [ 78.07, 33.26 ], [ 78.073333333333338, 33.26 ], [ 78.073333333333338, 33.263333333333335 ], [ 78.076666666666668, 33.263333333333335 ], [ 78.076666666666668, 33.28 ], [ 78.073333333333338, 33.28 ], [ 78.073333333333338, 33.283333333333331 ], [ 78.07, 33.283333333333331 ], [ 78.07, 33.286666666666669 ], [ 78.066666666666663, 33.286666666666669 ], [ 78.066666666666663, 33.293333333333337 ], [ 78.063333333333333, 33.293333333333337 ], [ 78.063333333333333, 33.296666666666667 ], [ 78.06, 33.296666666666667 ], [ 78.06, 33.3 ], [ 78.056666666666672, 33.3 ], [ 78.056666666666672, 33.306666666666665 ], [ 78.053333333333327, 33.306666666666665 ], [ 78.053333333333327, 33.31 ], [ 78.05, 33.31 ], [ 78.05, 33.313333333333333 ], [ 78.046666666666667, 33.313333333333333 ], [ 78.046666666666667, 33.31666666666667 ], [ 78.043333333333337, 33.31666666666667 ], [ 78.043333333333337, 33.32 ], [ 78.04, 33.32 ], [ 78.04, 33.326666666666668 ], [ 78.036666666666662, 33.326666666666668 ], [ 78.036666666666662, 33.333333333333336 ], [ 78.033333333333331, 33.333333333333336 ], [ 78.033333333333331, 33.353333333333332 ], [ 78.03, 33.353333333333332 ], [ 78.03, 33.356666666666669 ], [ 78.02, 33.356666666666669 ], [ 78.02, 33.36 ], [ 78.016666666666666, 33.36 ], [ 78.016666666666666, 33.36333333333333 ], [ 78.013333333333335, 33.36333333333333 ], [ 78.013333333333335, 33.366666666666667 ], [ 78.01, 33.366666666666667 ], [ 78.01, 33.38 ], [ 78.016666666666666, 33.38 ], [ 78.016666666666666, 33.383333333333333 ], [ 78.02, 33.383333333333333 ], [ 78.02, 33.42 ], [ 78.016666666666666, 33.42 ], [ 78.016666666666666, 33.423333333333332 ], [ 78.013333333333335, 33.423333333333332 ], [ 78.013333333333335, 33.43333333333333 ], [ 77.986666666666665, 33.43333333333333 ] ] ] } },
{ "type": "Feature", "properties": { "site_id": "SAFE-SITE-036", "mean_cci": 93.8, "area_sqkm": 84.42, "capacity_families": 10130, "suitability_tier": "Viable (CCI 60-70)" }, "geometry": { "type": "Polygon", "coordinates": [ [ [ 78.88666666666667, 33.3 ], [ 78.88666666666667, 33.276666666666664 ], [ 78.89, 33.276666666666664 ], [ 78.89, 33.273333333333333 ], [ 78.893333333333331, 33.273333333333333 ], [ 78.893333333333331, 33.27 ], [ 78.896666666666661, 33.27 ], [ 78.896666666666661, 33.266666666666666 ], [ 78.9, 33.266666666666666 ], [ 78.9, 33.263333333333335 ], [ 78.903333333333336, 33.263333333333335 ], [ 78.903333333333336, 33.256666666666668 ], [ 78.9, 33.256666666666668 ], [ 78.9, 33.25333333333333 ], [ 78.896666666666661, 33.25333333333333 ], [ 78.896666666666661, 33.25 ], [ 78.88333333333334, 33.25 ], [ 78.88333333333334, 33.213333333333331 ], [ 78.88, 33.213333333333331 ], [ 78.88, 33.21 ], [ 78.873333333333335, 33.21 ], [ 78.873333333333335, 33.193333333333335 ], [ 78.89, 33.193333333333335 ], [ 78.89, 33.196666666666665 ], [ 78.896666666666661, 33.196666666666665 ], [ 78.896666666666661, 33.2 ], [ 78.9, 33.2 ], [ 78.9, 33.203333333333333 ], [ 78.906666666666666, 33.203333333333333 ], [ 78.906666666666666, 33.206666666666663 ], [ 78.91, 33.206666666666663 ], [ 78.91, 33.213333333333331 ], [ 78.913333333333327, 33.213333333333331 ], [ 78.913333333333327, 33.216666666666669 ], [ 78.93, 33.216666666666669 ], [ 78.93, 33.213333333333331 ], [ 78.94, 33.213333333333331 ], [ 78.94, 33.21 ], [ 78.943333333333328, 33.21 ], [ 78.943333333333328, 33.203333333333333 ], [ 78.95, 33.203333333333333 ], [ 78.95, 33.2 ], [ 78.953333333333333, 33.2 ], [ 78.953333333333333, 33.196666666666665 ], [ 78.956666666666663, 33.196666666666665 ], [ 78.956666666666663, 33.193333333333335 ], [ 78.96, 33.193333333333335 ], [ 78.96, 33.19 ], [ 78.963333333333338, 33.19 ], [ 78.963333333333338, 33.186666666666667 ], [ 78.966666666666669, 33.186666666666667 ], [ 78.966666666666669, 33.18333333333333 ], [ 78.973333333333329, 33.18333333333333 ], [ 78.973333333333329, 33.18 ], [ 78.976666666666674, 33.18 ], [ 78.976666666666674, 33.176666666666669 ], [ 78.98, 33.176666666666669 ], [ 78.98, 33.173333333333332 ], [ 78.983333333333334, 33.173333333333332 ], [ 78.983333333333334, 33.17 ], [ 78.986666666666665, 33.17 ], [ 78.986666666666665, 33.166666666666664 ], [ 78.99, 33.166666666666664 ], [ 78.99, 33.163333333333334 ], [ 78.993333333333339, 33.163333333333334 ], [ 78.993333333333339, 33.16 ], [ 78.99666666666667, 33.16 ], [ 78.99666666666667, 33.156666666666666 ], [ 79.00333333333333, 33.156666666666666 ], [ 79.00333333333333, 33.153333333333336 ], [ 79.01, 33.153333333333336 ], [ 79.01, 33.146666666666668 ], [ 79.026666666666671, 33.146666666666668 ], [ 79.026666666666671, 33.163333333333334 ], [ 79.02, 33.163333333333334 ], [ 79.02, 33.166666666666664 ], [ 79.03, 33.166666666666664 ], [ 79.03, 33.18333333333333 ], [ 79.023333333333341, 33.18333333333333 ], [ 79.023333333333341, 33.186666666666667 ], [ 79.016666666666666, 33.186666666666667 ], [ 79.016666666666666, 33.193333333333335 ], [ 79.01, 33.193333333333335 ], [ 79.01, 33.196666666666665 ], [ 79.006666666666661, 33.196666666666665 ], [ 79.006666666666661, 33.2 ], [ 79.00333333333333, 33.2 ], [ 79.00333333333333, 33.203333333333333 ], [ 79.0, 33.203333333333333 ], [ 79.0, 33.206666666666663 ], [ 78.993333333333339, 33.206666666666663 ], [ 78.993333333333339, 33.21 ], [ 78.986666666666665, 33.21 ], [ 78.986666666666665, 33.213333333333331 ], [ 78.983333333333334, 33.213333333333331 ], [ 78.983333333333334, 33.216666666666669 ], [ 78.98, 33.216666666666669 ], [ 78.98, 33.22 ], [ 78.976666666666674, 33.22 ], [ 78.976666666666674, 33.223333333333336 ], [ 78.97, 33.223333333333336 ], [ 78.97, 33.226666666666667 ], [ 78.963333333333338, 33.226666666666667 ], [ 78.963333333333338, 33.23 ], [ 78.95, 33.23 ], [ 78.95, 33.25 ], [ 78.946666666666673, 33.25 ], [ 78.946666666666673, 33.263333333333335 ], [ 78.943333333333328, 33.263333333333335 ], [ 78.943333333333328, 33.266666666666666 ], [ 78.933333333333337, 33.266666666666666 ], [ 78.933333333333337, 33.27 ], [ 78.926666666666662, 33.27 ], [ 78.926666666666662, 33.28 ], [ 78.923333333333332, 33.28 ], [ 78.923333333333332, 33.283333333333331 ], [ 78.92, 33.283333333333331 ], [ 78.92, 33.286666666666669 ], [ 78.916666666666671, 33.286666666666669 ], [ 78.916666666666671, 33.29 ], [ 78.913333333333327, 33.29 ], [ 78.913333333333327, 33.293333333333337 ], [ 78.906666666666666, 33.293333333333337 ], [ 78.906666666666666, 33.296666666666667 ], [ 78.903333333333336, 33.296666666666667 ], [ 78.903333333333336, 33.3 ], [ 78.88666666666667, 33.3 ] ] ] } },
{ "type": "Feature", "properties": { "site_id": "SAFE-SITE-037", "mean_cci": 93.8, "area_sqkm": 25.9, "capacity_families": 3107, "suitability_tier": "Viable (CCI 60-70)" }, "geometry": { "type": "Polygon", "coordinates": [ [ [ 77.78, 33.23 ], [ 77.78, 33.213333333333331 ], [ 77.783333333333331, 33.213333333333331 ], [ 77.783333333333331, 33.206666666666663 ], [ 77.786666666666662, 33.206666666666663 ], [ 77.786666666666662, 33.203333333333333 ], [ 77.79, 33.203333333333333 ], [ 77.79, 33.19 ], [ 77.793333333333337, 33.19 ], [ 77.793333333333337, 33.18333333333333 ], [ 77.796666666666667, 33.18333333333333 ], [ 77.796666666666667, 33.146666666666668 ], [ 77.806666666666672, 33.146666666666668 ], [ 77.806666666666672, 33.143333333333331 ], [ 77.826666666666668, 33.143333333333331 ], [ 77.826666666666668, 33.18 ], [ 77.823333333333338, 33.18 ], [ 77.823333333333338, 33.186666666666667 ], [ 77.82, 33.186666666666667 ], [ 77.82, 33.19 ], [ 77.816666666666663, 33.19 ], [ 77.816666666666663, 33.196666666666665 ], [ 77.813333333333333, 33.196666666666665 ], [ 77.813333333333333, 33.203333333333333 ], [ 77.816666666666663, 33.203333333333333 ], [ 77.816666666666663, 33.223333333333336 ], [ 77.796666666666667, 33.223333333333336 ], [ 77.796666666666667, 33.23 ], [ 77.78, 33.23 ] ] ] } },
{ "type": "Feature", "properties": { "site_id": "SAFE-SITE-038", "mean_cci": 93.8, "area_sqkm": 53.88, "capacity_families": 6465, "suitability_tier": "Viable (CCI 60-70)" }, "geometry": { "type": "Polygon", "coordinates": [ [ [ 78.68, 33.19 ], [ 78.68, 33.186666666666667 ], [ 78.676666666666662, 33.186666666666667 ], [ 78.676666666666662, 33.18333333333333 ], [ 78.673333333333332, 33.18333333333333 ], [ 78.673333333333332, 33.18 ], [ 78.66, 33.18 ], [ 78.66, 33.163333333333334 ], [ 78.673333333333332, 33.163333333333334 ], [ 78.673333333333332, 33.156666666666666 ], [ 78.706666666666663, 33.156666666666666 ], [ 78.706666666666663, 33.153333333333336 ], [ 78.713333333333338, 33.153333333333336 ], [ 78.713333333333338, 33.15 ], [ 78.716666666666669, 33.15 ], [ 78.716666666666669, 33.146666666666668 ], [ 78.72, 33.146666666666668 ], [ 78.72, 33.143333333333331 ], [ 78.723333333333329, 33.143333333333331 ], [ 78.723333333333329, 33.14 ], [ 78.73, 33.14 ], [ 78.73, 33.136666666666663 ], [ 78.74, 33.136666666666663 ], [ 78.74, 33.133333333333333 ], [ 78.743333333333339, 33.133333333333333 ], [ 78.743333333333339, 33.126666666666665 ], [ 78.736666666666665, 33.126666666666665 ], [ 78.736666666666665, 33.11 ], [ 78.75333333333333, 33.11 ], [ 78.75333333333333, 33.11333333333333 ], [ 78.76, 33.11333333333333 ], [ 78.76, 33.103333333333332 ], [ 78.78, 33.103333333333332 ], [ 78.78, 33.13 ], [ 78.773333333333341, 33.13 ], [ 78.773333333333341, 33.133333333333333 ], [ 78.783333333333331, 33.133333333333333 ], [ 78.783333333333331, 33.136666666666663 ], [ 78.786666666666662, 33.136666666666663 ], [ 78.786666666666662, 33.156666666666666 ], [ 78.776666666666671, 33.156666666666666 ], [ 78.776666666666671, 33.16 ], [ 78.763333333333335, 33.16 ], [ 78.763333333333335, 33.163333333333334 ], [ 78.756666666666661, 33.163333333333334 ], [ 78.756666666666661, 33.166666666666664 ], [ 78.743333333333339, 33.166666666666664 ], [ 78.743333333333339, 33.176666666666669 ], [ 78.74, 33.176666666666669 ], [ 78.74, 33.18 ], [ 78.733333333333334, 33.18 ], [ 78.733333333333334, 33.18333333333333 ], [ 78.726666666666674, 33.18333333333333 ], [ 78.726666666666674, 33.19 ], [ 78.68, 33.19 ] ] ] } },
{ "type": "Feature", "properties": { "site_id": "SAFE-SITE-039", "mean_cci": 93.8, "area_sqkm": 57.13, "capacity_families": 6856, "suitability_tier": "Viable (CCI 60-70)" }, "geometry": { "type": "Polygon", "coordinates": [ [ [ 78.563333333333333, 33.006666666666668 ], [ 78.563333333333333, 32.966666666666669 ], [ 78.56, 32.966666666666669 ], [ 78.56, 32.96 ], [ 78.556666666666672, 32.96 ], [ 78.556666666666672, 32.93 ], [ 78.56, 32.93 ], [ 78.56, 32.913333333333334 ], [ 78.576666666666668, 32.913333333333334 ], [ 78.576666666666668, 32.916666666666664 ], [ 78.58, 32.916666666666664 ], [ 78.58, 32.91 ], [ 78.603333333333339, 32.91 ], [ 78.603333333333339, 32.913333333333334 ], [ 78.606666666666669, 32.913333333333334 ], [ 78.606666666666669, 32.916666666666664 ], [ 78.61333333333333, 32.916666666666664 ], [ 78.61333333333333, 32.913333333333334 ], [ 78.63, 32.913333333333334 ], [ 78.63, 32.92 ], [ 78.63333333333334, 32.92 ], [ 78.63333333333334, 32.923333333333332 ], [ 78.63666666666667, 32.923333333333332 ], [ 78.63666666666667, 32.926666666666669 ], [ 78.643333333333331, 32.926666666666669 ], [ 78.643333333333331, 32.943333333333335 ], [ 78.626666666666665, 32.943333333333335 ], [ 78.626666666666665, 32.946666666666665 ], [ 78.61333333333333, 32.946666666666665 ], [ 78.61333333333333, 32.95 ], [ 78.603333333333339, 32.95 ], [ 78.603333333333339, 32.953333333333333 ], [ 78.596666666666664, 32.953333333333333 ], [ 78.596666666666664, 32.956666666666663 ], [ 78.6, 32.956666666666663 ], [ 78.6, 32.96 ], [ 78.61, 32.96 ], [ 78.61, 32.966666666666669 ], [ 78.61333333333333, 32.966666666666669 ], [ 78.61333333333333, 32.99666666666667 ], [ 78.61, 32.99666666666667 ], [ 78.61, 33.0 ], [ 78.59, 33.0 ], [ 78.59, 33.006666666666668 ], [ 78.563333333333333, 33.006666666666668 ] ] ] } },
{ "type": "Feature", "properties": { "site_id": "SAFE-SITE-040", "mean_cci": 93.8, "area_sqkm": 205.89, "capacity_families": 24707, "suitability_tier": "Viable (CCI 60-70)" }, "geometry": { "type": "Polygon", "coordinates": [ [ [ 79.06, 33.146666666666668 ], [ 79.06, 33.13 ], [ 79.053333333333327, 33.13 ], [ 79.053333333333327, 33.11333333333333 ], [ 79.056666666666672, 33.11333333333333 ], [ 79.056666666666672, 33.11 ], [ 79.06, 33.11 ], [ 79.06, 33.106666666666669 ], [ 79.063333333333333, 33.106666666666669 ], [ 79.063333333333333, 33.103333333333332 ], [ 79.066666666666663, 33.103333333333332 ], [ 79.066666666666663, 33.1 ], [ 79.07, 33.1 ], [ 79.07, 33.093333333333334 ], [ 79.073333333333338, 33.093333333333334 ], [ 79.073333333333338, 33.09 ], [ 79.076666666666668, 33.09 ], [ 79.076666666666668, 33.086666666666666 ], [ 79.08, 33.086666666666666 ], [ 79.08, 33.08 ], [ 79.086666666666673, 33.08 ], [ 79.086666666666673, 33.076666666666668 ], [ 79.09, 33.076666666666668 ], [ 79.09, 33.073333333333331 ], [ 79.093333333333334, 33.073333333333331 ], [ 79.093333333333334, 33.06666666666667 ], [ 79.096666666666664, 33.06666666666667 ], [ 79.096666666666664, 33.06 ], [ 79.1, 33.06 ], [ 79.1, 33.053333333333335 ], [ 79.103333333333339, 33.053333333333335 ], [ 79.103333333333339, 33.05 ], [ 79.106666666666669, 33.05 ], [ 79.106666666666669, 33.046666666666667 ], [ 79.11333333333333, 33.046666666666667 ], [ 79.11333333333333, 33.043333333333337 ], [ 79.116666666666674, 33.043333333333337 ], [ 79.116666666666674, 33.036666666666669 ], [ 79.12, 33.036666666666669 ], [ 79.12, 33.033333333333331 ], [ 79.123333333333335, 33.033333333333331 ], [ 79.123333333333335, 33.026666666666664 ], [ 79.126666666666665, 33.026666666666664 ], [ 79.126666666666665, 33.02 ], [ 79.13, 33.02 ], [ 79.13, 33.006666666666668 ], [ 79.13333333333334, 33.006666666666668 ], [ 79.13333333333334, 33.0 ], [ 79.14, 33.0 ], [ 79.14, 32.99666666666667 ], [ 79.146666666666661, 32.99666666666667 ], [ 79.146666666666661, 32.986666666666665 ], [ 79.153333333333336, 32.986666666666665 ], [ 79.153333333333336, 32.983333333333334 ], [ 79.16, 32.983333333333334 ], [ 79.16, 32.98 ], [ 79.163333333333327, 32.98 ], [ 79.163333333333327, 32.966666666666669 ], [ 79.173333333333332, 32.966666666666669 ], [ 79.173333333333332, 32.963333333333331 ], [ 79.17, 32.963333333333331 ], [ 79.17, 32.96 ], [ 79.163333333333327, 32.96 ], [ 79.163333333333327, 32.943333333333335 ], [ 79.166666666666671, 32.943333333333335 ], [ 79.166666666666671, 32.93333333333333 ], [ 79.183333333333337, 32.93333333333333 ], [ 79.183333333333337, 32.936666666666667 ], [ 79.203333333333333, 32.936666666666667 ], [ 79.203333333333333, 32.93333333333333 ], [ 79.206666666666663, 32.93333333333333 ], [ 79.206666666666663, 32.93 ], [ 79.216666666666669, 32.93 ], [ 79.216666666666669, 32.926666666666669 ], [ 79.22, 32.926666666666669 ], [ 79.22, 32.92 ], [ 79.23, 32.92 ], [ 79.23, 32.916666666666664 ], [ 79.24, 32.916666666666664 ], [ 79.24, 32.913333333333334 ], [ 79.243333333333339, 32.913333333333334 ], [ 79.243333333333339, 32.91 ], [ 79.266666666666666, 32.91 ], [ 79.266666666666666, 32.93 ], [ 79.26, 32.93 ], [ 79.26, 32.93333333333333 ], [ 79.256666666666661, 32.93333333333333 ], [ 79.256666666666661, 32.94 ], [ 79.24666666666667, 32.94 ], [ 79.24666666666667, 32.943333333333335 ], [ 79.243333333333339, 32.943333333333335 ], [ 79.243333333333339, 32.946666666666665 ], [ 79.24, 32.946666666666665 ], [ 79.24, 32.95 ], [ 79.236666666666665, 32.95 ], [ 79.236666666666665, 32.953333333333333 ], [ 79.23, 32.953333333333333 ], [ 79.23, 32.956666666666663 ], [ 79.223333333333329, 32.956666666666663 ], [ 79.223333333333329, 32.966666666666669 ], [ 79.216666666666669, 32.966666666666669 ], [ 79.216666666666669, 32.97 ], [ 79.213333333333338, 32.97 ], [ 79.213333333333338, 32.98 ], [ 79.223333333333329, 32.98 ], [ 79.223333333333329, 32.976666666666667 ], [ 79.226666666666659, 32.976666666666667 ], [ 79.226666666666659, 32.973333333333336 ], [ 79.233333333333334, 32.973333333333336 ], [ 79.233333333333334, 32.966666666666669 ], [ 79.243333333333339, 32.966666666666669 ], [ 79.243333333333339, 32.96 ], [ 79.25, 32.96 ], [ 79.25, 32.956666666666663 ], [ 79.263333333333335, 32.956666666666663 ], [ 79.263333333333335, 32.943333333333335 ], [ 79.273333333333341, 32.943333333333335 ], [ 79.273333333333341, 32.94 ], [ 79.293333333333337, 32.94 ], [ 79.293333333333337, 32.96 ], [ 79.29, 32.96 ], [ 79.29, 32.97 ], [ 79.273333333333341, 32.97 ], [ 79.273333333333341, 32.973333333333336 ], [ 79.266666666666666, 32.973333333333336 ], [ 79.266666666666666, 32.976666666666667 ], [ 79.26, 32.976666666666667 ], [ 79.26, 32.98 ], [ 79.256666666666661, 32.98 ], [ 79.256666666666661, 32.983333333333334 ], [ 79.25333333333333, 32.983333333333334 ], [ 79.25333333333333, 32.993333333333332 ], [ 79.24666666666667, 32.993333333333332 ], [ 79.24666666666667, 33.0 ], [ 79.24, 33.0 ], [ 79.24, 33.00333333333333 ], [ 79.236666666666665, 33.00333333333333 ], [ 79.236666666666665, 33.006666666666668 ], [ 79.233333333333334, 33.006666666666668 ], [ 79.233333333333334, 33.02 ], [ 79.22, 33.02 ], [ 79.22, 33.023333333333333 ], [ 79.213333333333338, 33.023333333333333 ], [ 79.213333333333338, 33.026666666666664 ], [ 79.203333333333333, 33.026666666666664 ], [ 79.203333333333333, 33.03 ], [ 79.2, 33.03 ], [ 79.2, 33.036666666666669 ], [ 79.196666666666673, 33.036666666666669 ], [ 79.196666666666673, 33.04 ], [ 79.19, 33.04 ], [ 79.19, 33.05 ], [ 79.186666666666667, 33.05 ], [ 79.186666666666667, 33.053333333333335 ], [ 79.183333333333337, 33.053333333333335 ], [ 79.183333333333337, 33.056666666666665 ], [ 79.18, 33.056666666666665 ], [ 79.18, 33.063333333333333 ], [ 79.203333333333333, 33.063333333333333 ], [ 79.203333333333333, 33.06 ], [ 79.22, 33.06 ], [ 79.22, 33.08 ], [ 79.186666666666667, 33.08 ], [ 79.186666666666667, 33.086666666666666 ], [ 79.176666666666662, 33.086666666666666 ], [ 79.176666666666662, 33.09 ], [ 79.173333333333332, 33.09 ], [ 79.173333333333332, 33.106666666666669 ], [ 79.15, 33.106666666666669 ], [ 79.15, 33.103333333333332 ], [ 79.14, 33.103333333333332 ], [ 79.14, 33.106666666666669 ], [ 79.13333333333334, 33.106666666666669 ], [ 79.13333333333334, 33.11 ], [ 79.116666666666674, 33.11 ], [ 79.116666666666674, 33.11333333333333 ], [ 79.11333333333333, 33.11333333333333 ], [ 79.11333333333333, 33.116666666666667 ], [ 79.106666666666669, 33.116666666666667 ], [ 79.106666666666669, 33.12 ], [ 79.103333333333339, 33.12 ], [ 79.103333333333339, 33.123333333333335 ], [ 79.1, 33.123333333333335 ], [ 79.1, 33.126666666666665 ], [ 79.093333333333334, 33.126666666666665 ], [ 79.093333333333334, 33.13 ], [ 79.09, 33.13 ], [ 79.09, 33.133333333333333 ], [ 79.083333333333329, 33.133333333333333 ], [ 79.083333333333329, 33.14 ], [ 79.08, 33.14 ], [ 79.08, 33.143333333333331 ], [ 79.076666666666668, 33.143333333333331 ], [ 79.076666666666668, 33.146666666666668 ], [ 79.06, 33.146666666666668 ] ], [ [ 79.2, 32.99 ], [ 79.203333333333333, 32.99 ], [ 79.203333333333333, 32.986666666666665 ], [ 79.2, 32.986666666666665 ], [ 79.2, 32.99 ] ], [ [ 79.21, 32.983333333333334 ], [ 79.213333333333338, 32.983333333333334 ], [ 79.213333333333338, 32.98 ], [ 79.21, 32.98 ], [ 79.21, 32.983333333333334 ] ] ] } },
{ "type": "Feature", "properties": { "site_id": "SAFE-SITE-041", "mean_cci": 93.8, "area_sqkm": 16.95, "capacity_families": 2034, "suitability_tier": "Viable (CCI 60-70)" }, "geometry": { "type": "Polygon", "coordinates": [ [ [ 79.666666666666671, 32.926666666666669 ], [ 79.666666666666671, 32.91 ], [ 79.663333333333327, 32.91 ], [ 79.663333333333327, 32.893333333333331 ], [ 79.673333333333332, 32.893333333333331 ], [ 79.673333333333332, 32.89 ], [ 79.676666666666662, 32.89 ], [ 79.676666666666662, 32.88666666666667 ], [ 79.693333333333328, 32.88666666666667 ], [ 79.693333333333328, 32.89 ], [ 79.696666666666673, 32.89 ], [ 79.696666666666673, 32.88666666666667 ], [ 79.713333333333338, 32.88666666666667 ], [ 79.713333333333338, 32.913333333333334 ], [ 79.703333333333333, 32.913333333333334 ], [ 79.703333333333333, 32.916666666666664 ], [ 79.7, 32.916666666666664 ], [ 79.7, 32.92 ], [ 79.696666666666673, 32.92 ], [ 79.696666666666673, 32.923333333333332 ], [ 79.683333333333337, 32.923333333333332 ], [ 79.683333333333337, 32.926666666666669 ], [ 79.666666666666671, 32.926666666666669 ] ] ] } },
{ "type": "Feature", "properties": { "site_id": "SAFE-SITE-042", "mean_cci": 93.8, "area_sqkm": 41.57, "capacity_families": 4988, "suitability_tier": "Viable (CCI 60-70)" }, "geometry": { "type": "Polygon", "coordinates": [ [ [ 78.88333333333334, 32.993333333333332 ], [ 78.88333333333334, 32.976666666666667 ], [ 78.896666666666661, 32.976666666666667 ], [ 78.896666666666661, 32.963333333333331 ], [ 78.873333333333335, 32.963333333333331 ], [ 78.873333333333335, 32.943333333333335 ], [ 78.876666666666665, 32.943333333333335 ], [ 78.876666666666665, 32.94 ], [ 78.88, 32.94 ], [ 78.88, 32.93333333333333 ], [ 78.88333333333334, 32.93333333333333 ], [ 78.88333333333334, 32.93 ], [ 78.88666666666667, 32.93 ], [ 78.88666666666667, 32.923333333333332 ], [ 78.893333333333331, 32.923333333333332 ], [ 78.893333333333331, 32.92 ], [ 78.896666666666661, 32.92 ], [ 78.896666666666661, 32.916666666666664 ], [ 78.9, 32.916666666666664 ], [ 78.9, 32.91 ], [ 78.903333333333336, 32.91 ], [ 78.903333333333336, 32.906666666666666 ], [ 78.906666666666666, 32.906666666666666 ], [ 78.906666666666666, 32.896666666666668 ], [ 78.916666666666671, 32.896666666666668 ], [ 78.916666666666671, 32.883333333333333 ], [ 78.933333333333337, 32.883333333333333 ], [ 78.933333333333337, 32.88 ], [ 78.96, 32.88 ], [ 78.96, 32.913333333333334 ], [ 78.943333333333328, 32.913333333333334 ], [ 78.943333333333328, 32.91 ], [ 78.94, 32.91 ], [ 78.94, 32.896666666666668 ], [ 78.933333333333337, 32.896666666666668 ], [ 78.933333333333337, 32.903333333333336 ], [ 78.923333333333332, 32.903333333333336 ], [ 78.923333333333332, 32.91 ], [ 78.926666666666662, 32.91 ], [ 78.926666666666662, 32.926666666666669 ], [ 78.923333333333332, 32.926666666666669 ], [ 78.923333333333332, 32.93333333333333 ], [ 78.913333333333327, 32.93333333333333 ], [ 78.913333333333327, 32.936666666666667 ], [ 78.91, 32.936666666666667 ], [ 78.91, 32.95 ], [ 78.906666666666666, 32.95 ], [ 78.906666666666666, 32.956666666666663 ], [ 78.92, 32.956666666666663 ], [ 78.92, 32.96 ], [ 78.93, 32.96 ], [ 78.93, 32.976666666666667 ], [ 78.926666666666662, 32.976666666666667 ], [ 78.926666666666662, 32.98 ], [ 78.91, 32.98 ], [ 78.91, 32.976666666666667 ], [ 78.9, 32.976666666666667 ], [ 78.9, 32.993333333333332 ], [ 78.88333333333334, 32.993333333333332 ] ] ] } },
{ "type": "Feature", "properties": { "site_id": "SAFE-SITE-043", "mean_cci": 93.8, "area_sqkm": 21.48, "capacity_families": 2578, "suitability_tier": "Viable (CCI 60-70)" }, "geometry": { "type": "Polygon", "coordinates": [ [ [ 79.773333333333341, 32.93333333333333 ], [ 79.773333333333341, 32.923333333333332 ], [ 79.77, 32.923333333333332 ], [ 79.77, 32.92 ], [ 79.766666666666666, 32.92 ], [ 79.766666666666666, 32.916666666666664 ], [ 79.763333333333335, 32.916666666666664 ], [ 79.763333333333335, 32.913333333333334 ], [ 79.75, 32.913333333333334 ], [ 79.75, 32.896666666666668 ], [ 79.75333333333333, 32.896666666666668 ], [ 79.75333333333333, 32.893333333333331 ], [ 79.756666666666661, 32.893333333333331 ], [ 79.756666666666661, 32.89 ], [ 79.76, 32.89 ], [ 79.76, 32.88666666666667 ], [ 79.77, 32.88666666666667 ], [ 79.77, 32.883333333333333 ], [ 79.773333333333341, 32.883333333333333 ], [ 79.773333333333341, 32.88 ], [ 79.776666666666671, 32.88 ], [ 79.776666666666671, 32.866666666666667 ], [ 79.796666666666667, 32.866666666666667 ], [ 79.796666666666667, 32.87 ], [ 79.8, 32.87 ], [ 79.8, 32.88666666666667 ], [ 79.796666666666667, 32.88666666666667 ], [ 79.796666666666667, 32.896666666666668 ], [ 79.793333333333337, 32.896666666666668 ], [ 79.793333333333337, 32.9 ], [ 79.79, 32.9 ], [ 79.79, 32.906666666666666 ], [ 79.793333333333337, 32.906666666666666 ], [ 79.793333333333337, 32.93333333333333 ], [ 79.773333333333341, 32.93333333333333 ] ] ] } },
{ "type": "Feature", "properties": { "site_id": "SAFE-SITE-044", "mean_cci": 93.8, "area_sqkm": 16.49, "capacity_families": 1978, "suitability_tier": "Viable (CCI 60-70)" }, "geometry": { "type": "Polygon", "coordinates": [ [ [ 79.303333333333327, 32.896666666666668 ], [ 79.303333333333327, 32.893333333333331 ], [ 79.286666666666662, 32.893333333333331 ], [ 79.286666666666662, 32.876666666666665 ], [ 79.29, 32.876666666666665 ], [ 79.29, 32.873333333333335 ], [ 79.293333333333337, 32.873333333333335 ], [ 79.293333333333337, 32.856666666666669 ], [ 79.296666666666667, 32.856666666666669 ], [ 79.296666666666667, 32.85 ], [ 79.3, 32.85 ], [ 79.3, 32.843333333333334 ], [ 79.316666666666663, 32.843333333333334 ], [ 79.316666666666663, 32.86 ], [ 79.313333333333333, 32.86 ], [ 79.313333333333333, 32.866666666666667 ], [ 79.33, 32.866666666666667 ], [ 79.33, 32.883333333333333 ], [ 79.326666666666668, 32.883333333333333 ], [ 79.326666666666668, 32.89 ], [ 79.323333333333338, 32.89 ], [ 79.323333333333338, 32.896666666666668 ], [ 79.303333333333327, 32.896666666666668 ] ] ] } },
{ "type": "Feature", "properties": { "site_id": "SAFE-SITE-045", "mean_cci": 93.8, "area_sqkm": 200.2, "capacity_families": 24024, "suitability_tier": "Viable (CCI 60-70)" }, "geometry": { "type": "Polygon", "coordinates": [ [ [ 75.00333333333333, 32.973333333333336 ], [ 75.00333333333333, 32.926666666666669 ], [ 75.006666666666661, 32.926666666666669 ], [ 75.006666666666661, 32.913333333333334 ], [ 75.02, 32.913333333333334 ], [ 75.02, 32.91 ], [ 75.026666666666671, 32.91 ], [ 75.026666666666671, 32.906666666666666 ], [ 75.03, 32.906666666666666 ], [ 75.03, 32.893333333333331 ], [ 75.043333333333337, 32.893333333333331 ], [ 75.043333333333337, 32.89 ], [ 75.046666666666667, 32.89 ], [ 75.046666666666667, 32.88666666666667 ], [ 75.06, 32.88666666666667 ], [ 75.06, 32.88 ], [ 75.07, 32.88 ], [ 75.07, 32.873333333333335 ], [ 75.076666666666668, 32.873333333333335 ], [ 75.076666666666668, 32.866666666666667 ], [ 75.08, 32.866666666666667 ], [ 75.08, 32.86333333333333 ], [ 75.083333333333329, 32.86333333333333 ], [ 75.083333333333329, 32.86 ], [ 75.09, 32.86 ], [ 75.09, 32.856666666666669 ], [ 75.096666666666664, 32.856666666666669 ], [ 75.096666666666664, 32.853333333333332 ], [ 75.106666666666669, 32.853333333333332 ], [ 75.106666666666669, 32.85 ], [ 75.11, 32.85 ], [ 75.11, 32.846666666666664 ], [ 75.13333333333334, 32.846666666666664 ], [ 75.13333333333334, 32.84 ], [ 75.146666666666661, 32.84 ], [ 75.146666666666661, 32.833333333333336 ], [ 75.16, 32.833333333333336 ], [ 75.16, 32.83 ], [ 75.17, 32.83 ], [ 75.17, 32.826666666666668 ], [ 75.173333333333332, 32.826666666666668 ], [ 75.173333333333332, 32.823333333333331 ], [ 75.18, 32.823333333333331 ], [ 75.18, 32.816666666666663 ], [ 75.2, 32.816666666666663 ], [ 75.2, 32.82 ], [ 75.203333333333333, 32.82 ], [ 75.203333333333333, 32.8 ], [ 75.22, 32.8 ], [ 75.22, 32.823333333333331 ], [ 75.243333333333339, 32.823333333333331 ], [ 75.243333333333339, 32.833333333333336 ], [ 75.24666666666667, 32.833333333333336 ], [ 75.24666666666667, 32.85 ], [ 75.24, 32.85 ], [ 75.24, 32.853333333333332 ], [ 75.236666666666665, 32.853333333333332 ], [ 75.236666666666665, 32.856666666666669 ], [ 75.233333333333334, 32.856666666666669 ], [ 75.233333333333334, 32.86 ], [ 75.23, 32.86 ], [ 75.23, 32.86333333333333 ], [ 75.226666666666674, 32.86333333333333 ], [ 75.226666666666674, 32.866666666666667 ], [ 75.21, 32.866666666666667 ], [ 75.21, 32.856666666666669 ], [ 75.206666666666663, 32.856666666666669 ], [ 75.206666666666663, 32.846666666666664 ], [ 75.203333333333333, 32.846666666666664 ], [ 75.203333333333333, 32.866666666666667 ], [ 75.19, 32.866666666666667 ], [ 75.19, 32.87 ], [ 75.196666666666673, 32.87 ], [ 75.196666666666673, 32.873333333333335 ], [ 75.2, 32.873333333333335 ], [ 75.2, 32.89 ], [ 75.196666666666673, 32.89 ], [ 75.196666666666673, 32.893333333333331 ], [ 75.18, 32.893333333333331 ], [ 75.18, 32.906666666666666 ], [ 75.173333333333332, 32.906666666666666 ], [ 75.173333333333332, 32.91 ], [ 75.17, 32.91 ], [ 75.17, 32.913333333333334 ], [ 75.166666666666671, 32.913333333333334 ], [ 75.166666666666671, 32.92 ], [ 75.163333333333327, 32.92 ], [ 75.163333333333327, 32.93 ], [ 75.153333333333336, 32.93 ], [ 75.153333333333336, 32.94 ], [ 75.14, 32.94 ], [ 75.14, 32.943333333333335 ], [ 75.13666666666667, 32.943333333333335 ], [ 75.13666666666667, 32.946666666666665 ], [ 75.13333333333334, 32.946666666666665 ], [ 75.13333333333334, 32.953333333333333 ], [ 75.13, 32.953333333333333 ], [ 75.13, 32.956666666666663 ], [ 75.11333333333333, 32.956666666666663 ], [ 75.11333333333333, 32.95 ], [ 75.103333333333339, 32.95 ], [ 75.103333333333339, 32.946666666666665 ], [ 75.1, 32.946666666666665 ], [ 75.1, 32.96 ], [ 75.07, 32.96 ], [ 75.07, 32.963333333333331 ], [ 75.04, 32.963333333333331 ], [ 75.04, 32.973333333333336 ], [ 75.00333333333333, 32.973333333333336 ] ], [ [ 75.213333333333338, 32.826666666666668 ], [ 75.216666666666669, 32.826666666666668 ], [ 75.216666666666669, 32.823333333333331 ], [ 75.213333333333338, 32.823333333333331 ], [ 75.213333333333338, 32.826666666666668 ] ] ] } },
{ "type": "Feature", "properties": { "site_id": "SAFE-SITE-046", "mean_cci": 93.8, "area_sqkm": 12.43, "capacity_families": 1491, "suitability_tier": "Viable (CCI 60-70)" }, "geometry": { "type": "Polygon", "coordinates": [ [ [ 78.86, 32.83 ], [ 78.86, 32.81 ], [ 78.86666666666666, 32.81 ], [ 78.86666666666666, 32.806666666666665 ], [ 78.88, 32.806666666666665 ], [ 78.88, 32.803333333333335 ], [ 78.88666666666667, 32.803333333333335 ], [ 78.88666666666667, 32.8 ], [ 78.903333333333336, 32.8 ], [ 78.903333333333336, 32.803333333333335 ], [ 78.906666666666666, 32.803333333333335 ], [ 78.906666666666666, 32.806666666666665 ], [ 78.91, 32.806666666666665 ], [ 78.91, 32.823333333333331 ], [ 78.896666666666661, 32.823333333333331 ], [ 78.896666666666661, 32.826666666666668 ], [ 78.893333333333331, 32.826666666666668 ], [ 78.893333333333331, 32.83 ], [ 78.86, 32.83 ] ] ] } },
{ "type": "Feature", "properties": { "site_id": "SAFE-SITE-047", "mean_cci": 93.8, "area_sqkm": 10.68, "capacity_families": 1282, "suitability_tier": "Viable (CCI 60-70)" }, "geometry": { "type": "Polygon", "coordinates": [ [ [ 79.626666666666665, 32.826666666666668 ], [ 79.626666666666665, 32.81 ], [ 79.623333333333335, 32.81 ], [ 79.623333333333335, 32.79 ], [ 79.64, 32.79 ], [ 79.64, 32.806666666666665 ], [ 79.643333333333331, 32.806666666666665 ], [ 79.643333333333331, 32.796666666666667 ], [ 79.66, 32.796666666666667 ], [ 79.66, 32.813333333333333 ], [ 79.653333333333336, 32.813333333333333 ], [ 79.653333333333336, 32.823333333333331 ], [ 79.65, 32.823333333333331 ], [ 79.65, 32.826666666666668 ], [ 79.626666666666665, 32.826666666666668 ] ] ] } },
{ "type": "Feature", "properties": { "site_id": "SAFE-SITE-048", "mean_cci": 93.8, "area_sqkm": 21.72, "capacity_families": 2605, "suitability_tier": "Viable (CCI 60-70)" }, "geometry": { "type": "Polygon", "coordinates": [ [ [ 78.96, 32.86333333333333 ], [ 78.96, 32.846666666666664 ], [ 78.963333333333338, 32.846666666666664 ], [ 78.963333333333338, 32.843333333333334 ], [ 78.966666666666669, 32.843333333333334 ], [ 78.966666666666669, 32.84 ], [ 78.97, 32.84 ], [ 78.97, 32.836666666666666 ], [ 78.973333333333329, 32.836666666666666 ], [ 78.973333333333329, 32.833333333333336 ], [ 78.976666666666674, 32.833333333333336 ], [ 78.976666666666674, 32.826666666666668 ], [ 78.98, 32.826666666666668 ], [ 78.98, 32.823333333333331 ], [ 78.983333333333334, 32.823333333333331 ], [ 78.983333333333334, 32.82 ], [ 78.986666666666665, 32.82 ], [ 78.986666666666665, 32.813333333333333 ], [ 78.99, 32.813333333333333 ], [ 78.99, 32.806666666666665 ], [ 78.993333333333339, 32.806666666666665 ], [ 78.993333333333339, 32.803333333333335 ], [ 78.99666666666667, 32.803333333333335 ], [ 78.99666666666667, 32.8 ], [ 79.00333333333333, 32.8 ], [ 79.00333333333333, 32.783333333333331 ], [ 79.02, 32.783333333333331 ], [ 79.02, 32.803333333333335 ], [ 79.013333333333335, 32.803333333333335 ], [ 79.013333333333335, 32.82 ], [ 79.01, 32.82 ], [ 79.01, 32.823333333333331 ], [ 79.006666666666661, 32.823333333333331 ], [ 79.006666666666661, 32.836666666666666 ], [ 78.99666666666667, 32.836666666666666 ], [ 78.99666666666667, 32.843333333333334 ], [ 78.99, 32.843333333333334 ], [ 78.99, 32.846666666666664 ], [ 78.993333333333339, 32.846666666666664 ], [ 78.993333333333339, 32.86333333333333 ], [ 78.96, 32.86333333333333 ] ] ] } },
{ "type": "Feature", "properties": { "site_id": "SAFE-SITE-049", "mean_cci": 93.8, "area_sqkm": 17.65, "capacity_families": 2118, "suitability_tier": "Viable (CCI 60-70)" }, "geometry": { "type": "Polygon", "coordinates": [ [ [ 78.436666666666667, 32.823333333333331 ], [ 78.436666666666667, 32.813333333333333 ], [ 78.43, 32.813333333333333 ], [ 78.43, 32.816666666666663 ], [ 78.413333333333327, 32.816666666666663 ], [ 78.413333333333327, 32.793333333333337 ], [ 78.416666666666671, 32.793333333333337 ], [ 78.416666666666671, 32.786666666666669 ], [ 78.43, 32.786666666666669 ], [ 78.43, 32.783333333333331 ], [ 78.453333333333333, 32.783333333333331 ], [ 78.453333333333333, 32.79 ], [ 78.456666666666663, 32.79 ], [ 78.456666666666663, 32.796666666666667 ], [ 78.466666666666669, 32.796666666666667 ], [ 78.466666666666669, 32.82 ], [ 78.456666666666663, 32.82 ], [ 78.456666666666663, 32.823333333333331 ], [ 78.436666666666667, 32.823333333333331 ] ] ] } },
{ "type": "Feature", "properties": { "site_id": "SAFE-SITE-050", "mean_cci": 93.8, "area_sqkm": 208.8, "capacity_families": 25055, "suitability_tier": "Viable (CCI 60-70)" }, "geometry": { "type": "Polygon", "coordinates": [ [ [ 79.38666666666667, 33.013333333333335 ], [ 79.38666666666667, 33.01 ], [ 79.37, 33.01 ], [ 79.37, 32.98 ], [ 79.38666666666667, 32.98 ], [ 79.38666666666667, 32.97 ], [ 79.393333333333331, 32.97 ], [ 79.393333333333331, 32.956666666666663 ], [ 79.41, 32.956666666666663 ], [ 79.41, 32.953333333333333 ], [ 79.413333333333327, 32.953333333333333 ], [ 79.413333333333327, 32.95 ], [ 79.416666666666671, 32.95 ], [ 79.416666666666671, 32.943333333333335 ], [ 79.42, 32.943333333333335 ], [ 79.42, 32.94 ], [ 79.426666666666662, 32.94 ], [ 79.426666666666662, 32.93333333333333 ], [ 79.43, 32.93333333333333 ], [ 79.43, 32.923333333333332 ], [ 79.443333333333328, 32.923333333333332 ], [ 79.443333333333328, 32.92 ], [ 79.446666666666673, 32.92 ], [ 79.446666666666673, 32.916666666666664 ], [ 79.45, 32.916666666666664 ], [ 79.45, 32.913333333333334 ], [ 79.456666666666663, 32.913333333333334 ], [ 79.456666666666663, 32.91 ], [ 79.466666666666669, 32.91 ], [ 79.466666666666669, 32.906666666666666 ], [ 79.47, 32.906666666666666 ], [ 79.47, 32.903333333333336 ], [ 79.473333333333329, 32.903333333333336 ], [ 79.473333333333329, 32.9 ], [ 79.476666666666659, 32.9 ], [ 79.476666666666659, 32.896666666666668 ], [ 79.483333333333334, 32.896666666666668 ], [ 79.483333333333334, 32.893333333333331 ], [ 79.486666666666665, 32.893333333333331 ], [ 79.486666666666665, 32.89 ], [ 79.49, 32.89 ], [ 79.49, 32.88666666666667 ], [ 79.50333333333333, 32.88666666666667 ], [ 79.50333333333333, 32.883333333333333 ], [ 79.506666666666661, 32.883333333333333 ], [ 79.506666666666661, 32.876666666666665 ], [ 79.513333333333335, 32.876666666666665 ], [ 79.513333333333335, 32.86 ], [ 79.533333333333331, 32.86 ], [ 79.533333333333331, 32.86333333333333 ], [ 79.54, 32.86333333333333 ], [ 79.54, 32.873333333333335 ], [ 79.573333333333338, 32.873333333333335 ], [ 79.573333333333338, 32.87 ], [ 79.58, 32.87 ], [ 79.58, 32.866666666666667 ], [ 79.576666666666668, 32.866666666666667 ], [ 79.576666666666668, 32.833333333333336 ], [ 79.573333333333338, 32.833333333333336 ], [ 79.573333333333338, 32.83 ], [ 79.566666666666663, 32.83 ], [ 79.566666666666663, 32.826666666666668 ], [ 79.563333333333333, 32.826666666666668 ], [ 79.563333333333333, 32.81 ], [ 79.57, 32.81 ], [ 79.57, 32.803333333333335 ], [ 79.573333333333338, 32.803333333333335 ], [ 79.573333333333338, 32.793333333333337 ], [ 79.57, 32.793333333333337 ], [ 79.57, 32.776666666666664 ], [ 79.573333333333338, 32.776666666666664 ], [ 79.573333333333338, 32.773333333333333 ], [ 79.606666666666669, 32.773333333333333 ], [ 79.606666666666669, 32.796666666666667 ], [ 79.603333333333339, 32.796666666666667 ], [ 79.603333333333339, 32.8 ], [ 79.596666666666664, 32.8 ], [ 79.596666666666664, 32.81 ], [ 79.59, 32.81 ], [ 79.59, 32.813333333333333 ], [ 79.593333333333334, 32.813333333333333 ], [ 79.593333333333334, 32.816666666666663 ], [ 79.603333333333339, 32.816666666666663 ], [ 79.603333333333339, 32.82 ], [ 79.61, 32.82 ], [ 79.61, 32.836666666666666 ], [ 79.61333333333333, 32.836666666666666 ], [ 79.61333333333333, 32.83 ], [ 79.63666666666667, 32.83 ], [ 79.63666666666667, 32.85 ], [ 79.63, 32.85 ], [ 79.63, 32.86 ], [ 79.62, 32.86 ], [ 79.62, 32.86333333333333 ], [ 79.616666666666674, 32.86333333333333 ], [ 79.616666666666674, 32.866666666666667 ], [ 79.61333333333333, 32.866666666666667 ], [ 79.61333333333333, 32.87 ], [ 79.606666666666669, 32.87 ], [ 79.606666666666669, 32.873333333333335 ], [ 79.64, 32.873333333333335 ], [ 79.64, 32.883333333333333 ], [ 79.643333333333331, 32.883333333333333 ], [ 79.643333333333331, 32.88666666666667 ], [ 79.646666666666661, 32.88666666666667 ], [ 79.646666666666661, 32.903333333333336 ], [ 79.63666666666667, 32.903333333333336 ], [ 79.63666666666667, 32.906666666666666 ], [ 79.623333333333335, 32.906666666666666 ], [ 79.623333333333335, 32.91 ], [ 79.62, 32.91 ], [ 79.62, 32.913333333333334 ], [ 79.616666666666674, 32.913333333333334 ], [ 79.616666666666674, 32.926666666666669 ], [ 79.6, 32.926666666666669 ], [ 79.6, 32.923333333333332 ], [ 79.596666666666664, 32.923333333333332 ], [ 79.596666666666664, 32.92 ], [ 79.593333333333334, 32.92 ], [ 79.593333333333334, 32.913333333333334 ], [ 79.576666666666668, 32.913333333333334 ], [ 79.576666666666668, 32.916666666666664 ], [ 79.573333333333338, 32.916666666666664 ], [ 79.573333333333338, 32.92 ], [ 79.57, 32.92 ], [ 79.57, 32.923333333333332 ], [ 79.566666666666663, 32.923333333333332 ], [ 79.566666666666663, 32.926666666666669 ], [ 79.563333333333333, 32.926666666666669 ], [ 79.563333333333333, 32.93333333333333 ], [ 79.56, 32.93333333333333 ], [ 79.56, 32.936666666666667 ], [ 79.556666666666672, 32.936666666666667 ], [ 79.556666666666672, 32.946666666666665 ], [ 79.553333333333327, 32.946666666666665 ], [ 79.553333333333327, 32.95 ], [ 79.536666666666662, 32.95 ], [ 79.536666666666662, 32.943333333333335 ], [ 79.533333333333331, 32.943333333333335 ], [ 79.533333333333331, 32.94 ], [ 79.53, 32.94 ], [ 79.53, 32.943333333333335 ], [ 79.526666666666671, 32.943333333333335 ], [ 79.526666666666671, 32.95 ], [ 79.51, 32.95 ], [ 79.51, 32.943333333333335 ], [ 79.506666666666661, 32.943333333333335 ], [ 79.506666666666661, 32.93333333333333 ], [ 79.50333333333333, 32.93333333333333 ], [ 79.50333333333333, 32.95 ], [ 79.49666666666667, 32.95 ], [ 79.49666666666667, 32.953333333333333 ], [ 79.49, 32.953333333333333 ], [ 79.49, 32.96 ], [ 79.48, 32.96 ], [ 79.48, 32.963333333333331 ], [ 79.476666666666659, 32.963333333333331 ], [ 79.476666666666659, 32.973333333333336 ], [ 79.46, 32.973333333333336 ], [ 79.46, 32.976666666666667 ], [ 79.456666666666663, 32.976666666666667 ], [ 79.456666666666663, 32.98 ], [ 79.453333333333333, 32.98 ], [ 79.453333333333333, 32.993333333333332 ], [ 79.413333333333327, 32.993333333333332 ], [ 79.413333333333327, 33.0 ], [ 79.41, 33.0 ], [ 79.41, 33.00333333333333 ], [ 79.406666666666666, 33.00333333333333 ], [ 79.406666666666666, 33.01 ], [ 79.403333333333336, 33.01 ], [ 79.403333333333336, 33.013333333333335 ], [ 79.38666666666667, 33.013333333333335 ] ] ] } },
{ "type": "Feature", "properties": { "site_id": "SAFE-SITE-051", "mean_cci": 93.8, "area_sqkm": 10.45, "capacity_families": 1254, "suitability_tier": "Viable (CCI 60-70)" }, "geometry": { "type": "Polygon", "coordinates": [ [ [ 75.3, 32.803333333333335 ], [ 75.3, 32.783333333333331 ], [ 75.316666666666663, 32.783333333333331 ], [ 75.316666666666663, 32.763333333333335 ], [ 75.32, 32.763333333333335 ], [ 75.32, 32.76 ], [ 75.34, 32.76 ], [ 75.34, 32.79 ], [ 75.323333333333338, 32.79 ], [ 75.323333333333338, 32.786666666666669 ], [ 75.316666666666663, 32.786666666666669 ], [ 75.316666666666663, 32.803333333333335 ], [ 75.3, 32.803333333333335 ] ] ] } },
{ "type": "Feature", "properties": { "site_id": "SAFE-SITE-052", "mean_cci": 93.8, "area_sqkm": 45.99, "capacity_families": 5518, "suitability_tier": "Viable (CCI 60-70)" }, "geometry": { "type": "Polygon", "coordinates": [ [ [ 77.973333333333329, 32.843333333333334 ], [ 77.973333333333329, 32.84 ], [ 77.953333333333333, 32.84 ], [ 77.953333333333333, 32.833333333333336 ], [ 77.95, 32.833333333333336 ], [ 77.95, 32.82 ], [ 77.946666666666673, 32.82 ], [ 77.946666666666673, 32.796666666666667 ], [ 77.963333333333338, 32.796666666666667 ], [ 77.963333333333338, 32.803333333333335 ], [ 77.973333333333329, 32.803333333333335 ], [ 77.973333333333329, 32.793333333333337 ], [ 77.986666666666665, 32.793333333333337 ], [ 77.986666666666665, 32.79 ], [ 78.00333333333333, 32.79 ], [ 78.00333333333333, 32.786666666666669 ], [ 78.006666666666661, 32.786666666666669 ], [ 78.006666666666661, 32.773333333333333 ], [ 78.00333333333333, 32.773333333333333 ], [ 78.00333333333333, 32.776666666666664 ], [ 77.986666666666665, 32.776666666666664 ], [ 77.986666666666665, 32.763333333333335 ], [ 77.98, 32.763333333333335 ], [ 77.98, 32.736666666666665 ], [ 78.0, 32.736666666666665 ], [ 78.0, 32.75 ], [ 78.00333333333333, 32.75 ], [ 78.00333333333333, 32.75333333333333 ], [ 78.01, 32.75333333333333 ], [ 78.01, 32.756666666666668 ], [ 78.013333333333335, 32.756666666666668 ], [ 78.013333333333335, 32.773333333333333 ], [ 78.026666666666671, 32.773333333333333 ], [ 78.026666666666671, 32.793333333333337 ], [ 78.02, 32.793333333333337 ], [ 78.02, 32.8 ], [ 78.026666666666671, 32.8 ], [ 78.026666666666671, 32.816666666666663 ], [ 78.02, 32.816666666666663 ], [ 78.02, 32.82 ], [ 78.013333333333335, 32.82 ], [ 78.013333333333335, 32.823333333333331 ], [ 78.00333333333333, 32.823333333333331 ], [ 78.00333333333333, 32.83 ], [ 77.99666666666667, 32.83 ], [ 77.99666666666667, 32.84 ], [ 77.993333333333339, 32.84 ], [ 77.993333333333339, 32.843333333333334 ], [ 77.973333333333329, 32.843333333333334 ] ], [ [ 77.98, 32.813333333333333 ], [ 77.99666666666667, 32.813333333333333 ], [ 77.99666666666667, 32.81 ], [ 77.98, 32.81 ], [ 77.98, 32.813333333333333 ] ] ] } },
{ "type": "Feature", "properties": { "site_id": "SAFE-SITE-053", "mean_cci": 93.8, "area_sqkm": 182.9, "capacity_families": 21947, "suitability_tier": "Viable (CCI 60-70)" }, "geometry": { "type": "Polygon", "coordinates": [ [ [ 78.273333333333341, 33.03 ], [ 78.273333333333341, 33.023333333333333 ], [ 78.27, 33.023333333333333 ], [ 78.27, 33.016666666666666 ], [ 78.266666666666666, 33.016666666666666 ], [ 78.266666666666666, 33.013333333333335 ], [ 78.263333333333335, 33.013333333333335 ], [ 78.263333333333335, 32.99666666666667 ], [ 78.266666666666666, 32.99666666666667 ], [ 78.266666666666666, 32.956666666666663 ], [ 78.27, 32.956666666666663 ], [ 78.27, 32.95 ], [ 78.273333333333341, 32.95 ], [ 78.273333333333341, 32.93 ], [ 78.276666666666671, 32.93 ], [ 78.276666666666671, 32.923333333333332 ], [ 78.28, 32.923333333333332 ], [ 78.28, 32.913333333333334 ], [ 78.283333333333331, 32.913333333333334 ], [ 78.283333333333331, 32.853333333333332 ], [ 78.286666666666662, 32.853333333333332 ], [ 78.286666666666662, 32.84 ], [ 78.29, 32.84 ], [ 78.29, 32.833333333333336 ], [ 78.293333333333337, 32.833333333333336 ], [ 78.293333333333337, 32.826666666666668 ], [ 78.296666666666667, 32.826666666666668 ], [ 78.296666666666667, 32.813333333333333 ], [ 78.3, 32.813333333333333 ], [ 78.3, 32.806666666666665 ], [ 78.303333333333327, 32.806666666666665 ], [ 78.303333333333327, 32.793333333333337 ], [ 78.306666666666672, 32.793333333333337 ], [ 78.306666666666672, 32.786666666666669 ], [ 78.31, 32.786666666666669 ], [ 78.31, 32.776666666666664 ], [ 78.313333333333333, 32.776666666666664 ], [ 78.313333333333333, 32.766666666666666 ], [ 78.316666666666663, 32.766666666666666 ], [ 78.316666666666663, 32.756666666666668 ], [ 78.32, 32.756666666666668 ], [ 78.32, 32.75333333333333 ], [ 78.323333333333338, 32.75333333333333 ], [ 78.323333333333338, 32.75 ], [ 78.326666666666668, 32.75 ], [ 78.326666666666668, 32.74666666666667 ], [ 78.33, 32.74666666666667 ], [ 78.33, 32.743333333333332 ], [ 78.333333333333329, 32.743333333333332 ], [ 78.333333333333329, 32.736666666666665 ], [ 78.336666666666673, 32.736666666666665 ], [ 78.336666666666673, 32.733333333333334 ], [ 78.34, 32.733333333333334 ], [ 78.34, 32.73 ], [ 78.343333333333334, 32.73 ], [ 78.343333333333334, 32.723333333333336 ], [ 78.36, 32.723333333333336 ], [ 78.36, 32.726666666666667 ], [ 78.36333333333333, 32.726666666666667 ], [ 78.36333333333333, 32.74666666666667 ], [ 78.36, 32.74666666666667 ], [ 78.36, 32.75 ], [ 78.356666666666669, 32.75 ], [ 78.356666666666669, 32.76 ], [ 78.36, 32.76 ], [ 78.36, 32.763333333333335 ], [ 78.36333333333333, 32.763333333333335 ], [ 78.36333333333333, 32.793333333333337 ], [ 78.36666666666666, 32.793333333333337 ], [ 78.36666666666666, 32.796666666666667 ], [ 78.37, 32.796666666666667 ], [ 78.37, 32.813333333333333 ], [ 78.36666666666666, 32.813333333333333 ], [ 78.36666666666666, 32.82 ], [ 78.36333333333333, 32.82 ], [ 78.36333333333333, 32.823333333333331 ], [ 78.36, 32.823333333333331 ], [ 78.36, 32.83 ], [ 78.356666666666669, 32.83 ], [ 78.356666666666669, 32.833333333333336 ], [ 78.353333333333339, 32.833333333333336 ], [ 78.353333333333339, 32.836666666666666 ], [ 78.34, 32.836666666666666 ], [ 78.34, 32.84 ], [ 78.336666666666673, 32.84 ], [ 78.336666666666673, 32.843333333333334 ], [ 78.333333333333329, 32.843333333333334 ], [ 78.333333333333329, 32.85 ], [ 78.34, 32.85 ], [ 78.34, 32.873333333333335 ], [ 78.343333333333334, 32.873333333333335 ], [ 78.343333333333334, 32.876666666666665 ], [ 78.36666666666666, 32.876666666666665 ], [ 78.36666666666666, 32.9 ], [ 78.36333333333333, 32.9 ], [ 78.36333333333333, 32.91 ], [ 78.36, 32.91 ], [ 78.36, 32.92 ], [ 78.356666666666669, 32.92 ], [ 78.356666666666669, 32.923333333333332 ], [ 78.353333333333339, 32.923333333333332 ], [ 78.353333333333339, 32.93 ], [ 78.35, 32.93 ], [ 78.35, 32.93333333333333 ], [ 78.346666666666664, 32.93333333333333 ], [ 78.346666666666664, 32.936666666666667 ], [ 78.343333333333334, 32.936666666666667 ], [ 78.343333333333334, 32.943333333333335 ], [ 78.34, 32.943333333333335 ], [ 78.34, 32.953333333333333 ], [ 78.333333333333329, 32.953333333333333 ], [ 78.333333333333329, 32.956666666666663 ], [ 78.336666666666673, 32.956666666666663 ], [ 78.336666666666673, 32.973333333333336 ], [ 78.333333333333329, 32.973333333333336 ], [ 78.333333333333329, 32.976666666666667 ], [ 78.33, 32.976666666666667 ], [ 78.33, 32.986666666666665 ], [ 78.326666666666668, 32.986666666666665 ], [ 78.326666666666668, 32.99 ], [ 78.32, 32.99 ], [ 78.32, 32.993333333333332 ], [ 78.316666666666663, 32.993333333333332 ], [ 78.316666666666663, 32.99666666666667 ], [ 78.31, 32.99666666666667 ], [ 78.31, 33.0 ], [ 78.306666666666672, 33.0 ], [ 78.306666666666672, 33.00333333333333 ], [ 78.296666666666667, 33.00333333333333 ], [ 78.296666666666667, 33.006666666666668 ], [ 78.293333333333337, 33.006666666666668 ], [ 78.293333333333337, 33.016666666666666 ], [ 78.29, 33.016666666666666 ], [ 78.29, 33.03 ], [ 78.273333333333341, 33.03 ] ] ] } },
{ "type": "Feature", "properties": { "site_id": "SAFE-SITE-054", "mean_cci": 93.8, "area_sqkm": 74.55, "capacity_families": 8946, "suitability_tier": "Viable (CCI 60-70)" }, "geometry": { "type": "Polygon", "coordinates": [ [ [ 78.93, 32.813333333333333 ], [ 78.93, 32.796666666666667 ], [ 78.926666666666662, 32.796666666666667 ], [ 78.926666666666662, 32.793333333333337 ], [ 78.923333333333332, 32.793333333333337 ], [ 78.923333333333332, 32.79 ], [ 78.92, 32.79 ], [ 78.92, 32.786666666666669 ], [ 78.906666666666666, 32.786666666666669 ], [ 78.906666666666666, 32.783333333333331 ], [ 78.893333333333331, 32.783333333333331 ], [ 78.893333333333331, 32.78 ], [ 78.88333333333334, 32.78 ], [ 78.88333333333334, 32.776666666666664 ], [ 78.876666666666665, 32.776666666666664 ], [ 78.876666666666665, 32.773333333333333 ], [ 78.856666666666669, 32.773333333333333 ], [ 78.856666666666669, 32.75333333333333 ], [ 78.86, 32.75333333333333 ], [ 78.86, 32.74666666666667 ], [ 78.86666666666666, 32.74666666666667 ], [ 78.86666666666666, 32.733333333333334 ], [ 78.88333333333334, 32.733333333333334 ], [ 78.88333333333334, 32.736666666666665 ], [ 78.88666666666667, 32.736666666666665 ], [ 78.88666666666667, 32.743333333333332 ], [ 78.89, 32.743333333333332 ], [ 78.89, 32.74666666666667 ], [ 78.893333333333331, 32.74666666666667 ], [ 78.893333333333331, 32.75 ], [ 78.916666666666671, 32.75 ], [ 78.916666666666671, 32.74666666666667 ], [ 78.94, 32.74666666666667 ], [ 78.94, 32.743333333333332 ], [ 78.963333333333338, 32.743333333333332 ], [ 78.963333333333338, 32.74 ], [ 78.966666666666669, 32.74 ], [ 78.966666666666669, 32.723333333333336 ], [ 78.993333333333339, 32.723333333333336 ], [ 78.993333333333339, 32.72 ], [ 79.01, 32.72 ], [ 79.01, 32.736666666666665 ], [ 78.993333333333339, 32.736666666666665 ], [ 78.993333333333339, 32.74 ], [ 78.99, 32.74 ], [ 78.99, 32.75333333333333 ], [ 78.99666666666667, 32.75333333333333 ], [ 78.99666666666667, 32.773333333333333 ], [ 79.0, 32.773333333333333 ], [ 79.0, 32.79 ], [ 78.98, 32.79 ], [ 78.98, 32.78 ], [ 78.973333333333329, 32.78 ], [ 78.973333333333329, 32.773333333333333 ], [ 78.956666666666663, 32.773333333333333 ], [ 78.956666666666663, 32.776666666666664 ], [ 78.953333333333333, 32.776666666666664 ], [ 78.953333333333333, 32.78 ], [ 78.95, 32.78 ], [ 78.95, 32.783333333333331 ], [ 78.953333333333333, 32.783333333333331 ], [ 78.953333333333333, 32.786666666666669 ], [ 78.956666666666663, 32.786666666666669 ], [ 78.956666666666663, 32.79 ], [ 78.97, 32.79 ], [ 78.97, 32.81 ], [ 78.966666666666669, 32.81 ], [ 78.966666666666669, 32.813333333333333 ], [ 78.93, 32.813333333333333 ] ] ] } },
{ "type": "Feature", "properties": { "site_id": "SAFE-SITE-055", "mean_cci": 93.8, "area_sqkm": 46.1, "capacity_families": 5532, "suitability_tier": "Viable (CCI 60-70)" }, "geometry": { "type": "Polygon", "coordinates": [ [ [ 78.50333333333333, 32.78 ], [ 78.50333333333333, 32.75 ], [ 78.5, 32.75 ], [ 78.5, 32.71 ], [ 78.50333333333333, 32.71 ], [ 78.50333333333333, 32.7 ], [ 78.506666666666661, 32.7 ], [ 78.506666666666661, 32.696666666666665 ], [ 78.51, 32.696666666666665 ], [ 78.51, 32.68333333333333 ], [ 78.526666666666671, 32.68333333333333 ], [ 78.526666666666671, 32.686666666666667 ], [ 78.536666666666662, 32.686666666666667 ], [ 78.536666666666662, 32.69 ], [ 78.546666666666667, 32.69 ], [ 78.546666666666667, 32.693333333333335 ], [ 78.55, 32.693333333333335 ], [ 78.55, 32.696666666666665 ], [ 78.556666666666672, 32.696666666666665 ], [ 78.556666666666672, 32.713333333333331 ], [ 78.553333333333327, 32.713333333333331 ], [ 78.553333333333327, 32.723333333333336 ], [ 78.55, 32.723333333333336 ], [ 78.55, 32.736666666666665 ], [ 78.556666666666672, 32.736666666666665 ], [ 78.556666666666672, 32.74 ], [ 78.563333333333333, 32.74 ], [ 78.563333333333333, 32.756666666666668 ], [ 78.56, 32.756666666666668 ], [ 78.56, 32.766666666666666 ], [ 78.54, 32.766666666666666 ], [ 78.54, 32.75 ], [ 78.533333333333331, 32.75 ], [ 78.533333333333331, 32.75333333333333 ], [ 78.53, 32.75333333333333 ], [ 78.53, 32.77 ], [ 78.526666666666671, 32.77 ], [ 78.526666666666671, 32.773333333333333 ], [ 78.523333333333341, 32.773333333333333 ], [ 78.523333333333341, 32.776666666666664 ], [ 78.52, 32.776666666666664 ], [ 78.52, 32.78 ], [ 78.50333333333333, 32.78 ] ] ] } },
{ "type": "Feature", "properties": { "site_id": "SAFE-SITE-056", "mean_cci": 93.8, "area_sqkm": 18.35, "capacity_families": 2201, "suitability_tier": "Viable (CCI 60-70)" }, "geometry": { "type": "Polygon", "coordinates": [ [ [ 78.91, 32.63 ], [ 78.91, 32.61 ], [ 78.916666666666671, 32.61 ], [ 78.916666666666671, 32.606666666666669 ], [ 78.926666666666662, 32.606666666666669 ], [ 78.926666666666662, 32.596666666666664 ], [ 78.933333333333337, 32.596666666666664 ], [ 78.933333333333337, 32.59 ], [ 78.946666666666673, 32.59 ], [ 78.946666666666673, 32.58 ], [ 78.956666666666663, 32.58 ], [ 78.956666666666663, 32.566666666666663 ], [ 78.96, 32.566666666666663 ], [ 78.96, 32.56 ], [ 78.976666666666674, 32.56 ], [ 78.976666666666674, 32.58 ], [ 78.973333333333329, 32.58 ], [ 78.973333333333329, 32.583333333333336 ], [ 78.963333333333338, 32.583333333333336 ], [ 78.963333333333338, 32.603333333333332 ], [ 78.95, 32.603333333333332 ], [ 78.95, 32.606666666666669 ], [ 78.946666666666673, 32.606666666666669 ], [ 78.946666666666673, 32.616666666666667 ], [ 78.933333333333337, 32.616666666666667 ], [ 78.933333333333337, 32.63 ], [ 78.91, 32.63 ] ] ] } },
{ "type": "Feature", "properties": { "site_id": "SAFE-SITE-057", "mean_cci": 93.8, "area_sqkm": 27.87, "capacity_families": 3344, "suitability_tier": "Viable (CCI 60-70)" }, "geometry": { "type": "Polygon", "coordinates": [ [ [ 79.573333333333338, 32.6 ], [ 79.573333333333338, 32.58 ], [ 79.58, 32.58 ], [ 79.58, 32.566666666666663 ], [ 79.59, 32.566666666666663 ], [ 79.59, 32.563333333333333 ], [ 79.593333333333334, 32.563333333333333 ], [ 79.593333333333334, 32.546666666666667 ], [ 79.61333333333333, 32.546666666666667 ], [ 79.61333333333333, 32.53 ], [ 79.616666666666674, 32.53 ], [ 79.616666666666674, 32.52 ], [ 79.63333333333334, 32.52 ], [ 79.63333333333334, 32.53 ], [ 79.646666666666661, 32.53 ], [ 79.646666666666661, 32.546666666666667 ], [ 79.643333333333331, 32.546666666666667 ], [ 79.643333333333331, 32.55 ], [ 79.64, 32.55 ], [ 79.64, 32.553333333333335 ], [ 79.63666666666667, 32.553333333333335 ], [ 79.63666666666667, 32.56 ], [ 79.63333333333334, 32.56 ], [ 79.63333333333334, 32.563333333333333 ], [ 79.63, 32.563333333333333 ], [ 79.63, 32.57 ], [ 79.62, 32.57 ], [ 79.62, 32.573333333333331 ], [ 79.61333333333333, 32.573333333333331 ], [ 79.61333333333333, 32.58 ], [ 79.61, 32.58 ], [ 79.61, 32.583333333333336 ], [ 79.606666666666669, 32.583333333333336 ], [ 79.606666666666669, 32.586666666666666 ], [ 79.603333333333339, 32.586666666666666 ], [ 79.603333333333339, 32.59 ], [ 79.6, 32.59 ], [ 79.6, 32.593333333333334 ], [ 79.593333333333334, 32.593333333333334 ], [ 79.593333333333334, 32.596666666666664 ], [ 79.59, 32.596666666666664 ], [ 79.59, 32.6 ], [ 79.573333333333338, 32.6 ] ] ] } },
{ "type": "Feature", "properties": { "site_id": "SAFE-SITE-058", "mean_cci": 93.8, "area_sqkm": 301.58, "capacity_families": 36189, "suitability_tier": "Viable (CCI 60-70)" }, "geometry": { "type": "Polygon", "coordinates": [ [ [ 79.683333333333337, 32.68333333333333 ], [ 79.683333333333337, 32.663333333333334 ], [ 79.68, 32.663333333333334 ], [ 79.68, 32.66 ], [ 79.676666666666662, 32.66 ], [ 79.676666666666662, 32.656666666666666 ], [ 79.673333333333332, 32.656666666666666 ], [ 79.673333333333332, 32.653333333333336 ], [ 79.666666666666671, 32.653333333333336 ], [ 79.666666666666671, 32.63666666666667 ], [ 79.67, 32.63666666666667 ], [ 79.67, 32.633333333333333 ], [ 79.66, 32.633333333333333 ], [ 79.66, 32.616666666666667 ], [ 79.686666666666667, 32.616666666666667 ], [ 79.686666666666667, 32.62 ], [ 79.69, 32.62 ], [ 79.69, 32.616666666666667 ], [ 79.723333333333329, 32.616666666666667 ], [ 79.723333333333329, 32.623333333333335 ], [ 79.73, 32.623333333333335 ], [ 79.73, 32.61 ], [ 79.733333333333334, 32.61 ], [ 79.733333333333334, 32.606666666666669 ], [ 79.74, 32.606666666666669 ], [ 79.74, 32.603333333333332 ], [ 79.75, 32.603333333333332 ], [ 79.75, 32.6 ], [ 79.75333333333333, 32.6 ], [ 79.75333333333333, 32.586666666666666 ], [ 79.76, 32.586666666666666 ], [ 79.76, 32.583333333333336 ], [ 79.763333333333335, 32.583333333333336 ], [ 79.763333333333335, 32.58 ], [ 79.773333333333341, 32.58 ], [ 79.773333333333341, 32.57 ], [ 79.783333333333331, 32.57 ], [ 79.783333333333331, 32.563333333333333 ], [ 79.793333333333337, 32.563333333333333 ], [ 79.793333333333337, 32.56 ], [ 79.786666666666662, 32.56 ], [ 79.786666666666662, 32.54 ], [ 79.793333333333337, 32.54 ], [ 79.793333333333337, 32.536666666666669 ], [ 79.803333333333327, 32.536666666666669 ], [ 79.803333333333327, 32.533333333333331 ], [ 79.806666666666672, 32.533333333333331 ], [ 79.806666666666672, 32.516666666666666 ], [ 79.83, 32.516666666666666 ], [ 79.83, 32.526666666666664 ], [ 79.843333333333334, 32.526666666666664 ], [ 79.843333333333334, 32.49666666666667 ], [ 79.85, 32.49666666666667 ], [ 79.85, 32.493333333333332 ], [ 79.856666666666669, 32.493333333333332 ], [ 79.856666666666669, 32.49 ], [ 79.86, 32.49 ], [ 79.86, 32.48 ], [ 79.856666666666669, 32.48 ], [ 79.856666666666669, 32.476666666666667 ], [ 79.85, 32.476666666666667 ], [ 79.85, 32.473333333333336 ], [ 79.846666666666664, 32.473333333333336 ], [ 79.846666666666664, 32.456666666666663 ], [ 79.876666666666665, 32.456666666666663 ], [ 79.876666666666665, 32.453333333333333 ], [ 79.88, 32.453333333333333 ], [ 79.88, 32.45 ], [ 79.89, 32.45 ], [ 79.89, 32.446666666666665 ], [ 79.893333333333331, 32.446666666666665 ], [ 79.893333333333331, 32.44 ], [ 79.9, 32.44 ], [ 79.9, 32.436666666666667 ], [ 79.903333333333336, 32.436666666666667 ], [ 79.903333333333336, 32.43333333333333 ], [ 79.906666666666666, 32.43333333333333 ], [ 79.906666666666666, 32.423333333333332 ], [ 79.913333333333327, 32.423333333333332 ], [ 79.913333333333327, 32.42 ], [ 79.93, 32.42 ], [ 79.93, 32.453333333333333 ], [ 79.933333333333337, 32.453333333333333 ], [ 79.933333333333337, 32.46 ], [ 79.94, 32.46 ], [ 79.94, 32.463333333333331 ], [ 79.96, 32.463333333333331 ], [ 79.96, 32.46 ], [ 79.963333333333338, 32.46 ], [ 79.963333333333338, 32.456666666666663 ], [ 79.97, 32.456666666666663 ], [ 79.97, 32.453333333333333 ], [ 79.973333333333329, 32.453333333333333 ], [ 79.973333333333329, 32.45 ], [ 79.976666666666659, 32.45 ], [ 79.976666666666659, 32.443333333333335 ], [ 79.98, 32.443333333333335 ], [ 79.98, 32.44 ], [ 80.0, 32.44 ], [ 80.0, 32.53 ], [ 79.966666666666669, 32.53 ], [ 79.966666666666669, 32.533333333333331 ], [ 79.956666666666663, 32.533333333333331 ], [ 79.956666666666663, 32.536666666666669 ], [ 79.95, 32.536666666666669 ], [ 79.95, 32.54 ], [ 79.94, 32.54 ], [ 79.94, 32.543333333333337 ], [ 79.93, 32.543333333333337 ], [ 79.93, 32.546666666666667 ], [ 79.92, 32.546666666666667 ], [ 79.92, 32.55 ], [ 79.913333333333327, 32.55 ], [ 79.913333333333327, 32.553333333333335 ], [ 79.91, 32.553333333333335 ], [ 79.91, 32.556666666666665 ], [ 79.896666666666661, 32.556666666666665 ], [ 79.896666666666661, 32.56 ], [ 79.89, 32.56 ], [ 79.89, 32.563333333333333 ], [ 79.866666666666674, 32.563333333333333 ], [ 79.866666666666674, 32.566666666666663 ], [ 79.86, 32.566666666666663 ], [ 79.86, 32.583333333333336 ], [ 79.856666666666669, 32.583333333333336 ], [ 79.856666666666669, 32.59 ], [ 79.853333333333339, 32.59 ], [ 79.853333333333339, 32.593333333333334 ], [ 79.856666666666669, 32.593333333333334 ], [ 79.856666666666669, 32.596666666666664 ], [ 79.86, 32.596666666666664 ], [ 79.86, 32.61333333333333 ], [ 79.85, 32.61333333333333 ], [ 79.85, 32.626666666666665 ], [ 79.846666666666664, 32.626666666666665 ], [ 79.846666666666664, 32.643333333333331 ], [ 79.843333333333334, 32.643333333333331 ], [ 79.843333333333334, 32.646666666666668 ], [ 79.826666666666668, 32.646666666666668 ], [ 79.826666666666668, 32.643333333333331 ], [ 79.8, 32.643333333333331 ], [ 79.8, 32.646666666666668 ], [ 79.78, 32.646666666666668 ], [ 79.78, 32.63 ], [ 79.763333333333335, 32.63 ], [ 79.763333333333335, 32.616666666666667 ], [ 79.76, 32.616666666666667 ], [ 79.76, 32.62 ], [ 79.75333333333333, 32.62 ], [ 79.75333333333333, 32.626666666666665 ], [ 79.736666666666665, 32.626666666666665 ], [ 79.736666666666665, 32.64 ], [ 79.75333333333333, 32.64 ], [ 79.75333333333333, 32.643333333333331 ], [ 79.76, 32.643333333333331 ], [ 79.76, 32.63666666666667 ], [ 79.776666666666671, 32.63666666666667 ], [ 79.776666666666671, 32.653333333333336 ], [ 79.766666666666666, 32.653333333333336 ], [ 79.766666666666666, 32.66 ], [ 79.733333333333334, 32.66 ], [ 79.733333333333334, 32.663333333333334 ], [ 79.72, 32.663333333333334 ], [ 79.72, 32.666666666666664 ], [ 79.706666666666663, 32.666666666666664 ], [ 79.706666666666663, 32.68333333333333 ], [ 79.683333333333337, 32.68333333333333 ] ], [ [ 79.7, 32.663333333333334 ], [ 79.703333333333333, 32.663333333333334 ], [ 79.703333333333333, 32.66 ], [ 79.7, 32.66 ], [ 79.7, 32.663333333333334 ] ], [ [ 79.766666666666666, 32.61333333333333 ], [ 79.786666666666662, 32.61333333333333 ], [ 79.786666666666662, 32.61 ], [ 79.796666666666667, 32.61 ], [ 79.796666666666667, 32.606666666666669 ], [ 79.803333333333327, 32.606666666666669 ], [ 79.803333333333327, 32.603333333333332 ], [ 79.81, 32.603333333333332 ], [ 79.81, 32.6 ], [ 79.816666666666663, 32.6 ], [ 79.816666666666663, 32.596666666666664 ], [ 79.823333333333338, 32.596666666666664 ], [ 79.823333333333338, 32.59 ], [ 79.82, 32.59 ], [ 79.82, 32.586666666666666 ], [ 79.806666666666672, 32.586666666666666 ], [ 79.806666666666672, 32.59 ], [ 79.8, 32.59 ], [ 79.8, 32.593333333333334 ], [ 79.793333333333337, 32.593333333333334 ], [ 79.793333333333337, 32.596666666666664 ], [ 79.79, 32.596666666666664 ], [ 79.79, 32.6 ], [ 79.786666666666662, 32.6 ], [ 79.786666666666662, 32.603333333333332 ], [ 79.783333333333331, 32.603333333333332 ], [ 79.783333333333331, 32.606666666666669 ], [ 79.77, 32.606666666666669 ], [ 79.77, 32.61 ], [ 79.766666666666666, 32.61 ], [ 79.766666666666666, 32.61333333333333 ] ], [ [ 79.813333333333333, 32.563333333333333 ], [ 79.82, 32.563333333333333 ], [ 79.82, 32.553333333333335 ], [ 79.803333333333327, 32.553333333333335 ], [ 79.803333333333327, 32.556666666666665 ], [ 79.813333333333333, 32.556666666666665 ], [ 79.813333333333333, 32.563333333333333 ] ], [ [ 79.873333333333335, 32.543333333333337 ], [ 79.88333333333334, 32.543333333333337 ], [ 79.88333333333334, 32.54 ], [ 79.88666666666667, 32.54 ], [ 79.88666666666667, 32.536666666666669 ], [ 79.88333333333334, 32.536666666666669 ], [ 79.88333333333334, 32.533333333333331 ], [ 79.88, 32.533333333333331 ], [ 79.88, 32.53 ], [ 79.873333333333335, 32.53 ], [ 79.873333333333335, 32.533333333333331 ], [ 79.87, 32.533333333333331 ], [ 79.87, 32.54 ], [ 79.873333333333335, 32.54 ], [ 79.873333333333335, 32.543333333333337 ] ] ] } },
{ "type": "Feature", "properties": { "site_id": "SAFE-SITE-059", "mean_cci": 93.8, "area_sqkm": 24.27, "capacity_families": 2912, "suitability_tier": "Viable (CCI 60-70)" }, "geometry": { "type": "Polygon", "coordinates": [ [ [ 79.436666666666667, 32.23 ], [ 79.436666666666667, 32.213333333333331 ], [ 79.44, 32.213333333333331 ], [ 79.44, 32.176666666666669 ], [ 79.426666666666662, 32.176666666666669 ], [ 79.426666666666662, 32.16 ], [ 79.433333333333337, 32.16 ], [ 79.433333333333337, 32.156666666666666 ], [ 79.436666666666667, 32.156666666666666 ], [ 79.436666666666667, 32.146666666666668 ], [ 79.453333333333333, 32.146666666666668 ], [ 79.453333333333333, 32.16 ], [ 79.46, 32.16 ], [ 79.46, 32.17 ], [ 79.463333333333338, 32.17 ], [ 79.463333333333338, 32.18 ], [ 79.466666666666669, 32.18 ], [ 79.466666666666669, 32.18333333333333 ], [ 79.473333333333329, 32.18333333333333 ], [ 79.473333333333329, 32.206666666666663 ], [ 79.466666666666669, 32.206666666666663 ], [ 79.466666666666669, 32.21 ], [ 79.463333333333338, 32.21 ], [ 79.463333333333338, 32.223333333333336 ], [ 79.46, 32.223333333333336 ], [ 79.46, 32.226666666666667 ], [ 79.453333333333333, 32.226666666666667 ], [ 79.453333333333333, 32.23 ], [ 79.436666666666667, 32.23 ] ] ] } },
{ "type": "Feature", "properties": { "site_id": "SAFE-SITE-060", "mean_cci": 93.8, "area_sqkm": 388.33, "capacity_families": 46599, "suitability_tier": "Viable (CCI 60-70)" }, "geometry": { "type": "Polygon", "coordinates": [ [ [ 79.65, 32.536666666666669 ], [ 79.65, 32.52 ], [ 79.653333333333336, 32.52 ], [ 79.653333333333336, 32.516666666666666 ], [ 79.656666666666666, 32.516666666666666 ], [ 79.656666666666666, 32.513333333333335 ], [ 79.663333333333327, 32.513333333333335 ], [ 79.663333333333327, 32.51 ], [ 79.666666666666671, 32.51 ], [ 79.666666666666671, 32.506666666666668 ], [ 79.67, 32.506666666666668 ], [ 79.67, 32.50333333333333 ], [ 79.673333333333332, 32.50333333333333 ], [ 79.673333333333332, 32.483333333333334 ], [ 79.676666666666662, 32.483333333333334 ], [ 79.676666666666662, 32.473333333333336 ], [ 79.68, 32.473333333333336 ], [ 79.68, 32.466666666666669 ], [ 79.683333333333337, 32.466666666666669 ], [ 79.683333333333337, 32.463333333333331 ], [ 79.69, 32.463333333333331 ], [ 79.69, 32.45 ], [ 79.693333333333328, 32.45 ], [ 79.693333333333328, 32.446666666666665 ], [ 79.696666666666673, 32.446666666666665 ], [ 79.696666666666673, 32.443333333333335 ], [ 79.7, 32.443333333333335 ], [ 79.7, 32.44 ], [ 79.703333333333333, 32.44 ], [ 79.703333333333333, 32.436666666666667 ], [ 79.71, 32.436666666666667 ], [ 79.71, 32.43333333333333 ], [ 79.713333333333338, 32.43333333333333 ], [ 79.713333333333338, 32.43 ], [ 79.716666666666669, 32.43 ], [ 79.716666666666669, 32.426666666666669 ], [ 79.72, 32.426666666666669 ], [ 79.72, 32.423333333333332 ], [ 79.723333333333329, 32.423333333333332 ], [ 79.723333333333329, 32.413333333333334 ], [ 79.736666666666665, 32.413333333333334 ], [ 79.736666666666665, 32.41 ], [ 79.743333333333339, 32.41 ], [ 79.743333333333339, 32.406666666666666 ], [ 79.74666666666667, 32.406666666666666 ], [ 79.74666666666667, 32.403333333333336 ], [ 79.75, 32.403333333333336 ], [ 79.75, 32.396666666666668 ], [ 79.75333333333333, 32.396666666666668 ], [ 79.75333333333333, 32.393333333333331 ], [ 79.756666666666661, 32.393333333333331 ], [ 79.756666666666661, 32.39 ], [ 79.76, 32.39 ], [ 79.76, 32.383333333333333 ], [ 79.763333333333335, 32.383333333333333 ], [ 79.763333333333335, 32.376666666666665 ], [ 79.766666666666666, 32.376666666666665 ], [ 79.766666666666666, 32.373333333333335 ], [ 79.77, 32.373333333333335 ], [ 79.77, 32.37 ], [ 79.773333333333341, 32.37 ], [ 79.773333333333341, 32.36333333333333 ], [ 79.776666666666671, 32.36333333333333 ], [ 79.776666666666671, 32.36 ], [ 79.78, 32.36 ], [ 79.78, 32.356666666666669 ], [ 79.786666666666662, 32.356666666666669 ], [ 79.786666666666662, 32.353333333333332 ], [ 79.793333333333337, 32.353333333333332 ], [ 79.793333333333337, 32.326666666666668 ], [ 79.796666666666667, 32.326666666666668 ], [ 79.796666666666667, 32.323333333333331 ], [ 79.8, 32.323333333333331 ], [ 79.8, 32.32 ], [ 79.806666666666672, 32.32 ], [ 79.806666666666672, 32.316666666666663 ], [ 79.823333333333338, 32.316666666666663 ], [ 79.823333333333338, 32.313333333333333 ], [ 79.846666666666664, 32.313333333333333 ], [ 79.846666666666664, 32.303333333333335 ], [ 79.853333333333339, 32.303333333333335 ], [ 79.853333333333339, 32.3 ], [ 79.856666666666669, 32.3 ], [ 79.856666666666669, 32.293333333333337 ], [ 79.86, 32.293333333333337 ], [ 79.86, 32.286666666666669 ], [ 79.86333333333333, 32.286666666666669 ], [ 79.86333333333333, 32.27 ], [ 79.87, 32.27 ], [ 79.87, 32.263333333333335 ], [ 79.876666666666665, 32.263333333333335 ], [ 79.876666666666665, 32.26 ], [ 79.88, 32.26 ], [ 79.88, 32.256666666666668 ], [ 79.88333333333334, 32.256666666666668 ], [ 79.88333333333334, 32.25333333333333 ], [ 79.88666666666667, 32.25333333333333 ], [ 79.88666666666667, 32.25 ], [ 79.89, 32.25 ], [ 79.89, 32.24666666666667 ], [ 79.896666666666661, 32.24666666666667 ], [ 79.896666666666661, 32.243333333333332 ], [ 79.903333333333336, 32.243333333333332 ], [ 79.903333333333336, 32.233333333333334 ], [ 79.906666666666666, 32.233333333333334 ], [ 79.906666666666666, 32.23 ], [ 79.91, 32.23 ], [ 79.91, 32.226666666666667 ], [ 79.913333333333327, 32.226666666666667 ], [ 79.913333333333327, 32.223333333333336 ], [ 79.916666666666671, 32.223333333333336 ], [ 79.916666666666671, 32.2 ], [ 79.913333333333327, 32.2 ], [ 79.913333333333327, 32.18333333333333 ], [ 79.916666666666671, 32.18333333333333 ], [ 79.916666666666671, 32.18 ], [ 79.92, 32.18 ], [ 79.92, 32.176666666666669 ], [ 79.923333333333332, 32.176666666666669 ], [ 79.923333333333332, 32.17 ], [ 79.926666666666662, 32.17 ], [ 79.926666666666662, 32.166666666666664 ], [ 79.93, 32.166666666666664 ], [ 79.93, 32.163333333333334 ], [ 79.933333333333337, 32.163333333333334 ], [ 79.933333333333337, 32.16 ], [ 79.94, 32.16 ], [ 79.94, 32.156666666666666 ], [ 79.943333333333328, 32.156666666666666 ], [ 79.943333333333328, 32.136666666666663 ], [ 79.946666666666673, 32.136666666666663 ], [ 79.946666666666673, 32.133333333333333 ], [ 79.95, 32.133333333333333 ], [ 79.95, 32.13 ], [ 79.953333333333333, 32.13 ], [ 79.953333333333333, 32.126666666666665 ], [ 79.956666666666663, 32.126666666666665 ], [ 79.956666666666663, 32.12 ], [ 79.96, 32.12 ], [ 79.96, 32.11333333333333 ], [ 79.963333333333338, 32.11333333333333 ], [ 79.963333333333338, 32.11 ], [ 79.976666666666659, 32.11 ], [ 79.976666666666659, 32.106666666666669 ], [ 79.98, 32.106666666666669 ], [ 79.98, 32.103333333333332 ], [ 79.983333333333334, 32.103333333333332 ], [ 79.983333333333334, 32.1 ], [ 80.0, 32.1 ], [ 80.0, 32.283333333333331 ], [ 79.99666666666667, 32.283333333333331 ], [ 79.99666666666667, 32.286666666666669 ], [ 79.986666666666665, 32.286666666666669 ], [ 79.986666666666665, 32.29 ], [ 79.983333333333334, 32.29 ], [ 79.983333333333334, 32.293333333333337 ], [ 79.98, 32.293333333333337 ], [ 79.98, 32.296666666666667 ], [ 79.973333333333329, 32.296666666666667 ], [ 79.973333333333329, 32.31 ], [ 79.963333333333338, 32.31 ], [ 79.963333333333338, 32.313333333333333 ], [ 79.95, 32.313333333333333 ], [ 79.95, 32.316666666666663 ], [ 79.946666666666673, 32.316666666666663 ], [ 79.946666666666673, 32.32 ], [ 79.943333333333328, 32.32 ], [ 79.943333333333328, 32.323333333333331 ], [ 79.936666666666667, 32.323333333333331 ], [ 79.936666666666667, 32.326666666666668 ], [ 79.93, 32.326666666666668 ], [ 79.93, 32.33 ], [ 79.923333333333332, 32.33 ], [ 79.923333333333332, 32.333333333333336 ], [ 79.916666666666671, 32.333333333333336 ], [ 79.916666666666671, 32.336666666666666 ], [ 79.913333333333327, 32.336666666666666 ], [ 79.913333333333327, 32.34 ], [ 79.9, 32.34 ], [ 79.9, 32.343333333333334 ], [ 79.896666666666661, 32.343333333333334 ], [ 79.896666666666661, 32.346666666666664 ], [ 79.89, 32.346666666666664 ], [ 79.89, 32.35 ], [ 79.88666666666667, 32.35 ], [ 79.88666666666667, 32.353333333333332 ], [ 79.88333333333334, 32.353333333333332 ], [ 79.88333333333334, 32.356666666666669 ], [ 79.876666666666665, 32.356666666666669 ], [ 79.876666666666665, 32.36 ], [ 79.873333333333335, 32.36 ], [ 79.873333333333335, 32.36333333333333 ], [ 79.86, 32.36333333333333 ], [ 79.86, 32.366666666666667 ], [ 79.856666666666669, 32.366666666666667 ], [ 79.856666666666669, 32.37 ], [ 79.85, 32.37 ], [ 79.85, 32.373333333333335 ], [ 79.846666666666664, 32.373333333333335 ], [ 79.846666666666664, 32.376666666666665 ], [ 79.843333333333334, 32.376666666666665 ], [ 79.843333333333334, 32.383333333333333 ], [ 79.836666666666673, 32.383333333333333 ], [ 79.836666666666673, 32.39 ], [ 79.83, 32.39 ], [ 79.83, 32.393333333333331 ], [ 79.826666666666668, 32.393333333333331 ], [ 79.826666666666668, 32.396666666666668 ], [ 79.823333333333338, 32.396666666666668 ], [ 79.823333333333338, 32.41 ], [ 79.816666666666663, 32.41 ], [ 79.816666666666663, 32.413333333333334 ], [ 79.813333333333333, 32.413333333333334 ], [ 79.813333333333333, 32.42 ], [ 79.81, 32.42 ], [ 79.81, 32.43 ], [ 79.816666666666663, 32.43 ], [ 79.816666666666663, 32.43333333333333 ], [ 79.82, 32.43333333333333 ], [ 79.82, 32.453333333333333 ], [ 79.8, 32.453333333333333 ], [ 79.8, 32.456666666666663 ], [ 79.793333333333337, 32.456666666666663 ], [ 79.793333333333337, 32.46 ], [ 79.79, 32.46 ], [ 79.79, 32.463333333333331 ], [ 79.77, 32.463333333333331 ], [ 79.77, 32.46 ], [ 79.763333333333335, 32.46 ], [ 79.763333333333335, 32.463333333333331 ], [ 79.756666666666661, 32.463333333333331 ], [ 79.756666666666661, 32.466666666666669 ], [ 79.75, 32.466666666666669 ], [ 79.75, 32.47 ], [ 79.743333333333339, 32.47 ], [ 79.743333333333339, 32.473333333333336 ], [ 79.74, 32.473333333333336 ], [ 79.74, 32.48 ], [ 79.726666666666659, 32.48 ], [ 79.726666666666659, 32.483333333333334 ], [ 79.73, 32.483333333333334 ], [ 79.73, 32.5 ], [ 79.723333333333329, 32.5 ], [ 79.723333333333329, 32.50333333333333 ], [ 79.716666666666669, 32.50333333333333 ], [ 79.716666666666669, 32.506666666666668 ], [ 79.713333333333338, 32.506666666666668 ], [ 79.713333333333338, 32.513333333333335 ], [ 79.706666666666663, 32.513333333333335 ], [ 79.706666666666663, 32.516666666666666 ], [ 79.696666666666673, 32.516666666666666 ], [ 79.696666666666673, 32.52 ], [ 79.693333333333328, 32.52 ], [ 79.693333333333328, 32.526666666666664 ], [ 79.69, 32.526666666666664 ], [ 79.69, 32.53 ], [ 79.683333333333337, 32.53 ], [ 79.683333333333337, 32.533333333333331 ], [ 79.666666666666671, 32.533333333333331 ], [ 79.666666666666671, 32.536666666666669 ], [ 79.65, 32.536666666666669 ] ], [ [ 79.796666666666667, 32.44 ], [ 79.8, 32.44 ], [ 79.8, 32.43 ], [ 79.79, 32.43 ], [ 79.79, 32.43333333333333 ], [ 79.796666666666667, 32.43333333333333 ], [ 79.796666666666667, 32.44 ] ] ] } },
{ "type": "Feature", "properties": { "site_id": "SAFE-SITE-061", "mean_cci": 93.8, "area_sqkm": 99.06, "capacity_families": 11886, "suitability_tier": "Viable (CCI 60-70)" }, "geometry": { "type": "Polygon", "coordinates": [ [ [ 79.573333333333338, 32.25333333333333 ], [ 79.573333333333338, 32.25 ], [ 79.57, 32.25 ], [ 79.57, 32.24666666666667 ], [ 79.553333333333327, 32.24666666666667 ], [ 79.553333333333327, 32.24 ], [ 79.55, 32.24 ], [ 79.55, 32.223333333333336 ], [ 79.57, 32.223333333333336 ], [ 79.57, 32.226666666666667 ], [ 79.573333333333338, 32.226666666666667 ], [ 79.573333333333338, 32.213333333333331 ], [ 79.576666666666668, 32.213333333333331 ], [ 79.576666666666668, 32.21 ], [ 79.58, 32.21 ], [ 79.58, 32.193333333333335 ], [ 79.566666666666663, 32.193333333333335 ], [ 79.566666666666663, 32.176666666666669 ], [ 79.57, 32.176666666666669 ], [ 79.57, 32.173333333333332 ], [ 79.566666666666663, 32.173333333333332 ], [ 79.566666666666663, 32.17 ], [ 79.563333333333333, 32.17 ], [ 79.563333333333333, 32.166666666666664 ], [ 79.56, 32.166666666666664 ], [ 79.56, 32.13 ], [ 79.583333333333329, 32.13 ], [ 79.583333333333329, 32.116666666666667 ], [ 79.6, 32.116666666666667 ], [ 79.6, 32.11333333333333 ], [ 79.59, 32.11333333333333 ], [ 79.59, 32.096666666666664 ], [ 79.6, 32.096666666666664 ], [ 79.6, 32.09 ], [ 79.61, 32.09 ], [ 79.61, 32.083333333333336 ], [ 79.61333333333333, 32.083333333333336 ], [ 79.61333333333333, 32.07 ], [ 79.63, 32.07 ], [ 79.63, 32.086666666666666 ], [ 79.63333333333334, 32.086666666666666 ], [ 79.63333333333334, 32.093333333333334 ], [ 79.63666666666667, 32.093333333333334 ], [ 79.63666666666667, 32.096666666666664 ], [ 79.64, 32.096666666666664 ], [ 79.64, 32.103333333333332 ], [ 79.646666666666661, 32.103333333333332 ], [ 79.646666666666661, 32.136666666666663 ], [ 79.65, 32.136666666666663 ], [ 79.65, 32.143333333333331 ], [ 79.653333333333336, 32.143333333333331 ], [ 79.653333333333336, 32.16 ], [ 79.64, 32.16 ], [ 79.64, 32.163333333333334 ], [ 79.63666666666667, 32.163333333333334 ], [ 79.63666666666667, 32.17 ], [ 79.63, 32.17 ], [ 79.63, 32.173333333333332 ], [ 79.626666666666665, 32.173333333333332 ], [ 79.626666666666665, 32.176666666666669 ], [ 79.623333333333335, 32.176666666666669 ], [ 79.623333333333335, 32.18 ], [ 79.62, 32.18 ], [ 79.62, 32.186666666666667 ], [ 79.616666666666674, 32.186666666666667 ], [ 79.616666666666674, 32.19 ], [ 79.61333333333333, 32.19 ], [ 79.61333333333333, 32.196666666666665 ], [ 79.61, 32.196666666666665 ], [ 79.61, 32.2 ], [ 79.606666666666669, 32.2 ], [ 79.606666666666669, 32.216666666666669 ], [ 79.603333333333339, 32.216666666666669 ], [ 79.603333333333339, 32.223333333333336 ], [ 79.6, 32.223333333333336 ], [ 79.6, 32.25333333333333 ], [ 79.573333333333338, 32.25333333333333 ] ] ] } },
{ "type": "Feature", "properties": { "site_id": "SAFE-SITE-062", "mean_cci": 93.8, "area_sqkm": 23.23, "capacity_families": 2787, "suitability_tier": "Viable (CCI 60-70)" }, "geometry": { "type": "Polygon", "coordinates": [ [ [ 79.49, 32.086666666666666 ], [ 79.49, 32.083333333333336 ], [ 79.473333333333329, 32.083333333333336 ], [ 79.473333333333329, 32.08 ], [ 79.47, 32.08 ], [ 79.47, 32.063333333333333 ], [ 79.476666666666659, 32.063333333333333 ], [ 79.476666666666659, 32.053333333333335 ], [ 79.48, 32.053333333333335 ], [ 79.48, 32.043333333333337 ], [ 79.49666666666667, 32.043333333333337 ], [ 79.49666666666667, 32.046666666666667 ], [ 79.5, 32.046666666666667 ], [ 79.5, 32.043333333333337 ], [ 79.506666666666661, 32.043333333333337 ], [ 79.506666666666661, 32.04 ], [ 79.526666666666671, 32.04 ], [ 79.526666666666671, 32.05 ], [ 79.53, 32.05 ], [ 79.53, 32.073333333333331 ], [ 79.526666666666671, 32.073333333333331 ], [ 79.526666666666671, 32.076666666666668 ], [ 79.52, 32.076666666666668 ], [ 79.52, 32.08 ], [ 79.516666666666666, 32.08 ], [ 79.516666666666666, 32.083333333333336 ], [ 79.506666666666661, 32.083333333333336 ], [ 79.506666666666661, 32.086666666666666 ], [ 79.49, 32.086666666666666 ] ] ] } },
{ "type": "Feature", "properties": { "site_id": "SAFE-SITE-063", "mean_cci": 93.8, "area_sqkm": 13.01, "capacity_families": 1560, "suitability_tier": "Viable (CCI 60-70)" }, "geometry": { "type": "Polygon", "coordinates": [ [ [ 79.56, 32.06 ], [ 79.56, 32.056666666666665 ], [ 79.556666666666672, 32.056666666666665 ], [ 79.556666666666672, 32.05 ], [ 79.553333333333327, 32.05 ], [ 79.553333333333327, 32.03 ], [ 79.573333333333338, 32.03 ], [ 79.573333333333338, 32.026666666666664 ], [ 79.593333333333334, 32.026666666666664 ], [ 79.593333333333334, 32.036666666666669 ], [ 79.596666666666664, 32.036666666666669 ], [ 79.596666666666664, 32.056666666666665 ], [ 79.58, 32.056666666666665 ], [ 79.58, 32.06 ], [ 79.56, 32.06 ] ] ] } },
{ "type": "Feature", "properties": { "site_id": "SAFE-SITE-064", "mean_cci": 93.8, "area_sqkm": 54.7, "capacity_families": 6563, "suitability_tier": "Viable (CCI 60-70)" }, "geometry": { "type": "Polygon", "coordinates": [ [ [ 79.663333333333327, 32.146666666666668 ], [ 79.663333333333327, 32.136666666666663 ], [ 79.66, 32.136666666666663 ], [ 79.66, 32.123333333333335 ], [ 79.65, 32.123333333333335 ], [ 79.65, 32.09 ], [ 79.64, 32.09 ], [ 79.64, 32.083333333333336 ], [ 79.63666666666667, 32.083333333333336 ], [ 79.63666666666667, 32.046666666666667 ], [ 79.653333333333336, 32.046666666666667 ], [ 79.653333333333336, 32.07 ], [ 79.656666666666666, 32.07 ], [ 79.656666666666666, 32.09 ], [ 79.666666666666671, 32.09 ], [ 79.666666666666671, 32.086666666666666 ], [ 79.663333333333327, 32.086666666666666 ], [ 79.663333333333327, 32.076666666666668 ], [ 79.66, 32.076666666666668 ], [ 79.66, 32.02 ], [ 79.683333333333337, 32.02 ], [ 79.683333333333337, 32.023333333333333 ], [ 79.686666666666667, 32.023333333333333 ], [ 79.686666666666667, 32.026666666666664 ], [ 79.69, 32.026666666666664 ], [ 79.69, 32.03 ], [ 79.693333333333328, 32.03 ], [ 79.693333333333328, 32.033333333333331 ], [ 79.696666666666673, 32.033333333333331 ], [ 79.696666666666673, 32.036666666666669 ], [ 79.703333333333333, 32.036666666666669 ], [ 79.703333333333333, 32.06 ], [ 79.7, 32.06 ], [ 79.7, 32.076666666666668 ], [ 79.696666666666673, 32.076666666666668 ], [ 79.696666666666673, 32.096666666666664 ], [ 79.693333333333328, 32.096666666666664 ], [ 79.693333333333328, 32.103333333333332 ], [ 79.69, 32.103333333333332 ], [ 79.69, 32.106666666666669 ], [ 79.686666666666667, 32.106666666666669 ], [ 79.686666666666667, 32.126666666666665 ], [ 79.683333333333337, 32.126666666666665 ], [ 79.683333333333337, 32.143333333333331 ], [ 79.68, 32.143333333333331 ], [ 79.68, 32.146666666666668 ], [ 79.663333333333327, 32.146666666666668 ] ] ] } },
{ "type": "Feature", "properties": { "site_id": "SAFE-SITE-065", "mean_cci": 93.8, "area_sqkm": 52.95, "capacity_families": 6354, "suitability_tier": "Viable (CCI 60-70)" }, "geometry": { "type": "Polygon", "coordinates": [ [ [ 76.67, 32.07 ], [ 76.67, 32.05 ], [ 76.673333333333332, 32.05 ], [ 76.673333333333332, 32.033333333333331 ], [ 76.68, 32.033333333333331 ], [ 76.68, 32.03 ], [ 76.683333333333337, 32.03 ], [ 76.683333333333337, 32.026666666666664 ], [ 76.69, 32.026666666666664 ], [ 76.69, 32.023333333333333 ], [ 76.703333333333333, 32.023333333333333 ], [ 76.703333333333333, 32.01 ], [ 76.706666666666663, 32.01 ], [ 76.706666666666663, 32.00333333333333 ], [ 76.713333333333338, 32.00333333333333 ], [ 76.713333333333338, 32.0 ], [ 76.72, 32.0 ], [ 76.72, 31.996666666666666 ], [ 76.726666666666674, 31.996666666666666 ], [ 76.726666666666674, 31.993333333333332 ], [ 76.733333333333334, 31.993333333333332 ], [ 76.733333333333334, 31.99 ], [ 76.74, 31.99 ], [ 76.74, 31.986666666666665 ], [ 76.74666666666667, 31.986666666666665 ], [ 76.74666666666667, 31.976666666666667 ], [ 76.75333333333333, 31.976666666666667 ], [ 76.75333333333333, 31.973333333333333 ], [ 76.756666666666661, 31.973333333333333 ], [ 76.756666666666661, 31.97 ], [ 76.76, 31.97 ], [ 76.76, 31.963333333333331 ], [ 76.763333333333335, 31.963333333333331 ], [ 76.763333333333335, 31.96 ], [ 76.78, 31.96 ], [ 76.78, 31.963333333333331 ], [ 76.783333333333331, 31.963333333333331 ], [ 76.783333333333331, 31.96 ], [ 76.8, 31.96 ], [ 76.8, 31.98 ], [ 76.796666666666667, 31.98 ], [ 76.796666666666667, 31.993333333333332 ], [ 76.783333333333331, 31.993333333333332 ], [ 76.783333333333331, 31.996666666666666 ], [ 76.776666666666671, 31.996666666666666 ], [ 76.776666666666671, 32.0 ], [ 76.76, 32.0 ], [ 76.76, 32.013333333333335 ], [ 76.756666666666661, 32.013333333333335 ], [ 76.756666666666661, 32.016666666666666 ], [ 76.75333333333333, 32.016666666666666 ], [ 76.75333333333333, 32.02 ], [ 76.743333333333339, 32.02 ], [ 76.743333333333339, 32.023333333333333 ], [ 76.74, 32.023333333333333 ], [ 76.74, 32.036666666666669 ], [ 76.73, 32.036666666666669 ], [ 76.73, 32.04 ], [ 76.726666666666674, 32.04 ], [ 76.726666666666674, 32.046666666666667 ], [ 76.713333333333338, 32.046666666666667 ], [ 76.713333333333338, 32.05 ], [ 76.71, 32.05 ], [ 76.71, 32.053333333333335 ], [ 76.706666666666663, 32.053333333333335 ], [ 76.706666666666663, 32.056666666666665 ], [ 76.686666666666667, 32.056666666666665 ], [ 76.686666666666667, 32.07 ], [ 76.67, 32.07 ] ], [ [ 76.756666666666661, 31.996666666666666 ], [ 76.76, 31.996666666666666 ], [ 76.76, 31.993333333333332 ], [ 76.756666666666661, 31.993333333333332 ], [ 76.756666666666661, 31.996666666666666 ] ] ] } },
{ "type": "Feature", "properties": { "site_id": "SAFE-SITE-066", "mean_cci": 93.8, "area_sqkm": 12.54, "capacity_families": 1505, "suitability_tier": "Viable (CCI 60-70)" }, "geometry": { "type": "Polygon", "coordinates": [ [ [ 79.41, 31.98 ], [ 79.41, 31.96 ], [ 79.42, 31.96 ], [ 79.42, 31.956666666666667 ], [ 79.426666666666662, 31.956666666666667 ], [ 79.426666666666662, 31.95 ], [ 79.43, 31.95 ], [ 79.43, 31.94 ], [ 79.45, 31.94 ], [ 79.45, 31.946666666666665 ], [ 79.453333333333333, 31.946666666666665 ], [ 79.453333333333333, 31.966666666666665 ], [ 79.45, 31.966666666666665 ], [ 79.45, 31.97 ], [ 79.44, 31.97 ], [ 79.44, 31.973333333333333 ], [ 79.436666666666667, 31.973333333333333 ], [ 79.436666666666667, 31.98 ], [ 79.41, 31.98 ] ] ] } },
{ "type": "Feature", "properties": { "site_id": "SAFE-SITE-067", "mean_cci": 93.8, "area_sqkm": 11.15, "capacity_families": 1337, "suitability_tier": "Viable (CCI 60-70)" }, "geometry": { "type": "Polygon", "coordinates": [ [ [ 76.63666666666667, 31.963333333333331 ], [ 76.63666666666667, 31.95 ], [ 76.63333333333334, 31.95 ], [ 76.63333333333334, 31.926666666666666 ], [ 76.666666666666671, 31.926666666666666 ], [ 76.666666666666671, 31.946666666666665 ], [ 76.663333333333327, 31.946666666666665 ], [ 76.663333333333327, 31.953333333333333 ], [ 76.66, 31.953333333333333 ], [ 76.66, 31.956666666666667 ], [ 76.656666666666666, 31.956666666666667 ], [ 76.656666666666666, 31.963333333333331 ], [ 76.63666666666667, 31.963333333333331 ] ] ] } },
{ "type": "Feature", "properties": { "site_id": "SAFE-SITE-068", "mean_cci": 93.8, "area_sqkm": 77.11, "capacity_families": 9252, "suitability_tier": "Viable (CCI 60-70)" }, "geometry": { "type": "Polygon", "coordinates": [ [ [ 79.683333333333337, 32.016666666666666 ], [ 79.683333333333337, 32.0 ], [ 79.68, 32.0 ], [ 79.68, 31.996666666666666 ], [ 79.676666666666662, 31.996666666666666 ], [ 79.676666666666662, 31.98 ], [ 79.683333333333337, 31.98 ], [ 79.683333333333337, 31.97 ], [ 79.693333333333328, 31.97 ], [ 79.693333333333328, 31.966666666666665 ], [ 79.67, 31.966666666666665 ], [ 79.67, 31.96 ], [ 79.66, 31.96 ], [ 79.66, 31.953333333333333 ], [ 79.656666666666666, 31.953333333333333 ], [ 79.656666666666666, 31.933333333333334 ], [ 79.683333333333337, 31.933333333333334 ], [ 79.683333333333337, 31.936666666666667 ], [ 79.693333333333328, 31.936666666666667 ], [ 79.693333333333328, 31.94 ], [ 79.696666666666673, 31.94 ], [ 79.696666666666673, 31.946666666666665 ], [ 79.7, 31.946666666666665 ], [ 79.7, 31.95 ], [ 79.703333333333333, 31.95 ], [ 79.703333333333333, 31.953333333333333 ], [ 79.716666666666669, 31.953333333333333 ], [ 79.716666666666669, 31.956666666666667 ], [ 79.726666666666659, 31.956666666666667 ], [ 79.726666666666659, 31.953333333333333 ], [ 79.72, 31.953333333333333 ], [ 79.72, 31.95 ], [ 79.716666666666669, 31.95 ], [ 79.716666666666669, 31.946666666666665 ], [ 79.713333333333338, 31.946666666666665 ], [ 79.713333333333338, 31.923333333333332 ], [ 79.72, 31.923333333333332 ], [ 79.72, 31.916666666666668 ], [ 79.743333333333339, 31.916666666666668 ], [ 79.743333333333339, 31.92 ], [ 79.75, 31.92 ], [ 79.75, 31.923333333333332 ], [ 79.756666666666661, 31.923333333333332 ], [ 79.756666666666661, 31.926666666666666 ], [ 79.76, 31.926666666666666 ], [ 79.76, 31.93 ], [ 79.766666666666666, 31.93 ], [ 79.766666666666666, 31.933333333333334 ], [ 79.77, 31.933333333333334 ], [ 79.77, 31.956666666666667 ], [ 79.763333333333335, 31.956666666666667 ], [ 79.763333333333335, 31.96 ], [ 79.75333333333333, 31.96 ], [ 79.75333333333333, 31.963333333333331 ], [ 79.76, 31.963333333333331 ], [ 79.76, 31.97 ], [ 79.763333333333335, 31.97 ], [ 79.763333333333335, 31.986666666666665 ], [ 79.756666666666661, 31.986666666666665 ], [ 79.756666666666661, 31.996666666666666 ], [ 79.75333333333333, 31.996666666666666 ], [ 79.75333333333333, 32.0 ], [ 79.74666666666667, 32.0 ], [ 79.74666666666667, 32.013333333333335 ], [ 79.74, 32.013333333333335 ], [ 79.74, 32.016666666666666 ], [ 79.72, 32.016666666666666 ], [ 79.72, 32.013333333333335 ], [ 79.71, 32.013333333333335 ], [ 79.71, 32.0 ], [ 79.706666666666663, 32.0 ], [ 79.706666666666663, 32.016666666666666 ], [ 79.683333333333337, 32.016666666666666 ] ] ] } },
{ "type": "Feature", "properties": { "site_id": "SAFE-SITE-069", "mean_cci": 93.8, "area_sqkm": 94.88, "capacity_families": 11385, "suitability_tier": "Viable (CCI 60-70)" }, "geometry": { "type": "Polygon", "coordinates": [ [ [ 79.77, 31.87 ], [ 79.77, 31.866666666666667 ], [ 79.75, 31.866666666666667 ], [ 79.75, 31.846666666666668 ], [ 79.75333333333333, 31.846666666666668 ], [ 79.75333333333333, 31.82 ], [ 79.76, 31.82 ], [ 79.76, 31.816666666666666 ], [ 79.766666666666666, 31.816666666666666 ], [ 79.766666666666666, 31.81 ], [ 79.763333333333335, 31.81 ], [ 79.763333333333335, 31.8 ], [ 79.76, 31.8 ], [ 79.76, 31.796666666666667 ], [ 79.74, 31.796666666666667 ], [ 79.74, 31.78 ], [ 79.786666666666662, 31.78 ], [ 79.786666666666662, 31.793333333333333 ], [ 79.79, 31.793333333333333 ], [ 79.79, 31.79 ], [ 79.793333333333337, 31.79 ], [ 79.793333333333337, 31.783333333333331 ], [ 79.79, 31.783333333333331 ], [ 79.79, 31.766666666666666 ], [ 79.76, 31.766666666666666 ], [ 79.76, 31.746666666666666 ], [ 79.78, 31.746666666666666 ], [ 79.78, 31.743333333333332 ], [ 79.79, 31.743333333333332 ], [ 79.79, 31.736666666666665 ], [ 79.793333333333337, 31.736666666666665 ], [ 79.793333333333337, 31.73 ], [ 79.81, 31.73 ], [ 79.81, 31.74 ], [ 79.813333333333333, 31.74 ], [ 79.813333333333333, 31.743333333333332 ], [ 79.823333333333338, 31.743333333333332 ], [ 79.823333333333338, 31.746666666666666 ], [ 79.826666666666668, 31.746666666666666 ], [ 79.826666666666668, 31.77 ], [ 79.83, 31.77 ], [ 79.83, 31.773333333333333 ], [ 79.833333333333329, 31.773333333333333 ], [ 79.833333333333329, 31.78 ], [ 79.836666666666673, 31.78 ], [ 79.836666666666673, 31.783333333333331 ], [ 79.84, 31.783333333333331 ], [ 79.84, 31.793333333333333 ], [ 79.843333333333334, 31.793333333333333 ], [ 79.843333333333334, 31.81 ], [ 79.836666666666673, 31.81 ], [ 79.836666666666673, 31.813333333333333 ], [ 79.833333333333329, 31.813333333333333 ], [ 79.833333333333329, 31.816666666666666 ], [ 79.83, 31.816666666666666 ], [ 79.83, 31.82 ], [ 79.826666666666668, 31.82 ], [ 79.826666666666668, 31.826666666666668 ], [ 79.83, 31.826666666666668 ], [ 79.83, 31.853333333333332 ], [ 79.823333333333338, 31.853333333333332 ], [ 79.823333333333338, 31.856666666666666 ], [ 79.816666666666663, 31.856666666666666 ], [ 79.816666666666663, 31.86 ], [ 79.806666666666672, 31.86 ], [ 79.806666666666672, 31.863333333333333 ], [ 79.8, 31.863333333333333 ], [ 79.8, 31.866666666666667 ], [ 79.786666666666662, 31.866666666666667 ], [ 79.786666666666662, 31.87 ], [ 79.77, 31.87 ] ] ] } },
{ "type": "Feature", "properties": { "site_id": "SAFE-SITE-070", "mean_cci": 93.8, "area_sqkm": 27.87, "capacity_families": 3344, "suitability_tier": "Viable (CCI 60-70)" }, "geometry": { "type": "Polygon", "coordinates": [ [ [ 79.526666666666671, 31.79 ], [ 79.526666666666671, 31.76 ], [ 79.536666666666662, 31.76 ], [ 79.536666666666662, 31.756666666666668 ], [ 79.516666666666666, 31.756666666666668 ], [ 79.516666666666666, 31.726666666666667 ], [ 79.523333333333341, 31.726666666666667 ], [ 79.523333333333341, 31.723333333333333 ], [ 79.526666666666671, 31.723333333333333 ], [ 79.526666666666671, 31.72 ], [ 79.533333333333331, 31.72 ], [ 79.533333333333331, 31.716666666666665 ], [ 79.536666666666662, 31.716666666666665 ], [ 79.536666666666662, 31.71 ], [ 79.556666666666672, 31.71 ], [ 79.556666666666672, 31.73 ], [ 79.55, 31.73 ], [ 79.55, 31.74 ], [ 79.543333333333337, 31.74 ], [ 79.543333333333337, 31.753333333333334 ], [ 79.54, 31.753333333333334 ], [ 79.54, 31.756666666666668 ], [ 79.56, 31.756666666666668 ], [ 79.56, 31.76 ], [ 79.563333333333333, 31.76 ], [ 79.563333333333333, 31.763333333333332 ], [ 79.57, 31.763333333333332 ], [ 79.57, 31.766666666666666 ], [ 79.576666666666668, 31.766666666666666 ], [ 79.576666666666668, 31.783333333333331 ], [ 79.563333333333333, 31.783333333333331 ], [ 79.563333333333333, 31.786666666666665 ], [ 79.546666666666667, 31.786666666666665 ], [ 79.546666666666667, 31.783333333333331 ], [ 79.543333333333337, 31.783333333333331 ], [ 79.543333333333337, 31.79 ], [ 79.526666666666671, 31.79 ] ] ] } },
{ "type": "Feature", "properties": { "site_id": "SAFE-SITE-071", "mean_cci": 93.8, "area_sqkm": 17.88, "capacity_families": 2146, "suitability_tier": "Viable (CCI 60-70)" }, "geometry": { "type": "Polygon", "coordinates": [ [ [ 79.88666666666667, 31.693333333333332 ], [ 79.88666666666667, 31.66 ], [ 79.89, 31.66 ], [ 79.89, 31.653333333333332 ], [ 79.88666666666667, 31.653333333333332 ], [ 79.88666666666667, 31.636666666666667 ], [ 79.89, 31.636666666666667 ], [ 79.89, 31.633333333333333 ], [ 79.903333333333336, 31.633333333333333 ], [ 79.903333333333336, 31.63 ], [ 79.92, 31.63 ], [ 79.92, 31.653333333333332 ], [ 79.916666666666671, 31.653333333333332 ], [ 79.916666666666671, 31.663333333333334 ], [ 79.913333333333327, 31.663333333333334 ], [ 79.913333333333327, 31.676666666666666 ], [ 79.91, 31.676666666666666 ], [ 79.91, 31.686666666666667 ], [ 79.906666666666666, 31.686666666666667 ], [ 79.906666666666666, 31.693333333333332 ], [ 79.88666666666667, 31.693333333333332 ] ] ] } },
{ "type": "Feature", "properties": { "site_id": "SAFE-SITE-072", "mean_cci": 93.8, "area_sqkm": 139.47, "capacity_families": 16736, "suitability_tier": "Viable (CCI 60-70)" }, "geometry": { "type": "Polygon", "coordinates": [ [ [ 79.67, 31.83 ], [ 79.67, 31.81 ], [ 79.653333333333336, 31.81 ], [ 79.653333333333336, 31.79 ], [ 79.656666666666666, 31.79 ], [ 79.656666666666666, 31.783333333333331 ], [ 79.663333333333327, 31.783333333333331 ], [ 79.663333333333327, 31.766666666666666 ], [ 79.66, 31.766666666666666 ], [ 79.66, 31.756666666666668 ], [ 79.653333333333336, 31.756666666666668 ], [ 79.653333333333336, 31.75 ], [ 79.65, 31.75 ], [ 79.65, 31.746666666666666 ], [ 79.646666666666661, 31.746666666666666 ], [ 79.646666666666661, 31.743333333333332 ], [ 79.64, 31.743333333333332 ], [ 79.64, 31.74 ], [ 79.63, 31.74 ], [ 79.63, 31.736666666666665 ], [ 79.626666666666665, 31.736666666666665 ], [ 79.626666666666665, 31.733333333333334 ], [ 79.623333333333335, 31.733333333333334 ], [ 79.623333333333335, 31.726666666666667 ], [ 79.62, 31.726666666666667 ], [ 79.62, 31.723333333333333 ], [ 79.616666666666674, 31.723333333333333 ], [ 79.616666666666674, 31.716666666666665 ], [ 79.61, 31.716666666666665 ], [ 79.61, 31.713333333333331 ], [ 79.603333333333339, 31.713333333333331 ], [ 79.603333333333339, 31.716666666666665 ], [ 79.583333333333329, 31.716666666666665 ], [ 79.583333333333329, 31.713333333333331 ], [ 79.58, 31.713333333333331 ], [ 79.58, 31.71 ], [ 79.573333333333338, 31.71 ], [ 79.573333333333338, 31.706666666666667 ], [ 79.57, 31.706666666666667 ], [ 79.57, 31.686666666666667 ], [ 79.573333333333338, 31.686666666666667 ], [ 79.573333333333338, 31.676666666666666 ], [ 79.58, 31.676666666666666 ], [ 79.58, 31.673333333333332 ], [ 79.57, 31.673333333333332 ], [ 79.57, 31.646666666666668 ], [ 79.586666666666673, 31.646666666666668 ], [ 79.586666666666673, 31.656666666666666 ], [ 79.593333333333334, 31.656666666666666 ], [ 79.593333333333334, 31.663333333333334 ], [ 79.603333333333339, 31.663333333333334 ], [ 79.603333333333339, 31.653333333333332 ], [ 79.61, 31.653333333333332 ], [ 79.61, 31.65 ], [ 79.606666666666669, 31.65 ], [ 79.606666666666669, 31.623333333333335 ], [ 79.616666666666674, 31.623333333333335 ], [ 79.616666666666674, 31.61 ], [ 79.63333333333334, 31.61 ], [ 79.63333333333334, 31.63 ], [ 79.63, 31.63 ], [ 79.63, 31.633333333333333 ], [ 79.63333333333334, 31.633333333333333 ], [ 79.63333333333334, 31.636666666666667 ], [ 79.63666666666667, 31.636666666666667 ], [ 79.63666666666667, 31.656666666666666 ], [ 79.623333333333335, 31.656666666666666 ], [ 79.623333333333335, 31.66 ], [ 79.63, 31.66 ], [ 79.63, 31.666666666666668 ], [ 79.643333333333331, 31.666666666666668 ], [ 79.643333333333331, 31.676666666666666 ], [ 79.646666666666661, 31.676666666666666 ], [ 79.646666666666661, 31.683333333333334 ], [ 79.653333333333336, 31.683333333333334 ], [ 79.653333333333336, 31.686666666666667 ], [ 79.656666666666666, 31.686666666666667 ], [ 79.656666666666666, 31.703333333333333 ], [ 79.663333333333327, 31.703333333333333 ], [ 79.663333333333327, 31.706666666666667 ], [ 79.686666666666667, 31.706666666666667 ], [ 79.686666666666667, 31.71 ], [ 79.693333333333328, 31.71 ], [ 79.693333333333328, 31.693333333333332 ], [ 79.7, 31.693333333333332 ], [ 79.7, 31.683333333333334 ], [ 79.716666666666669, 31.683333333333334 ], [ 79.716666666666669, 31.693333333333332 ], [ 79.733333333333334, 31.693333333333332 ], [ 79.733333333333334, 31.716666666666665 ], [ 79.706666666666663, 31.716666666666665 ], [ 79.706666666666663, 31.71 ], [ 79.703333333333333, 31.71 ], [ 79.703333333333333, 31.743333333333332 ], [ 79.7, 31.743333333333332 ], [ 79.7, 31.756666666666668 ], [ 79.703333333333333, 31.756666666666668 ], [ 79.703333333333333, 31.753333333333334 ], [ 79.706666666666663, 31.753333333333334 ], [ 79.706666666666663, 31.75 ], [ 79.723333333333329, 31.75 ], [ 79.723333333333329, 31.77 ], [ 79.72, 31.77 ], [ 79.72, 31.773333333333333 ], [ 79.716666666666669, 31.773333333333333 ], [ 79.716666666666669, 31.776666666666667 ], [ 79.713333333333338, 31.776666666666667 ], [ 79.713333333333338, 31.78 ], [ 79.71, 31.78 ], [ 79.71, 31.783333333333331 ], [ 79.706666666666663, 31.783333333333331 ], [ 79.706666666666663, 31.786666666666665 ], [ 79.703333333333333, 31.786666666666665 ], [ 79.703333333333333, 31.793333333333333 ], [ 79.7, 31.793333333333333 ], [ 79.7, 31.803333333333335 ], [ 79.696666666666673, 31.803333333333335 ], [ 79.696666666666673, 31.82 ], [ 79.693333333333328, 31.82 ], [ 79.693333333333328, 31.823333333333334 ], [ 79.69, 31.823333333333334 ], [ 79.69, 31.83 ], [ 79.67, 31.83 ] ], [ [ 79.693333333333328, 31.763333333333332 ], [ 79.696666666666673, 31.763333333333332 ], [ 79.696666666666673, 31.76 ], [ 79.693333333333328, 31.76 ], [ 79.693333333333328, 31.763333333333332 ] ] ] } },
{ "type": "Feature", "properties": { "site_id": "SAFE-SITE-073", "mean_cci": 93.8, "area_sqkm": 14.86, "capacity_families": 1783, "suitability_tier": "Viable (CCI 60-70)" }, "geometry": { "type": "Polygon", "coordinates": [ [ [ 79.91, 31.623333333333335 ], [ 79.91, 31.603333333333332 ], [ 79.913333333333327, 31.603333333333332 ], [ 79.913333333333327, 31.596666666666668 ], [ 79.916666666666671, 31.596666666666668 ], [ 79.916666666666671, 31.586666666666666 ], [ 79.92, 31.586666666666666 ], [ 79.92, 31.576666666666668 ], [ 79.94, 31.576666666666668 ], [ 79.94, 31.58 ], [ 79.946666666666673, 31.58 ], [ 79.946666666666673, 31.583333333333332 ], [ 79.95, 31.583333333333332 ], [ 79.95, 31.603333333333332 ], [ 79.943333333333328, 31.603333333333332 ], [ 79.943333333333328, 31.616666666666667 ], [ 79.936666666666667, 31.616666666666667 ], [ 79.936666666666667, 31.62 ], [ 79.926666666666662, 31.62 ], [ 79.926666666666662, 31.623333333333335 ], [ 79.91, 31.623333333333335 ] ] ] } },
{ "type": "Feature", "properties": { "site_id": "SAFE-SITE-074", "mean_cci": 93.8, "area_sqkm": 15.33, "capacity_families": 1839, "suitability_tier": "Viable (CCI 60-70)" }, "geometry": { "type": "Polygon", "coordinates": [ [ [ 79.96, 31.58 ], [ 79.96, 31.576666666666668 ], [ 79.956666666666663, 31.576666666666668 ], [ 79.956666666666663, 31.573333333333334 ], [ 79.953333333333333, 31.573333333333334 ], [ 79.953333333333333, 31.57 ], [ 79.95, 31.57 ], [ 79.95, 31.566666666666666 ], [ 79.943333333333328, 31.566666666666666 ], [ 79.943333333333328, 31.55 ], [ 79.956666666666663, 31.55 ], [ 79.956666666666663, 31.546666666666667 ], [ 79.963333333333338, 31.546666666666667 ], [ 79.963333333333338, 31.543333333333333 ], [ 79.983333333333334, 31.543333333333333 ], [ 79.983333333333334, 31.546666666666667 ], [ 79.99, 31.546666666666667 ], [ 79.99, 31.55 ], [ 79.993333333333339, 31.55 ], [ 79.993333333333339, 31.57 ], [ 79.99, 31.57 ], [ 79.99, 31.576666666666668 ], [ 79.983333333333334, 31.576666666666668 ], [ 79.983333333333334, 31.58 ], [ 79.96, 31.58 ] ] ] } },
{ "type": "Feature", "properties": { "site_id": "SAFE-SITE-075", "mean_cci": 93.8, "area_sqkm": 129.6, "capacity_families": 15551, "suitability_tier": "Viable (CCI 60-70)" }, "geometry": { "type": "Polygon", "coordinates": [ [ [ 76.9, 31.68 ], [ 76.9, 31.673333333333332 ], [ 76.893333333333331, 31.673333333333332 ], [ 76.893333333333331, 31.66 ], [ 76.89, 31.66 ], [ 76.89, 31.653333333333332 ], [ 76.88666666666667, 31.653333333333332 ], [ 76.88666666666667, 31.63 ], [ 76.88333333333334, 31.63 ], [ 76.88333333333334, 31.623333333333335 ], [ 76.88, 31.623333333333335 ], [ 76.88, 31.613333333333333 ], [ 76.873333333333335, 31.613333333333333 ], [ 76.873333333333335, 31.606666666666666 ], [ 76.87, 31.606666666666666 ], [ 76.87, 31.593333333333334 ], [ 76.86333333333333, 31.593333333333334 ], [ 76.86333333333333, 31.583333333333332 ], [ 76.86, 31.583333333333332 ], [ 76.86, 31.573333333333334 ], [ 76.856666666666669, 31.573333333333334 ], [ 76.856666666666669, 31.57 ], [ 76.853333333333339, 31.57 ], [ 76.853333333333339, 31.536666666666665 ], [ 76.86333333333333, 31.536666666666665 ], [ 76.86333333333333, 31.523333333333333 ], [ 76.86666666666666, 31.523333333333333 ], [ 76.86666666666666, 31.52 ], [ 76.87, 31.52 ], [ 76.87, 31.516666666666666 ], [ 76.89, 31.516666666666666 ], [ 76.89, 31.526666666666667 ], [ 76.893333333333331, 31.526666666666667 ], [ 76.893333333333331, 31.53 ], [ 76.896666666666661, 31.53 ], [ 76.896666666666661, 31.533333333333331 ], [ 76.903333333333336, 31.533333333333331 ], [ 76.903333333333336, 31.53 ], [ 76.91, 31.53 ], [ 76.91, 31.526666666666667 ], [ 76.913333333333327, 31.526666666666667 ], [ 76.913333333333327, 31.523333333333333 ], [ 76.926666666666662, 31.523333333333333 ], [ 76.926666666666662, 31.52 ], [ 76.943333333333328, 31.52 ], [ 76.943333333333328, 31.536666666666665 ], [ 76.94, 31.536666666666665 ], [ 76.94, 31.54 ], [ 76.96, 31.54 ], [ 76.96, 31.55 ], [ 76.97, 31.55 ], [ 76.97, 31.553333333333335 ], [ 76.973333333333329, 31.553333333333335 ], [ 76.973333333333329, 31.58 ], [ 76.966666666666669, 31.58 ], [ 76.966666666666669, 31.583333333333332 ], [ 76.97, 31.583333333333332 ], [ 76.97, 31.623333333333335 ], [ 76.963333333333338, 31.623333333333335 ], [ 76.963333333333338, 31.636666666666667 ], [ 76.956666666666663, 31.636666666666667 ], [ 76.956666666666663, 31.64 ], [ 76.966666666666669, 31.64 ], [ 76.966666666666669, 31.643333333333334 ], [ 76.97, 31.643333333333334 ], [ 76.97, 31.66 ], [ 76.946666666666673, 31.66 ], [ 76.946666666666673, 31.646666666666668 ], [ 76.94, 31.646666666666668 ], [ 76.94, 31.63 ], [ 76.933333333333337, 31.63 ], [ 76.933333333333337, 31.62 ], [ 76.93, 31.62 ], [ 76.93, 31.626666666666665 ], [ 76.91, 31.626666666666665 ], [ 76.91, 31.613333333333333 ], [ 76.906666666666666, 31.613333333333333 ], [ 76.906666666666666, 31.616666666666667 ], [ 76.903333333333336, 31.616666666666667 ], [ 76.903333333333336, 31.633333333333333 ], [ 76.906666666666666, 31.633333333333333 ], [ 76.906666666666666, 31.646666666666668 ], [ 76.91, 31.646666666666668 ], [ 76.91, 31.663333333333334 ], [ 76.92, 31.663333333333334 ], [ 76.92, 31.68 ], [ 76.9, 31.68 ] ], [ [ 76.88666666666667, 31.55 ], [ 76.89, 31.55 ], [ 76.89, 31.546666666666667 ], [ 76.88666666666667, 31.546666666666667 ], [ 76.88666666666667, 31.55 ] ] ] } },
{ "type": "Feature", "properties": { "site_id": "SAFE-SITE-076", "mean_cci": 93.8, "area_sqkm": 13.01, "capacity_families": 1560, "suitability_tier": "Viable (CCI 60-70)" }, "geometry": { "type": "Polygon", "coordinates": [ [ [ 79.956666666666663, 31.526666666666667 ], [ 79.956666666666663, 31.523333333333333 ], [ 79.953333333333333, 31.523333333333333 ], [ 79.953333333333333, 31.506666666666668 ], [ 79.96, 31.506666666666668 ], [ 79.96, 31.5 ], [ 79.976666666666659, 31.5 ], [ 79.976666666666659, 31.496666666666666 ], [ 79.99666666666667, 31.496666666666666 ], [ 79.99666666666667, 31.5 ], [ 80.0, 31.5 ], [ 80.0, 31.523333333333333 ], [ 79.99666666666667, 31.523333333333333 ], [ 79.99666666666667, 31.526666666666667 ], [ 79.956666666666663, 31.526666666666667 ] ] ] } },
{ "type": "Feature", "properties": { "site_id": "SAFE-SITE-077", "mean_cci": 93.8, "area_sqkm": 16.26, "capacity_families": 1950, "suitability_tier": "Viable (CCI 60-70)" }, "geometry": { "type": "Polygon", "coordinates": [ [ [ 79.74, 31.496666666666666 ], [ 79.74, 31.493333333333332 ], [ 79.713333333333338, 31.493333333333332 ], [ 79.713333333333338, 31.49 ], [ 79.696666666666673, 31.49 ], [ 79.696666666666673, 31.486666666666665 ], [ 79.683333333333337, 31.486666666666665 ], [ 79.683333333333337, 31.47 ], [ 79.703333333333333, 31.47 ], [ 79.703333333333333, 31.473333333333333 ], [ 79.706666666666663, 31.473333333333333 ], [ 79.706666666666663, 31.466666666666665 ], [ 79.73, 31.466666666666665 ], [ 79.73, 31.47 ], [ 79.733333333333334, 31.47 ], [ 79.733333333333334, 31.473333333333333 ], [ 79.74, 31.473333333333333 ], [ 79.74, 31.48 ], [ 79.76, 31.48 ], [ 79.76, 31.496666666666666 ], [ 79.74, 31.496666666666666 ] ] ] } },
{ "type": "Feature", "properties": { "site_id": "SAFE-SITE-078", "mean_cci": 93.8, "area_sqkm": 11.38, "capacity_families": 1365, "suitability_tier": "Viable (CCI 60-70)" }, "geometry": { "type": "Polygon", "coordinates": [ [ [ 76.8, 31.466666666666665 ], [ 76.8, 31.456666666666667 ], [ 76.793333333333337, 31.456666666666667 ], [ 76.793333333333337, 31.433333333333334 ], [ 76.796666666666667, 31.433333333333334 ], [ 76.796666666666667, 31.43 ], [ 76.813333333333333, 31.43 ], [ 76.813333333333333, 31.433333333333334 ], [ 76.816666666666663, 31.433333333333334 ], [ 76.816666666666663, 31.44 ], [ 76.833333333333329, 31.44 ], [ 76.833333333333329, 31.456666666666667 ], [ 76.826666666666668, 31.456666666666667 ], [ 76.826666666666668, 31.46 ], [ 76.82, 31.46 ], [ 76.82, 31.463333333333331 ], [ 76.816666666666663, 31.463333333333331 ], [ 76.816666666666663, 31.466666666666665 ], [ 76.8, 31.466666666666665 ] ] ] } },
{ "type": "Feature", "properties": { "site_id": "SAFE-SITE-079", "mean_cci": 93.8, "area_sqkm": 73.16, "capacity_families": 8779, "suitability_tier": "Viable (CCI 60-70)" }, "geometry": { "type": "Polygon", "coordinates": [ [ [ 79.583333333333329, 31.393333333333334 ], [ 79.583333333333329, 31.39 ], [ 79.58, 31.39 ], [ 79.58, 31.386666666666667 ], [ 79.576666666666668, 31.386666666666667 ], [ 79.576666666666668, 31.383333333333333 ], [ 79.566666666666663, 31.383333333333333 ], [ 79.566666666666663, 31.376666666666665 ], [ 79.563333333333333, 31.376666666666665 ], [ 79.563333333333333, 31.37 ], [ 79.56, 31.37 ], [ 79.56, 31.366666666666667 ], [ 79.556666666666672, 31.366666666666667 ], [ 79.556666666666672, 31.363333333333333 ], [ 79.553333333333327, 31.363333333333333 ], [ 79.553333333333327, 31.346666666666668 ], [ 79.556666666666672, 31.346666666666668 ], [ 79.556666666666672, 31.34 ], [ 79.563333333333333, 31.34 ], [ 79.563333333333333, 31.336666666666666 ], [ 79.57, 31.336666666666666 ], [ 79.57, 31.333333333333332 ], [ 79.56, 31.333333333333332 ], [ 79.56, 31.326666666666668 ], [ 79.553333333333327, 31.326666666666668 ], [ 79.553333333333327, 31.306666666666665 ], [ 79.556666666666672, 31.306666666666665 ], [ 79.556666666666672, 31.303333333333335 ], [ 79.573333333333338, 31.303333333333335 ], [ 79.573333333333338, 31.306666666666665 ], [ 79.576666666666668, 31.306666666666665 ], [ 79.576666666666668, 31.303333333333335 ], [ 79.596666666666664, 31.303333333333335 ], [ 79.596666666666664, 31.316666666666666 ], [ 79.61, 31.316666666666666 ], [ 79.61, 31.313333333333333 ], [ 79.62, 31.313333333333333 ], [ 79.62, 31.31 ], [ 79.63666666666667, 31.31 ], [ 79.63666666666667, 31.303333333333335 ], [ 79.653333333333336, 31.303333333333335 ], [ 79.653333333333336, 31.323333333333334 ], [ 79.65, 31.323333333333334 ], [ 79.65, 31.333333333333332 ], [ 79.656666666666666, 31.333333333333332 ], [ 79.656666666666666, 31.356666666666666 ], [ 79.653333333333336, 31.356666666666666 ], [ 79.653333333333336, 31.36 ], [ 79.65, 31.36 ], [ 79.65, 31.37 ], [ 79.63333333333334, 31.37 ], [ 79.63333333333334, 31.366666666666667 ], [ 79.623333333333335, 31.366666666666667 ], [ 79.623333333333335, 31.36 ], [ 79.62, 31.36 ], [ 79.62, 31.376666666666665 ], [ 79.616666666666674, 31.376666666666665 ], [ 79.616666666666674, 31.39 ], [ 79.61333333333333, 31.39 ], [ 79.61333333333333, 31.393333333333334 ], [ 79.583333333333329, 31.393333333333334 ] ], [ [ 79.576666666666668, 31.333333333333332 ], [ 79.58, 31.333333333333332 ], [ 79.58, 31.33 ], [ 79.576666666666668, 31.33 ], [ 79.576666666666668, 31.333333333333332 ] ], [ [ 79.58, 31.33 ], [ 79.59, 31.33 ], [ 79.59, 31.323333333333334 ], [ 79.58, 31.323333333333334 ], [ 79.58, 31.33 ] ] ] } },
{ "type": "Feature", "properties": { "site_id": "SAFE-SITE-080", "mean_cci": 93.8, "area_sqkm": 33.44, "capacity_families": 4013, "suitability_tier": "Viable (CCI 60-70)" }, "geometry": { "type": "Polygon", "coordinates": [ [ [ 79.676666666666662, 31.376666666666665 ], [ 79.676666666666662, 31.35 ], [ 79.67, 31.35 ], [ 79.67, 31.326666666666668 ], [ 79.673333333333332, 31.326666666666668 ], [ 79.673333333333332, 31.32 ], [ 79.68, 31.32 ], [ 79.68, 31.316666666666666 ], [ 79.683333333333337, 31.316666666666666 ], [ 79.683333333333337, 31.313333333333333 ], [ 79.686666666666667, 31.313333333333333 ], [ 79.686666666666667, 31.306666666666665 ], [ 79.69, 31.306666666666665 ], [ 79.69, 31.3 ], [ 79.71, 31.3 ], [ 79.71, 31.31 ], [ 79.713333333333338, 31.31 ], [ 79.713333333333338, 31.313333333333333 ], [ 79.716666666666669, 31.313333333333333 ], [ 79.716666666666669, 31.316666666666666 ], [ 79.72, 31.316666666666666 ], [ 79.72, 31.323333333333334 ], [ 79.723333333333329, 31.323333333333334 ], [ 79.723333333333329, 31.33 ], [ 79.726666666666659, 31.33 ], [ 79.726666666666659, 31.356666666666666 ], [ 79.716666666666669, 31.356666666666666 ], [ 79.716666666666669, 31.363333333333333 ], [ 79.71, 31.363333333333333 ], [ 79.71, 31.373333333333335 ], [ 79.703333333333333, 31.373333333333335 ], [ 79.703333333333333, 31.376666666666665 ], [ 79.676666666666662, 31.376666666666665 ] ] ] } },
{ "type": "Feature", "properties": { "site_id": "SAFE-SITE-081", "mean_cci": 93.8, "area_sqkm": 44.59, "capacity_families": 5351, "suitability_tier": "Viable (CCI 60-70)" }, "geometry": { "type": "Polygon", "coordinates": [ [ [ 76.726666666666674, 31.416666666666668 ], [ 76.726666666666674, 31.393333333333334 ], [ 76.716666666666669, 31.393333333333334 ], [ 76.716666666666669, 31.39 ], [ 76.71, 31.39 ], [ 76.71, 31.37 ], [ 76.713333333333338, 31.37 ], [ 76.713333333333338, 31.366666666666667 ], [ 76.73, 31.366666666666667 ], [ 76.73, 31.363333333333333 ], [ 76.726666666666674, 31.363333333333333 ], [ 76.726666666666674, 31.343333333333334 ], [ 76.73, 31.343333333333334 ], [ 76.73, 31.336666666666666 ], [ 76.733333333333334, 31.336666666666666 ], [ 76.733333333333334, 31.323333333333334 ], [ 76.736666666666665, 31.323333333333334 ], [ 76.736666666666665, 31.306666666666665 ], [ 76.74, 31.306666666666665 ], [ 76.74, 31.3 ], [ 76.756666666666661, 31.3 ], [ 76.756666666666661, 31.286666666666665 ], [ 76.773333333333341, 31.286666666666665 ], [ 76.773333333333341, 31.303333333333335 ], [ 76.77, 31.303333333333335 ], [ 76.77, 31.323333333333334 ], [ 76.766666666666666, 31.323333333333334 ], [ 76.766666666666666, 31.33 ], [ 76.76, 31.33 ], [ 76.76, 31.333333333333332 ], [ 76.766666666666666, 31.333333333333332 ], [ 76.766666666666666, 31.356666666666666 ], [ 76.763333333333335, 31.356666666666666 ], [ 76.763333333333335, 31.36 ], [ 76.76, 31.36 ], [ 76.76, 31.373333333333335 ], [ 76.743333333333339, 31.373333333333335 ], [ 76.743333333333339, 31.37 ], [ 76.73, 31.37 ], [ 76.73, 31.376666666666665 ], [ 76.733333333333334, 31.376666666666665 ], [ 76.733333333333334, 31.38 ], [ 76.74666666666667, 31.38 ], [ 76.74666666666667, 31.383333333333333 ], [ 76.763333333333335, 31.383333333333333 ], [ 76.763333333333335, 31.403333333333332 ], [ 76.75333333333333, 31.403333333333332 ], [ 76.75333333333333, 31.413333333333334 ], [ 76.743333333333339, 31.413333333333334 ], [ 76.743333333333339, 31.416666666666668 ], [ 76.726666666666674, 31.416666666666668 ] ] ] } },
{ "type": "Feature", "properties": { "site_id": "SAFE-SITE-082", "mean_cci": 93.8, "area_sqkm": 10.92, "capacity_families": 1309, "suitability_tier": "Viable (CCI 60-70)" }, "geometry": { "type": "Polygon", "coordinates": [ [ [ 76.806666666666672, 31.316666666666666 ], [ 76.806666666666672, 31.283333333333331 ], [ 76.81, 31.283333333333331 ], [ 76.81, 31.27 ], [ 76.833333333333329, 31.27 ], [ 76.833333333333329, 31.286666666666665 ], [ 76.83, 31.286666666666665 ], [ 76.83, 31.303333333333335 ], [ 76.826666666666668, 31.303333333333335 ], [ 76.826666666666668, 31.313333333333333 ], [ 76.823333333333338, 31.313333333333333 ], [ 76.823333333333338, 31.316666666666666 ], [ 76.806666666666672, 31.316666666666666 ] ] ] } },
{ "type": "Feature", "properties": { "site_id": "SAFE-SITE-083", "mean_cci": 93.8, "area_sqkm": 13.82, "capacity_families": 1658, "suitability_tier": "Viable (CCI 60-70)" }, "geometry": { "type": "Polygon", "coordinates": [ [ [ 79.556666666666672, 31.27 ], [ 79.556666666666672, 31.25 ], [ 79.563333333333333, 31.25 ], [ 79.563333333333333, 31.24 ], [ 79.566666666666663, 31.24 ], [ 79.566666666666663, 31.236666666666665 ], [ 79.57, 31.236666666666665 ], [ 79.57, 31.23 ], [ 79.586666666666673, 31.23 ], [ 79.586666666666673, 31.233333333333334 ], [ 79.593333333333334, 31.233333333333334 ], [ 79.593333333333334, 31.236666666666665 ], [ 79.596666666666664, 31.236666666666665 ], [ 79.596666666666664, 31.256666666666668 ], [ 79.593333333333334, 31.256666666666668 ], [ 79.593333333333334, 31.27 ], [ 79.556666666666672, 31.27 ] ] ] } },
{ "type": "Feature", "properties": { "site_id": "SAFE-SITE-084", "mean_cci": 93.8, "area_sqkm": 155.61, "capacity_families": 18673, "suitability_tier": "Viable (CCI 60-70)" }, "geometry": { "type": "Polygon", "coordinates": [ [ [ 79.78, 31.313333333333333 ], [ 79.78, 31.31 ], [ 79.773333333333341, 31.31 ], [ 79.773333333333341, 31.306666666666665 ], [ 79.77, 31.306666666666665 ], [ 79.77, 31.303333333333335 ], [ 79.766666666666666, 31.303333333333335 ], [ 79.766666666666666, 31.3 ], [ 79.76, 31.3 ], [ 79.76, 31.296666666666667 ], [ 79.756666666666661, 31.296666666666667 ], [ 79.756666666666661, 31.293333333333333 ], [ 79.75333333333333, 31.293333333333333 ], [ 79.75333333333333, 31.29 ], [ 79.75, 31.29 ], [ 79.75, 31.286666666666665 ], [ 79.74666666666667, 31.286666666666665 ], [ 79.74666666666667, 31.27 ], [ 79.726666666666659, 31.27 ], [ 79.726666666666659, 31.266666666666666 ], [ 79.723333333333329, 31.266666666666666 ], [ 79.723333333333329, 31.25 ], [ 79.726666666666659, 31.25 ], [ 79.726666666666659, 31.246666666666666 ], [ 79.73, 31.246666666666666 ], [ 79.73, 31.24 ], [ 79.733333333333334, 31.24 ], [ 79.733333333333334, 31.236666666666665 ], [ 79.736666666666665, 31.236666666666665 ], [ 79.736666666666665, 31.233333333333334 ], [ 79.74, 31.233333333333334 ], [ 79.74, 31.23 ], [ 79.74666666666667, 31.23 ], [ 79.74666666666667, 31.226666666666667 ], [ 79.75, 31.226666666666667 ], [ 79.75, 31.223333333333333 ], [ 79.756666666666661, 31.223333333333333 ], [ 79.756666666666661, 31.22 ], [ 79.77, 31.22 ], [ 79.77, 31.216666666666665 ], [ 79.78, 31.216666666666665 ], [ 79.78, 31.213333333333331 ], [ 79.783333333333331, 31.213333333333331 ], [ 79.783333333333331, 31.21 ], [ 79.79, 31.21 ], [ 79.79, 31.203333333333333 ], [ 79.793333333333337, 31.203333333333333 ], [ 79.793333333333337, 31.2 ], [ 79.81, 31.2 ], [ 79.81, 31.203333333333333 ], [ 79.813333333333333, 31.203333333333333 ], [ 79.813333333333333, 31.2 ], [ 79.816666666666663, 31.2 ], [ 79.816666666666663, 31.173333333333332 ], [ 79.82, 31.173333333333332 ], [ 79.82, 31.16 ], [ 79.823333333333338, 31.16 ], [ 79.823333333333338, 31.153333333333332 ], [ 79.826666666666668, 31.153333333333332 ], [ 79.826666666666668, 31.146666666666668 ], [ 79.83, 31.146666666666668 ], [ 79.83, 31.14 ], [ 79.833333333333329, 31.14 ], [ 79.833333333333329, 31.136666666666667 ], [ 79.85, 31.136666666666667 ], [ 79.85, 31.14 ], [ 79.853333333333339, 31.14 ], [ 79.853333333333339, 31.143333333333334 ], [ 79.856666666666669, 31.143333333333334 ], [ 79.856666666666669, 31.146666666666668 ], [ 79.86, 31.146666666666668 ], [ 79.86, 31.15 ], [ 79.866666666666674, 31.15 ], [ 79.866666666666674, 31.153333333333332 ], [ 79.873333333333335, 31.153333333333332 ], [ 79.873333333333335, 31.156666666666666 ], [ 79.88, 31.156666666666666 ], [ 79.88, 31.16 ], [ 79.893333333333331, 31.16 ], [ 79.893333333333331, 31.163333333333334 ], [ 79.9, 31.163333333333334 ], [ 79.9, 31.166666666666668 ], [ 79.906666666666666, 31.166666666666668 ], [ 79.906666666666666, 31.17 ], [ 79.92, 31.17 ], [ 79.92, 31.173333333333332 ], [ 79.926666666666662, 31.173333333333332 ], [ 79.926666666666662, 31.19 ], [ 79.92, 31.19 ], [ 79.92, 31.193333333333332 ], [ 79.913333333333327, 31.193333333333332 ], [ 79.913333333333327, 31.213333333333331 ], [ 79.903333333333336, 31.213333333333331 ], [ 79.903333333333336, 31.216666666666665 ], [ 79.88666666666667, 31.216666666666665 ], [ 79.88666666666667, 31.21 ], [ 79.88333333333334, 31.21 ], [ 79.88333333333334, 31.216666666666665 ], [ 79.866666666666674, 31.216666666666665 ], [ 79.866666666666674, 31.213333333333331 ], [ 79.86333333333333, 31.213333333333331 ], [ 79.86333333333333, 31.22 ], [ 79.86, 31.22 ], [ 79.86, 31.223333333333333 ], [ 79.86333333333333, 31.223333333333333 ], [ 79.86333333333333, 31.24 ], [ 79.846666666666664, 31.24 ], [ 79.846666666666664, 31.236666666666665 ], [ 79.836666666666673, 31.236666666666665 ], [ 79.836666666666673, 31.233333333333334 ], [ 79.833333333333329, 31.233333333333334 ], [ 79.833333333333329, 31.23 ], [ 79.83, 31.23 ], [ 79.83, 31.233333333333334 ], [ 79.816666666666663, 31.233333333333334 ], [ 79.816666666666663, 31.236666666666665 ], [ 79.833333333333329, 31.236666666666665 ], [ 79.833333333333329, 31.246666666666666 ], [ 79.836666666666673, 31.246666666666666 ], [ 79.836666666666673, 31.25 ], [ 79.843333333333334, 31.25 ], [ 79.843333333333334, 31.27 ], [ 79.84, 31.27 ], [ 79.84, 31.276666666666667 ], [ 79.833333333333329, 31.276666666666667 ], [ 79.833333333333329, 31.286666666666665 ], [ 79.81, 31.286666666666665 ], [ 79.81, 31.283333333333331 ], [ 79.803333333333327, 31.283333333333331 ], [ 79.803333333333327, 31.28 ], [ 79.796666666666667, 31.28 ], [ 79.796666666666667, 31.276666666666667 ], [ 79.79, 31.276666666666667 ], [ 79.79, 31.273333333333333 ], [ 79.786666666666662, 31.273333333333333 ], [ 79.786666666666662, 31.276666666666667 ], [ 79.773333333333341, 31.276666666666667 ], [ 79.773333333333341, 31.28 ], [ 79.783333333333331, 31.28 ], [ 79.783333333333331, 31.283333333333331 ], [ 79.79, 31.283333333333331 ], [ 79.79, 31.286666666666665 ], [ 79.793333333333337, 31.286666666666665 ], [ 79.793333333333337, 31.29 ], [ 79.796666666666667, 31.29 ], [ 79.796666666666667, 31.313333333333333 ], [ 79.78, 31.313333333333333 ] ], [ [ 79.74666666666667, 31.27 ], [ 79.756666666666661, 31.27 ], [ 79.756666666666661, 31.266666666666666 ], [ 79.75, 31.266666666666666 ], [ 79.75, 31.263333333333332 ], [ 79.74666666666667, 31.263333333333332 ], [ 79.74666666666667, 31.27 ] ], [ [ 79.853333333333339, 31.173333333333332 ], [ 79.856666666666669, 31.173333333333332 ], [ 79.856666666666669, 31.17 ], [ 79.853333333333339, 31.17 ], [ 79.853333333333339, 31.173333333333332 ] ] ] } },
{ "type": "Feature", "properties": { "site_id": "SAFE-SITE-085", "mean_cci": 93.8, "area_sqkm": 42.15, "capacity_families": 5058, "suitability_tier": "Viable (CCI 60-70)" }, "geometry": { "type": "Polygon", "coordinates": [ [ [ 79.983333333333334, 31.206666666666667 ], [ 79.983333333333334, 31.203333333333333 ], [ 79.97, 31.203333333333333 ], [ 79.97, 31.186666666666667 ], [ 79.973333333333329, 31.186666666666667 ], [ 79.973333333333329, 31.17 ], [ 79.976666666666659, 31.17 ], [ 79.976666666666659, 31.166666666666668 ], [ 79.973333333333329, 31.166666666666668 ], [ 79.973333333333329, 31.156666666666666 ], [ 79.966666666666669, 31.156666666666666 ], [ 79.966666666666669, 31.15 ], [ 79.963333333333338, 31.15 ], [ 79.963333333333338, 31.153333333333332 ], [ 79.946666666666673, 31.153333333333332 ], [ 79.946666666666673, 31.143333333333334 ], [ 79.943333333333328, 31.143333333333334 ], [ 79.943333333333328, 31.133333333333333 ], [ 79.94, 31.133333333333333 ], [ 79.94, 31.113333333333333 ], [ 79.95, 31.113333333333333 ], [ 79.95, 31.11 ], [ 79.953333333333333, 31.11 ], [ 79.953333333333333, 31.096666666666668 ], [ 79.966666666666669, 31.096666666666668 ], [ 79.966666666666669, 31.093333333333334 ], [ 79.986666666666665, 31.093333333333334 ], [ 79.986666666666665, 31.113333333333333 ], [ 79.98, 31.113333333333333 ], [ 79.98, 31.116666666666667 ], [ 79.976666666666659, 31.116666666666667 ], [ 79.976666666666659, 31.12 ], [ 79.98, 31.12 ], [ 79.98, 31.123333333333335 ], [ 79.99, 31.123333333333335 ], [ 79.99, 31.13 ], [ 79.993333333333339, 31.13 ], [ 79.993333333333339, 31.14 ], [ 80.0, 31.14 ], [ 80.0, 31.206666666666667 ], [ 79.983333333333334, 31.206666666666667 ] ] ] } },
{ "type": "Feature", "properties": { "site_id": "SAFE-SITE-086", "mean_cci": 93.8, "area_sqkm": 12.89, "capacity_families": 1546, "suitability_tier": "Viable (CCI 60-70)" }, "geometry": { "type": "Polygon", "coordinates": [ [ [ 79.933333333333337, 31.073333333333334 ], [ 79.933333333333337, 31.07 ], [ 79.93, 31.07 ], [ 79.93, 31.066666666666666 ], [ 79.92, 31.066666666666666 ], [ 79.92, 31.063333333333333 ], [ 79.916666666666671, 31.063333333333333 ], [ 79.916666666666671, 31.06 ], [ 79.913333333333327, 31.06 ], [ 79.913333333333327, 31.056666666666665 ], [ 79.91, 31.056666666666665 ], [ 79.91, 31.04 ], [ 79.936666666666667, 31.04 ], [ 79.936666666666667, 31.043333333333333 ], [ 79.94, 31.043333333333333 ], [ 79.94, 31.046666666666667 ], [ 79.95, 31.046666666666667 ], [ 79.95, 31.053333333333335 ], [ 79.956666666666663, 31.053333333333335 ], [ 79.956666666666663, 31.056666666666665 ], [ 79.96, 31.056666666666665 ], [ 79.96, 31.073333333333334 ], [ 79.933333333333337, 31.073333333333334 ] ] ] } },
{ "type": "Feature", "properties": { "site_id": "SAFE-SITE-087", "mean_cci": 93.8, "area_sqkm": 18.23, "capacity_families": 2187, "suitability_tier": "Viable (CCI 60-70)" }, "geometry": { "type": "Polygon", "coordinates": [ [ [ 76.96, 31.096666666666668 ], [ 76.96, 31.083333333333332 ], [ 76.956666666666663, 31.083333333333332 ], [ 76.956666666666663, 31.06 ], [ 76.96, 31.06 ], [ 76.96, 31.053333333333335 ], [ 76.966666666666669, 31.053333333333335 ], [ 76.966666666666669, 31.043333333333333 ], [ 76.973333333333329, 31.043333333333333 ], [ 76.973333333333329, 31.036666666666665 ], [ 76.99, 31.036666666666665 ], [ 76.99, 31.053333333333335 ], [ 76.993333333333339, 31.053333333333335 ], [ 76.993333333333339, 31.07 ], [ 76.99, 31.07 ], [ 76.99, 31.086666666666666 ], [ 76.986666666666665, 31.086666666666666 ], [ 76.986666666666665, 31.096666666666668 ], [ 76.96, 31.096666666666668 ] ] ] } },
{ "type": "Feature", "properties": { "site_id": "SAFE-SITE-088", "mean_cci": 93.8, "area_sqkm": 51139.3, "capacity_families": 6136715, "suitability_tier": "Viable (CCI 60-70)" }, "geometry": { "type": "Polygon", "coordinates": [ [ [ 75.00333333333333, 32.876666666666665 ], [ 75.00333333333333, 32.86333333333333 ], [ 75.0, 32.86333333333333 ], [ 75.0, 32.843333333333334 ], [ 75.00333333333333, 32.843333333333334 ], [ 75.00333333333333, 32.84 ], [ 75.006666666666661, 32.84 ], [ 75.006666666666661, 32.836666666666666 ], [ 75.01, 32.836666666666666 ], [ 75.01, 32.833333333333336 ], [ 75.013333333333335, 32.833333333333336 ], [ 75.013333333333335, 32.826666666666668 ], [ 75.02, 32.826666666666668 ], [ 75.02, 32.816666666666663 ], [ 75.03, 32.816666666666663 ], [ 75.03, 32.81 ], [ 75.04, 32.81 ], [ 75.04, 32.806666666666665 ], [ 75.046666666666667, 32.806666666666665 ], [ 75.046666666666667, 32.803333333333335 ], [ 75.05, 32.803333333333335 ], [ 75.05, 32.793333333333337 ], [ 75.076666666666668, 32.793333333333337 ], [ 75.076666666666668, 32.796666666666667 ], [ 75.086666666666673, 32.796666666666667 ], [ 75.086666666666673, 32.8 ], [ 75.09, 32.8 ], [ 75.09, 32.793333333333337 ], [ 75.083333333333329, 32.793333333333337 ], [ 75.083333333333329, 32.776666666666664 ], [ 75.086666666666673, 32.776666666666664 ], [ 75.086666666666673, 32.773333333333333 ], [ 75.09, 32.773333333333333 ], [ 75.09, 32.77 ], [ 75.1, 32.77 ], [ 75.1, 32.76 ], [ 75.11, 32.76 ], [ 75.11, 32.756666666666668 ], [ 75.11333333333333, 32.756666666666668 ], [ 75.11333333333333, 32.75333333333333 ], [ 75.11666666666666, 32.75333333333333 ], [ 75.11666666666666, 32.74666666666667 ], [ 75.126666666666665, 32.74666666666667 ], [ 75.126666666666665, 32.736666666666665 ], [ 75.14, 32.736666666666665 ], [ 75.14, 32.73 ], [ 75.143333333333331, 32.73 ], [ 75.143333333333331, 32.723333333333336 ], [ 75.153333333333336, 32.723333333333336 ], [ 75.153333333333336, 32.71 ], [ 75.166666666666671, 32.71 ], [ 75.166666666666671, 32.706666666666663 ], [ 75.173333333333332, 32.706666666666663 ], [ 75.173333333333332, 32.703333333333333 ], [ 75.186666666666667, 32.703333333333333 ], [ 75.186666666666667, 32.7 ], [ 75.193333333333328, 32.7 ], [ 75.193333333333328, 32.696666666666665 ], [ 75.203333333333333, 32.696666666666665 ], [ 75.203333333333333, 32.69 ], [ 75.213333333333338, 32.69 ], [ 75.213333333333338, 32.68333333333333 ], [ 75.223333333333329, 32.68333333333333 ], [ 75.223333333333329, 32.68 ], [ 75.21, 32.68 ], [ 75.21, 32.676666666666669 ], [ 75.196666666666673, 32.676666666666669 ], [ 75.196666666666673, 32.66 ], [ 75.2, 32.66 ], [ 75.2, 32.656666666666666 ], [ 75.193333333333328, 32.656666666666666 ], [ 75.193333333333328, 32.67 ], [ 75.176666666666662, 32.67 ], [ 75.176666666666662, 32.656666666666666 ], [ 75.16, 32.656666666666666 ], [ 75.16, 32.676666666666669 ], [ 75.156666666666666, 32.676666666666669 ], [ 75.156666666666666, 32.68 ], [ 75.14, 32.68 ], [ 75.14, 32.673333333333332 ], [ 75.13333333333334, 32.673333333333332 ], [ 75.13333333333334, 32.653333333333336 ], [ 75.13, 32.653333333333336 ], [ 75.13, 32.656666666666666 ], [ 75.126666666666665, 32.656666666666666 ], [ 75.126666666666665, 32.66 ], [ 75.12, 32.66 ], [ 75.12, 32.666666666666664 ], [ 75.106666666666669, 32.666666666666664 ], [ 75.106666666666669, 32.673333333333332 ], [ 75.096666666666664, 32.673333333333332 ], [ 75.096666666666664, 32.676666666666669 ], [ 75.093333333333334, 32.676666666666669 ], [ 75.093333333333334, 32.68333333333333 ], [ 75.083333333333329, 32.68333333333333 ], [ 75.083333333333329, 32.686666666666667 ], [ 75.076666666666668, 32.686666666666667 ], [ 75.076666666666668, 32.693333333333335 ], [ 75.073333333333338, 32.693333333333335 ], [ 75.073333333333338, 32.696666666666665 ], [ 75.08, 32.696666666666665 ], [ 75.08, 32.713333333333331 ], [ 75.063333333333333, 32.713333333333331 ], [ 75.063333333333333, 32.7 ], [ 75.06, 32.7 ], [ 75.06, 32.703333333333333 ], [ 75.056666666666672, 32.703333333333333 ], [ 75.056666666666672, 32.706666666666663 ], [ 75.06, 32.706666666666663 ], [ 75.06, 32.72 ], [ 75.063333333333333, 32.72 ], [ 75.063333333333333, 32.716666666666669 ], [ 75.09, 32.716666666666669 ], [ 75.09, 32.733333333333334 ], [ 75.086666666666673, 32.733333333333334 ], [ 75.086666666666673, 32.736666666666665 ], [ 75.073333333333338, 32.736666666666665 ], [ 75.073333333333338, 32.74 ], [ 75.063333333333333, 32.74 ], [ 75.063333333333333, 32.743333333333332 ], [ 75.046666666666667, 32.743333333333332 ], [ 75.046666666666667, 32.736666666666665 ], [ 75.043333333333337, 32.736666666666665 ], [ 75.043333333333337, 32.743333333333332 ], [ 75.026666666666671, 32.743333333333332 ], [ 75.026666666666671, 32.726666666666667 ], [ 75.02, 32.726666666666667 ], [ 75.02, 32.736666666666665 ], [ 75.0, 32.736666666666665 ], [ 75.0, 30.0 ], [ 78.063333333333333, 30.0 ], [ 78.063333333333333, 30.026666666666667 ], [ 78.053333333333327, 30.026666666666667 ], [ 78.053333333333327, 30.03 ], [ 78.043333333333337, 30.03 ], [ 78.043333333333337, 30.04 ], [ 78.036666666666662, 30.04 ], [ 78.036666666666662, 30.056666666666665 ], [ 78.03, 30.056666666666665 ], [ 78.03, 30.07 ], [ 78.02, 30.07 ], [ 78.02, 30.083333333333332 ], [ 78.03, 30.083333333333332 ], [ 78.03, 30.076666666666668 ], [ 78.033333333333331, 30.076666666666668 ], [ 78.033333333333331, 30.073333333333334 ], [ 78.043333333333337, 30.073333333333334 ], [ 78.043333333333337, 30.066666666666666 ], [ 78.05, 30.066666666666666 ], [ 78.05, 30.046666666666667 ], [ 78.056666666666672, 30.046666666666667 ], [ 78.056666666666672, 30.043333333333333 ], [ 78.07, 30.043333333333333 ], [ 78.07, 30.04 ], [ 78.073333333333338, 30.04 ], [ 78.073333333333338, 30.036666666666665 ], [ 78.076666666666668, 30.036666666666665 ], [ 78.076666666666668, 30.033333333333331 ], [ 78.086666666666673, 30.033333333333331 ], [ 78.086666666666673, 30.03 ], [ 78.093333333333334, 30.03 ], [ 78.093333333333334, 30.026666666666667 ], [ 78.103333333333339, 30.026666666666667 ], [ 78.103333333333339, 30.023333333333333 ], [ 78.123333333333335, 30.023333333333333 ], [ 78.123333333333335, 30.02 ], [ 78.106666666666669, 30.02 ], [ 78.106666666666669, 30.0 ], [ 78.123333333333335, 30.0 ], [ 78.123333333333335, 30.003333333333334 ], [ 78.126666666666665, 30.003333333333334 ], [ 78.126666666666665, 30.02 ], [ 78.13333333333334, 30.02 ], [ 78.13333333333334, 30.006666666666668 ], [ 78.14, 30.006666666666668 ], [ 78.14, 30.003333333333334 ], [ 78.17, 30.003333333333334 ], [ 78.17, 30.0 ], [ 78.293333333333337, 30.0 ], [ 78.293333333333337, 30.016666666666666 ], [ 78.3, 30.016666666666666 ], [ 78.3, 30.02 ], [ 78.306666666666672, 30.02 ], [ 78.306666666666672, 30.03 ], [ 78.31, 30.03 ], [ 78.31, 30.046666666666667 ], [ 78.296666666666667, 30.046666666666667 ], [ 78.296666666666667, 30.05 ], [ 78.3, 30.05 ], [ 78.3, 30.063333333333333 ], [ 78.303333333333327, 30.063333333333333 ], [ 78.303333333333327, 30.06 ], [ 78.32, 30.06 ], [ 78.32, 30.083333333333332 ], [ 78.306666666666672, 30.083333333333332 ], [ 78.306666666666672, 30.086666666666666 ], [ 78.296666666666667, 30.086666666666666 ], [ 78.296666666666667, 30.09 ], [ 78.303333333333327, 30.09 ], [ 78.303333333333327, 30.1 ], [ 78.306666666666672, 30.1 ], [ 78.306666666666672, 30.103333333333332 ], [ 78.31, 30.103333333333332 ], [ 78.31, 30.106666666666666 ], [ 78.316666666666663, 30.106666666666666 ], [ 78.316666666666663, 30.123333333333335 ], [ 78.303333333333327, 30.123333333333335 ], [ 78.303333333333327, 30.126666666666665 ], [ 78.3, 30.126666666666665 ], [ 78.3, 30.13 ], [ 78.29, 30.13 ], [ 78.29, 30.136666666666667 ], [ 78.283333333333331, 30.136666666666667 ], [ 78.283333333333331, 30.14 ], [ 78.266666666666666, 30.14 ], [ 78.266666666666666, 30.136666666666667 ], [ 78.26, 30.136666666666667 ], [ 78.26, 30.143333333333331 ], [ 78.256666666666661, 30.143333333333331 ], [ 78.256666666666661, 30.163333333333334 ], [ 78.24666666666667, 30.163333333333334 ], [ 78.24666666666667, 30.166666666666664 ], [ 78.243333333333339, 30.166666666666664 ], [ 78.243333333333339, 30.18 ], [ 78.236666666666665, 30.18 ], [ 78.236666666666665, 30.186666666666667 ], [ 78.24666666666667, 30.186666666666667 ], [ 78.24666666666667, 30.203333333333333 ], [ 78.236666666666665, 30.203333333333333 ], [ 78.236666666666665, 30.216666666666669 ], [ 78.233333333333334, 30.216666666666669 ], [ 78.233333333333334, 30.23 ], [ 78.226666666666674, 30.23 ], [ 78.226666666666674, 30.236666666666665 ], [ 78.223333333333329, 30.236666666666665 ], [ 78.223333333333329, 30.24 ], [ 78.213333333333338, 30.24 ], [ 78.213333333333338, 30.246666666666666 ], [ 78.203333333333333, 30.246666666666666 ], [ 78.203333333333333, 30.25 ], [ 78.186666666666667, 30.25 ], [ 78.186666666666667, 30.253333333333334 ], [ 78.18, 30.253333333333334 ], [ 78.18, 30.256666666666668 ], [ 78.16, 30.256666666666668 ], [ 78.16, 30.25 ], [ 78.156666666666666, 30.25 ], [ 78.156666666666666, 30.263333333333332 ], [ 78.15, 30.263333333333332 ], [ 78.15, 30.266666666666666 ], [ 78.146666666666661, 30.266666666666666 ], [ 78.146666666666661, 30.276666666666667 ], [ 78.14, 30.276666666666667 ], [ 78.14, 30.28 ], [ 78.13666666666667, 30.28 ], [ 78.13666666666667, 30.283333333333331 ], [ 78.13333333333334, 30.283333333333331 ], [ 78.13333333333334, 30.293333333333333 ], [ 78.126666666666665, 30.293333333333333 ], [ 78.126666666666665, 30.296666666666667 ], [ 78.123333333333335, 30.296666666666667 ], [ 78.123333333333335, 30.31 ], [ 78.12, 30.31 ], [ 78.12, 30.313333333333333 ], [ 78.11666666666666, 30.313333333333333 ], [ 78.11666666666666, 30.323333333333334 ], [ 78.1, 30.323333333333334 ], [ 78.1, 30.31 ], [ 78.096666666666664, 30.31 ], [ 78.096666666666664, 30.323333333333334 ], [ 78.086666666666673, 30.323333333333334 ], [ 78.086666666666673, 30.326666666666668 ], [ 78.093333333333334, 30.326666666666668 ], [ 78.093333333333334, 30.346666666666668 ], [ 78.1, 30.346666666666668 ], [ 78.1, 30.366666666666667 ], [ 78.106666666666669, 30.366666666666667 ], [ 78.106666666666669, 30.373333333333335 ], [ 78.11, 30.373333333333335 ], [ 78.11, 30.393333333333331 ], [ 78.106666666666669, 30.393333333333331 ], [ 78.106666666666669, 30.396666666666668 ], [ 78.09, 30.396666666666668 ], [ 78.09, 30.39 ], [ 78.086666666666673, 30.39 ], [ 78.086666666666673, 30.386666666666667 ], [ 78.083333333333329, 30.386666666666667 ], [ 78.083333333333329, 30.376666666666665 ], [ 78.08, 30.376666666666665 ], [ 78.08, 30.39 ], [ 78.083333333333329, 30.39 ], [ 78.083333333333329, 30.406666666666666 ], [ 78.08, 30.406666666666666 ], [ 78.08, 30.41 ], [ 78.066666666666663, 30.41 ], [ 78.066666666666663, 30.413333333333334 ], [ 78.05, 30.413333333333334 ], [ 78.05, 30.41 ], [ 78.043333333333337, 30.41 ], [ 78.043333333333337, 30.39 ], [ 78.046666666666667, 30.39 ], [ 78.046666666666667, 30.383333333333333 ], [ 78.043333333333337, 30.383333333333333 ], [ 78.043333333333337, 30.376666666666665 ], [ 78.04, 30.376666666666665 ], [ 78.04, 30.37 ], [ 78.02, 30.37 ], [ 78.02, 30.373333333333335 ], [ 78.023333333333341, 30.373333333333335 ], [ 78.023333333333341, 30.39 ], [ 78.02, 30.39 ], [ 78.02, 30.396666666666668 ], [ 78.013333333333335, 30.396666666666668 ], [ 78.013333333333335, 30.4 ], [ 78.01, 30.4 ], [ 78.01, 30.406666666666666 ], [ 77.993333333333339, 30.406666666666666 ], [ 77.993333333333339, 30.39 ], [ 77.99, 30.39 ], [ 77.99, 30.403333333333332 ], [ 77.98, 30.403333333333332 ], [ 77.98, 30.413333333333334 ], [ 77.976666666666674, 30.413333333333334 ], [ 77.976666666666674, 30.42 ], [ 77.953333333333333, 30.42 ], [ 77.953333333333333, 30.416666666666664 ], [ 77.95, 30.416666666666664 ], [ 77.95, 30.413333333333334 ], [ 77.946666666666673, 30.413333333333334 ], [ 77.946666666666673, 30.416666666666664 ], [ 77.936666666666667, 30.416666666666664 ], [ 77.936666666666667, 30.42 ], [ 77.94, 30.42 ], [ 77.94, 30.423333333333332 ], [ 77.943333333333328, 30.423333333333332 ], [ 77.943333333333328, 30.44 ], [ 77.936666666666667, 30.44 ], [ 77.936666666666667, 30.443333333333335 ], [ 77.926666666666662, 30.443333333333335 ], [ 77.926666666666662, 30.446666666666665 ], [ 77.92, 30.446666666666665 ], [ 77.92, 30.46 ], [ 77.913333333333327, 30.46 ], [ 77.913333333333327, 30.463333333333331 ], [ 77.91, 30.463333333333331 ], [ 77.91, 30.47 ], [ 77.9, 30.47 ], [ 77.9, 30.473333333333333 ], [ 77.896666666666661, 30.473333333333333 ], [ 77.896666666666661, 30.476666666666667 ], [ 77.893333333333331, 30.476666666666667 ], [ 77.893333333333331, 30.48 ], [ 77.89, 30.48 ], [ 77.89, 30.483333333333334 ], [ 77.873333333333335, 30.483333333333334 ], [ 77.873333333333335, 30.463333333333331 ], [ 77.88, 30.463333333333331 ], [ 77.88, 30.46 ], [ 77.876666666666665, 30.46 ], [ 77.876666666666665, 30.453333333333333 ], [ 77.86666666666666, 30.453333333333333 ], [ 77.86666666666666, 30.46 ], [ 77.86333333333333, 30.46 ], [ 77.86333333333333, 30.463333333333331 ], [ 77.856666666666669, 30.463333333333331 ], [ 77.856666666666669, 30.49 ], [ 77.85, 30.49 ], [ 77.85, 30.496666666666666 ], [ 77.86, 30.496666666666666 ], [ 77.86, 30.52 ], [ 77.856666666666669, 30.52 ], [ 77.856666666666669, 30.526666666666667 ], [ 77.84, 30.526666666666667 ], [ 77.84, 30.523333333333333 ], [ 77.816666666666663, 30.523333333333333 ], [ 77.816666666666663, 30.516666666666666 ], [ 77.813333333333333, 30.516666666666666 ], [ 77.813333333333333, 30.513333333333332 ], [ 77.81, 30.513333333333332 ], [ 77.81, 30.51 ], [ 77.783333333333331, 30.51 ], [ 77.783333333333331, 30.506666666666668 ], [ 77.78, 30.506666666666668 ], [ 77.78, 30.513333333333332 ], [ 77.77, 30.513333333333332 ], [ 77.77, 30.516666666666666 ], [ 77.766666666666666, 30.516666666666666 ], [ 77.766666666666666, 30.52 ], [ 77.763333333333335, 30.52 ], [ 77.763333333333335, 30.533333333333331 ], [ 77.75, 30.533333333333331 ], [ 77.75, 30.536666666666665 ], [ 77.7, 30.536666666666665 ], [ 77.7, 30.533333333333331 ], [ 77.696666666666673, 30.533333333333331 ], [ 77.696666666666673, 30.53 ], [ 77.69, 30.53 ], [ 77.69, 30.523333333333333 ], [ 77.686666666666667, 30.523333333333333 ], [ 77.686666666666667, 30.53 ], [ 77.653333333333336, 30.53 ], [ 77.653333333333336, 30.526666666666667 ], [ 77.61333333333333, 30.526666666666667 ], [ 77.61333333333333, 30.51 ], [ 77.603333333333339, 30.51 ], [ 77.603333333333339, 30.503333333333334 ], [ 77.6, 30.503333333333334 ], [ 77.6, 30.51 ], [ 77.596666666666664, 30.51 ], [ 77.596666666666664, 30.513333333333332 ], [ 77.576666666666668, 30.513333333333332 ], [ 77.576666666666668, 30.516666666666666 ], [ 77.566666666666663, 30.516666666666666 ], [ 77.566666666666663, 30.52 ], [ 77.563333333333333, 30.52 ], [ 77.563333333333333, 30.523333333333333 ], [ 77.54, 30.523333333333333 ], [ 77.54, 30.52 ], [ 77.533333333333331, 30.52 ], [ 77.533333333333331, 30.523333333333333 ], [ 77.526666666666671, 30.523333333333333 ], [ 77.526666666666671, 30.526666666666667 ], [ 77.52, 30.526666666666667 ], [ 77.52, 30.533333333333331 ], [ 77.50333333333333, 30.533333333333331 ], [ 77.50333333333333, 30.526666666666667 ], [ 77.5, 30.526666666666667 ], [ 77.5, 30.53 ], [ 77.483333333333334, 30.53 ], [ 77.483333333333334, 30.526666666666667 ], [ 77.476666666666674, 30.526666666666667 ], [ 77.476666666666674, 30.543333333333333 ], [ 77.456666666666663, 30.543333333333333 ], [ 77.456666666666663, 30.54 ], [ 77.436666666666667, 30.54 ], [ 77.436666666666667, 30.516666666666666 ], [ 77.46, 30.516666666666666 ], [ 77.46, 30.52 ], [ 77.463333333333338, 30.52 ], [ 77.463333333333338, 30.513333333333332 ], [ 77.46, 30.513333333333332 ], [ 77.46, 30.51 ], [ 77.42, 30.51 ], [ 77.42, 30.513333333333332 ], [ 77.416666666666671, 30.513333333333332 ], [ 77.416666666666671, 30.52 ], [ 77.406666666666666, 30.52 ], [ 77.406666666666666, 30.526666666666667 ], [ 77.38666666666667, 30.526666666666667 ], [ 77.38666666666667, 30.53 ], [ 77.376666666666665, 30.53 ], [ 77.376666666666665, 30.533333333333331 ], [ 77.37, 30.533333333333331 ], [ 77.37, 30.54 ], [ 77.35, 30.54 ], [ 77.35, 30.536666666666665 ], [ 77.343333333333334, 30.536666666666665 ], [ 77.343333333333334, 30.53 ], [ 77.34, 30.53 ], [ 77.34, 30.536666666666665 ], [ 77.336666666666673, 30.536666666666665 ], [ 77.336666666666673, 30.546666666666667 ], [ 77.283333333333331, 30.546666666666667 ], [ 77.283333333333331, 30.543333333333333 ], [ 77.28, 30.543333333333333 ], [ 77.28, 30.526666666666667 ], [ 77.31, 30.526666666666667 ], [ 77.31, 30.523333333333333 ], [ 77.303333333333327, 30.523333333333333 ], [ 77.303333333333327, 30.516666666666666 ], [ 77.296666666666667, 30.516666666666666 ], [ 77.296666666666667, 30.523333333333333 ], [ 77.263333333333335, 30.523333333333333 ], [ 77.263333333333335, 30.54 ], [ 77.26, 30.54 ], [ 77.26, 30.553333333333335 ], [ 77.256666666666661, 30.553333333333335 ], [ 77.256666666666661, 30.56 ], [ 77.243333333333339, 30.56 ], [ 77.243333333333339, 30.563333333333333 ], [ 77.23, 30.563333333333333 ], [ 77.23, 30.566666666666666 ], [ 77.226666666666674, 30.566666666666666 ], [ 77.226666666666674, 30.57 ], [ 77.223333333333329, 30.57 ], [ 77.223333333333329, 30.58 ], [ 77.213333333333338, 30.58 ], [ 77.213333333333338, 30.593333333333334 ], [ 77.21, 30.593333333333334 ], [ 77.21, 30.603333333333332 ], [ 77.206666666666663, 30.603333333333332 ], [ 77.206666666666663, 30.616666666666667 ], [ 77.19, 30.616666666666667 ], [ 77.19, 30.62 ], [ 77.17, 30.62 ], [ 77.17, 30.606666666666666 ], [ 77.166666666666671, 30.606666666666666 ], [ 77.166666666666671, 30.616666666666667 ], [ 77.15, 30.616666666666667 ], [ 77.15, 30.613333333333333 ], [ 77.146666666666661, 30.613333333333333 ], [ 77.146666666666661, 30.616666666666667 ], [ 77.126666666666665, 30.616666666666667 ], [ 77.126666666666665, 30.613333333333333 ], [ 77.11666666666666, 30.613333333333333 ], [ 77.11666666666666, 30.616666666666667 ], [ 77.11333333333333, 30.616666666666667 ], [ 77.11333333333333, 30.62 ], [ 77.11, 30.62 ], [ 77.11, 30.623333333333335 ], [ 77.093333333333334, 30.623333333333335 ], [ 77.093333333333334, 30.62 ], [ 77.09, 30.62 ], [ 77.09, 30.633333333333333 ], [ 77.07, 30.633333333333333 ], [ 77.07, 30.64 ], [ 77.063333333333333, 30.64 ], [ 77.063333333333333, 30.656666666666666 ], [ 77.053333333333327, 30.656666666666666 ], [ 77.053333333333327, 30.673333333333332 ], [ 77.05, 30.673333333333332 ], [ 77.05, 30.68 ], [ 77.033333333333331, 30.68 ], [ 77.033333333333331, 30.676666666666666 ], [ 77.03, 30.676666666666666 ], [ 77.03, 30.68 ], [ 77.016666666666666, 30.68 ], [ 77.016666666666666, 30.683333333333334 ], [ 77.036666666666662, 30.683333333333334 ], [ 77.036666666666662, 30.703333333333333 ], [ 77.026666666666671, 30.703333333333333 ], [ 77.026666666666671, 30.71 ], [ 77.016666666666666, 30.71 ], [ 77.016666666666666, 30.713333333333331 ], [ 76.99666666666667, 30.713333333333331 ], [ 76.99666666666667, 30.693333333333335 ], [ 76.986666666666665, 30.693333333333335 ], [ 76.986666666666665, 30.69 ], [ 76.983333333333334, 30.69 ], [ 76.983333333333334, 30.696666666666665 ], [ 76.98, 30.696666666666665 ], [ 76.98, 30.703333333333333 ], [ 76.973333333333329, 30.703333333333333 ], [ 76.973333333333329, 30.706666666666667 ], [ 76.99, 30.706666666666667 ], [ 76.99, 30.726666666666667 ], [ 76.966666666666669, 30.726666666666667 ], [ 76.966666666666669, 30.73 ], [ 76.99, 30.73 ], [ 76.99, 30.733333333333334 ], [ 76.99666666666667, 30.733333333333334 ], [ 76.99666666666667, 30.736666666666665 ], [ 77.0, 30.736666666666665 ], [ 77.0, 30.763333333333332 ], [ 76.99666666666667, 30.763333333333332 ], [ 76.99666666666667, 30.766666666666666 ], [ 76.993333333333339, 30.766666666666666 ], [ 76.993333333333339, 30.78 ], [ 76.986666666666665, 30.78 ], [ 76.986666666666665, 30.79 ], [ 76.98, 30.79 ], [ 76.98, 30.793333333333333 ], [ 76.976666666666674, 30.793333333333333 ], [ 76.976666666666674, 30.796666666666667 ], [ 76.97, 30.796666666666667 ], [ 76.97, 30.8 ], [ 76.966666666666669, 30.8 ], [ 76.966666666666669, 30.806666666666665 ], [ 76.94, 30.806666666666665 ], [ 76.94, 30.796666666666667 ], [ 76.936666666666667, 30.796666666666667 ], [ 76.936666666666667, 30.813333333333333 ], [ 76.94, 30.813333333333333 ], [ 76.94, 30.816666666666666 ], [ 76.946666666666673, 30.816666666666666 ], [ 76.946666666666673, 30.833333333333332 ], [ 76.943333333333328, 30.833333333333332 ], [ 76.943333333333328, 30.843333333333334 ], [ 76.94, 30.843333333333334 ], [ 76.94, 30.846666666666668 ], [ 76.936666666666667, 30.846666666666668 ], [ 76.936666666666667, 30.85 ], [ 76.933333333333337, 30.85 ], [ 76.933333333333337, 30.853333333333332 ], [ 76.93, 30.853333333333332 ], [ 76.93, 30.86 ], [ 76.923333333333332, 30.86 ], [ 76.923333333333332, 30.88 ], [ 76.92, 30.88 ], [ 76.92, 30.883333333333333 ], [ 76.916666666666671, 30.883333333333333 ], [ 76.916666666666671, 30.886666666666667 ], [ 76.89, 30.886666666666667 ], [ 76.89, 30.9 ], [ 76.876666666666665, 30.9 ], [ 76.876666666666665, 30.926666666666666 ], [ 76.873333333333335, 30.926666666666666 ], [ 76.873333333333335, 30.93 ], [ 76.856666666666669, 30.93 ], [ 76.856666666666669, 30.926666666666666 ], [ 76.853333333333339, 30.926666666666666 ], [ 76.853333333333339, 30.936666666666667 ], [ 76.85, 30.936666666666667 ], [ 76.85, 30.946666666666665 ], [ 76.846666666666664, 30.946666666666665 ], [ 76.846666666666664, 30.96 ], [ 76.843333333333334, 30.96 ], [ 76.843333333333334, 30.963333333333331 ], [ 76.826666666666668, 30.963333333333331 ], [ 76.826666666666668, 30.966666666666669 ], [ 76.82, 30.966666666666669 ], [ 76.82, 30.97 ], [ 76.803333333333327, 30.97 ], [ 76.803333333333327, 30.986666666666665 ], [ 76.793333333333337, 30.986666666666665 ], [ 76.793333333333337, 30.99 ], [ 76.783333333333331, 30.99 ], [ 76.783333333333331, 31.003333333333334 ], [ 76.786666666666662, 31.003333333333334 ], [ 76.786666666666662, 31.02 ], [ 76.776666666666671, 31.02 ], [ 76.776666666666671, 31.023333333333333 ], [ 76.75333333333333, 31.023333333333333 ], [ 76.75333333333333, 31.016666666666666 ], [ 76.75, 31.016666666666666 ], [ 76.75, 31.006666666666668 ], [ 76.74666666666667, 31.006666666666668 ], [ 76.74666666666667, 31.01 ], [ 76.743333333333339, 31.01 ], [ 76.743333333333339, 31.013333333333332 ], [ 76.73, 31.013333333333332 ], [ 76.73, 31.03 ], [ 76.72, 31.03 ], [ 76.72, 31.036666666666665 ], [ 76.726666666666674, 31.036666666666665 ], [ 76.726666666666674, 31.05 ], [ 76.73, 31.05 ], [ 76.73, 31.053333333333335 ], [ 76.733333333333334, 31.053333333333335 ], [ 76.733333333333334, 31.08 ], [ 76.73, 31.08 ], [ 76.73, 31.083333333333332 ], [ 76.72, 31.083333333333332 ], [ 76.72, 31.096666666666668 ], [ 76.716666666666669, 31.096666666666668 ], [ 76.716666666666669, 31.1 ], [ 76.71, 31.1 ], [ 76.71, 31.103333333333332 ], [ 76.713333333333338, 31.103333333333332 ], [ 76.713333333333338, 31.123333333333335 ], [ 76.696666666666673, 31.123333333333335 ], [ 76.696666666666673, 31.126666666666665 ], [ 76.7, 31.126666666666665 ], [ 76.7, 31.13 ], [ 76.703333333333333, 31.13 ], [ 76.703333333333333, 31.153333333333332 ], [ 76.7, 31.153333333333332 ], [ 76.7, 31.156666666666666 ], [ 76.696666666666673, 31.156666666666666 ], [ 76.696666666666673, 31.17 ], [ 76.693333333333328, 31.17 ], [ 76.693333333333328, 31.18 ], [ 76.683333333333337, 31.18 ], [ 76.683333333333337, 31.19 ], [ 76.676666666666662, 31.19 ], [ 76.676666666666662, 31.203333333333333 ], [ 76.666666666666671, 31.203333333333333 ], [ 76.666666666666671, 31.213333333333331 ], [ 76.65, 31.213333333333331 ], [ 76.65, 31.22 ], [ 76.646666666666661, 31.22 ], [ 76.646666666666661, 31.223333333333333 ], [ 76.643333333333331, 31.223333333333333 ], [ 76.643333333333331, 31.23 ], [ 76.626666666666665, 31.23 ], [ 76.626666666666665, 31.226666666666667 ], [ 76.623333333333335, 31.226666666666667 ], [ 76.623333333333335, 31.233333333333334 ], [ 76.61, 31.233333333333334 ], [ 76.61, 31.236666666666665 ], [ 76.606666666666669, 31.236666666666665 ], [ 76.606666666666669, 31.243333333333332 ], [ 76.603333333333339, 31.243333333333332 ], [ 76.603333333333339, 31.246666666666666 ], [ 76.596666666666664, 31.246666666666666 ], [ 76.596666666666664, 31.25 ], [ 76.59, 31.25 ], [ 76.59, 31.256666666666668 ], [ 76.586666666666673, 31.256666666666668 ], [ 76.586666666666673, 31.26 ], [ 76.583333333333329, 31.26 ], [ 76.583333333333329, 31.263333333333332 ], [ 76.58, 31.263333333333332 ], [ 76.58, 31.266666666666666 ], [ 76.576666666666668, 31.266666666666666 ], [ 76.576666666666668, 31.27 ], [ 76.57, 31.27 ], [ 76.57, 31.273333333333333 ], [ 76.553333333333327, 31.273333333333333 ], [ 76.553333333333327, 31.276666666666667 ], [ 76.546666666666667, 31.276666666666667 ], [ 76.546666666666667, 31.28 ], [ 76.533333333333331, 31.28 ], [ 76.533333333333331, 31.283333333333331 ], [ 76.53, 31.283333333333331 ], [ 76.53, 31.286666666666665 ], [ 76.526666666666671, 31.286666666666665 ], [ 76.526666666666671, 31.29 ], [ 76.523333333333341, 31.29 ], [ 76.523333333333341, 31.293333333333333 ], [ 76.52, 31.293333333333333 ], [ 76.52, 31.296666666666667 ], [ 76.516666666666666, 31.296666666666667 ], [ 76.516666666666666, 31.3 ], [ 76.513333333333335, 31.3 ], [ 76.513333333333335, 31.31 ], [ 76.49666666666667, 31.31 ], [ 76.49666666666667, 31.313333333333333 ], [ 76.493333333333339, 31.313333333333333 ], [ 76.493333333333339, 31.316666666666666 ], [ 76.5, 31.316666666666666 ], [ 76.5, 31.333333333333332 ], [ 76.49666666666667, 31.333333333333332 ], [ 76.49666666666667, 31.336666666666666 ], [ 76.493333333333339, 31.336666666666666 ], [ 76.493333333333339, 31.343333333333334 ], [ 76.49, 31.343333333333334 ], [ 76.49, 31.346666666666668 ], [ 76.486666666666665, 31.346666666666668 ], [ 76.486666666666665, 31.353333333333332 ], [ 76.483333333333334, 31.353333333333332 ], [ 76.483333333333334, 31.356666666666666 ], [ 76.466666666666669, 31.356666666666666 ], [ 76.466666666666669, 31.353333333333332 ], [ 76.463333333333338, 31.353333333333332 ], [ 76.463333333333338, 31.356666666666666 ], [ 76.46, 31.356666666666666 ], [ 76.46, 31.363333333333333 ], [ 76.456666666666663, 31.363333333333333 ], [ 76.456666666666663, 31.366666666666667 ], [ 76.453333333333333, 31.366666666666667 ], [ 76.453333333333333, 31.37 ], [ 76.45, 31.37 ], [ 76.45, 31.38 ], [ 76.44, 31.38 ], [ 76.44, 31.396666666666668 ], [ 76.436666666666667, 31.396666666666668 ], [ 76.436666666666667, 31.4 ], [ 76.433333333333337, 31.4 ], [ 76.433333333333337, 31.403333333333332 ], [ 76.423333333333332, 31.403333333333332 ], [ 76.423333333333332, 31.406666666666666 ], [ 76.4, 31.406666666666666 ], [ 76.4, 31.413333333333334 ], [ 76.403333333333336, 31.413333333333334 ], [ 76.403333333333336, 31.43 ], [ 76.393333333333331, 31.43 ], [ 76.393333333333331, 31.453333333333333 ], [ 76.38666666666667, 31.453333333333333 ], [ 76.38666666666667, 31.456666666666667 ], [ 76.376666666666665, 31.456666666666667 ], [ 76.376666666666665, 31.463333333333331 ], [ 76.373333333333335, 31.463333333333331 ], [ 76.373333333333335, 31.47 ], [ 76.37, 31.47 ], [ 76.37, 31.486666666666665 ], [ 76.356666666666669, 31.486666666666665 ], [ 76.356666666666669, 31.496666666666666 ], [ 76.346666666666664, 31.496666666666666 ], [ 76.346666666666664, 31.5 ], [ 76.353333333333339, 31.5 ], [ 76.353333333333339, 31.516666666666666 ], [ 76.34, 31.516666666666666 ], [ 76.34, 31.526666666666667 ], [ 76.323333333333338, 31.526666666666667 ], [ 76.323333333333338, 31.53 ], [ 76.336666666666673, 31.53 ], [ 76.336666666666673, 31.533333333333331 ], [ 76.346666666666664, 31.533333333333331 ], [ 76.346666666666664, 31.53 ], [ 76.35, 31.53 ], [ 76.35, 31.526666666666667 ], [ 76.353333333333339, 31.526666666666667 ], [ 76.353333333333339, 31.523333333333333 ], [ 76.36, 31.523333333333333 ], [ 76.36, 31.52 ], [ 76.36333333333333, 31.52 ], [ 76.36333333333333, 31.516666666666666 ], [ 76.36666666666666, 31.516666666666666 ], [ 76.36666666666666, 31.513333333333332 ], [ 76.37, 31.513333333333332 ], [ 76.37, 31.51 ], [ 76.38666666666667, 31.51 ], [ 76.38666666666667, 31.52 ], [ 76.39, 31.52 ], [ 76.39, 31.513333333333332 ], [ 76.393333333333331, 31.513333333333332 ], [ 76.393333333333331, 31.49 ], [ 76.403333333333336, 31.49 ], [ 76.403333333333336, 31.483333333333334 ], [ 76.406666666666666, 31.483333333333334 ], [ 76.406666666666666, 31.48 ], [ 76.41, 31.48 ], [ 76.41, 31.473333333333333 ], [ 76.42, 31.473333333333333 ], [ 76.42, 31.463333333333331 ], [ 76.423333333333332, 31.463333333333331 ], [ 76.423333333333332, 31.456666666666667 ], [ 76.426666666666662, 31.456666666666667 ], [ 76.426666666666662, 31.446666666666665 ], [ 76.433333333333337, 31.446666666666665 ], [ 76.433333333333337, 31.433333333333334 ], [ 76.44, 31.433333333333334 ], [ 76.44, 31.41 ], [ 76.456666666666663, 31.41 ], [ 76.456666666666663, 31.406666666666666 ], [ 76.46, 31.406666666666666 ], [ 76.46, 31.403333333333332 ], [ 76.463333333333338, 31.403333333333332 ], [ 76.463333333333338, 31.4 ], [ 76.466666666666669, 31.4 ], [ 76.466666666666669, 31.396666666666668 ], [ 76.47, 31.396666666666668 ], [ 76.47, 31.393333333333334 ], [ 76.473333333333329, 31.393333333333334 ], [ 76.473333333333329, 31.386666666666667 ], [ 76.476666666666674, 31.386666666666667 ], [ 76.476666666666674, 31.383333333333333 ], [ 76.49666666666667, 31.383333333333333 ], [ 76.49666666666667, 31.38 ], [ 76.5, 31.38 ], [ 76.5, 31.37 ], [ 76.513333333333335, 31.37 ], [ 76.513333333333335, 31.366666666666667 ], [ 76.52, 31.366666666666667 ], [ 76.52, 31.36 ], [ 76.53, 31.36 ], [ 76.53, 31.356666666666666 ], [ 76.536666666666662, 31.356666666666666 ], [ 76.536666666666662, 31.35 ], [ 76.54, 31.35 ], [ 76.54, 31.343333333333334 ], [ 76.543333333333337, 31.343333333333334 ], [ 76.543333333333337, 31.336666666666666 ], [ 76.553333333333327, 31.336666666666666 ], [ 76.553333333333327, 31.333333333333332 ], [ 76.556666666666672, 31.333333333333332 ], [ 76.556666666666672, 31.33 ], [ 76.56, 31.33 ], [ 76.56, 31.323333333333334 ], [ 76.57, 31.323333333333334 ], [ 76.57, 31.31 ], [ 76.573333333333338, 31.31 ], [ 76.573333333333338, 31.306666666666665 ], [ 76.576666666666668, 31.306666666666665 ], [ 76.576666666666668, 31.303333333333335 ], [ 76.58, 31.303333333333335 ], [ 76.58, 31.286666666666665 ], [ 76.586666666666673, 31.286666666666665 ], [ 76.586666666666673, 31.283333333333331 ], [ 76.6, 31.283333333333331 ], [ 76.6, 31.28 ], [ 76.62, 31.28 ], [ 76.62, 31.3 ], [ 76.606666666666669, 31.3 ], [ 76.606666666666669, 31.306666666666665 ], [ 76.603333333333339, 31.306666666666665 ], [ 76.603333333333339, 31.31 ], [ 76.6, 31.31 ], [ 76.6, 31.313333333333333 ], [ 76.596666666666664, 31.313333333333333 ], [ 76.596666666666664, 31.32 ], [ 76.59, 31.32 ], [ 76.59, 31.323333333333334 ], [ 76.586666666666673, 31.323333333333334 ], [ 76.586666666666673, 31.33 ], [ 76.58, 31.33 ], [ 76.58, 31.34 ], [ 76.573333333333338, 31.34 ], [ 76.573333333333338, 31.35 ], [ 76.57, 31.35 ], [ 76.57, 31.356666666666666 ], [ 76.563333333333333, 31.356666666666666 ], [ 76.563333333333333, 31.363333333333333 ], [ 76.556666666666672, 31.363333333333333 ], [ 76.556666666666672, 31.373333333333335 ], [ 76.55, 31.373333333333335 ], [ 76.55, 31.383333333333333 ], [ 76.543333333333337, 31.383333333333333 ], [ 76.543333333333337, 31.386666666666667 ], [ 76.53, 31.386666666666667 ], [ 76.53, 31.403333333333332 ], [ 76.52, 31.403333333333332 ], [ 76.52, 31.413333333333334 ], [ 76.513333333333335, 31.413333333333334 ], [ 76.513333333333335, 31.433333333333334 ], [ 76.493333333333339, 31.433333333333334 ], [ 76.493333333333339, 31.446666666666665 ], [ 76.473333333333329, 31.446666666666665 ], [ 76.473333333333329, 31.456666666666667 ], [ 76.463333333333338, 31.456666666666667 ], [ 76.463333333333338, 31.473333333333333 ], [ 76.456666666666663, 31.473333333333333 ], [ 76.456666666666663, 31.48 ], [ 76.45, 31.48 ], [ 76.45, 31.483333333333334 ], [ 76.446666666666673, 31.483333333333334 ], [ 76.446666666666673, 31.5 ], [ 76.443333333333328, 31.5 ], [ 76.443333333333328, 31.506666666666668 ], [ 76.44, 31.506666666666668 ], [ 76.44, 31.513333333333332 ], [ 76.436666666666667, 31.513333333333332 ], [ 76.436666666666667, 31.516666666666666 ], [ 76.433333333333337, 31.516666666666666 ], [ 76.433333333333337, 31.526666666666667 ], [ 76.43, 31.526666666666667 ], [ 76.43, 31.53 ], [ 76.426666666666662, 31.53 ], [ 76.426666666666662, 31.533333333333331 ], [ 76.423333333333332, 31.533333333333331 ], [ 76.423333333333332, 31.54 ], [ 76.42, 31.54 ], [ 76.42, 31.546666666666667 ], [ 76.416666666666671, 31.546666666666667 ], [ 76.416666666666671, 31.55 ], [ 76.413333333333327, 31.55 ], [ 76.413333333333327, 31.553333333333335 ], [ 76.41, 31.553333333333335 ], [ 76.41, 31.556666666666665 ], [ 76.403333333333336, 31.556666666666665 ], [ 76.403333333333336, 31.58 ], [ 76.39, 31.58 ], [ 76.39, 31.6 ], [ 76.38666666666667, 31.6 ], [ 76.38666666666667, 31.606666666666666 ], [ 76.38333333333334, 31.606666666666666 ], [ 76.38333333333334, 31.61 ], [ 76.38, 31.61 ], [ 76.38, 31.613333333333333 ], [ 76.373333333333335, 31.613333333333333 ], [ 76.373333333333335, 31.616666666666667 ], [ 76.37, 31.616666666666667 ], [ 76.37, 31.62 ], [ 76.36666666666666, 31.62 ], [ 76.36666666666666, 31.623333333333335 ], [ 76.36333333333333, 31.623333333333335 ], [ 76.36333333333333, 31.63 ], [ 76.36, 31.63 ], [ 76.36, 31.633333333333333 ], [ 76.356666666666669, 31.633333333333333 ], [ 76.356666666666669, 31.64 ], [ 76.353333333333339, 31.64 ], [ 76.353333333333339, 31.643333333333334 ], [ 76.35, 31.643333333333334 ], [ 76.35, 31.646666666666668 ], [ 76.346666666666664, 31.646666666666668 ], [ 76.346666666666664, 31.653333333333332 ], [ 76.343333333333334, 31.653333333333332 ], [ 76.343333333333334, 31.656666666666666 ], [ 76.34, 31.656666666666666 ], [ 76.34, 31.663333333333334 ], [ 76.336666666666673, 31.663333333333334 ], [ 76.336666666666673, 31.67 ], [ 76.333333333333329, 31.67 ], [ 76.333333333333329, 31.673333333333332 ], [ 76.33, 31.673333333333332 ], [ 76.33, 31.68 ], [ 76.326666666666668, 31.68 ], [ 76.326666666666668, 31.683333333333334 ], [ 76.323333333333338, 31.683333333333334 ], [ 76.323333333333338, 31.7 ], [ 76.32, 31.7 ], [ 76.32, 31.706666666666667 ], [ 76.323333333333338, 31.706666666666667 ], [ 76.323333333333338, 31.703333333333333 ], [ 76.326666666666668, 31.703333333333333 ], [ 76.326666666666668, 31.7 ], [ 76.33, 31.7 ], [ 76.33, 31.696666666666665 ], [ 76.333333333333329, 31.696666666666665 ], [ 76.333333333333329, 31.69 ], [ 76.336666666666673, 31.69 ], [ 76.336666666666673, 31.686666666666667 ], [ 76.34, 31.686666666666667 ], [ 76.34, 31.683333333333334 ], [ 76.343333333333334, 31.683333333333334 ], [ 76.343333333333334, 31.68 ], [ 76.346666666666664, 31.68 ], [ 76.346666666666664, 31.673333333333332 ], [ 76.35, 31.673333333333332 ], [ 76.35, 31.67 ], [ 76.353333333333339, 31.67 ], [ 76.353333333333339, 31.663333333333334 ], [ 76.356666666666669, 31.663333333333334 ], [ 76.356666666666669, 31.66 ], [ 76.36, 31.66 ], [ 76.36, 31.653333333333332 ], [ 76.36333333333333, 31.653333333333332 ], [ 76.36333333333333, 31.65 ], [ 76.376666666666665, 31.65 ], [ 76.376666666666665, 31.646666666666668 ], [ 76.38, 31.646666666666668 ], [ 76.38, 31.636666666666667 ], [ 76.393333333333331, 31.636666666666667 ], [ 76.393333333333331, 31.626666666666665 ], [ 76.396666666666661, 31.626666666666665 ], [ 76.396666666666661, 31.62 ], [ 76.4, 31.62 ], [ 76.4, 31.616666666666667 ], [ 76.403333333333336, 31.616666666666667 ], [ 76.403333333333336, 31.613333333333333 ], [ 76.406666666666666, 31.613333333333333 ], [ 76.406666666666666, 31.603333333333332 ], [ 76.41, 31.603333333333332 ], [ 76.41, 31.596666666666668 ], [ 76.413333333333327, 31.596666666666668 ], [ 76.413333333333327, 31.59 ], [ 76.416666666666671, 31.59 ], [ 76.416666666666671, 31.586666666666666 ], [ 76.42, 31.586666666666666 ], [ 76.42, 31.576666666666668 ], [ 76.423333333333332, 31.576666666666668 ], [ 76.423333333333332, 31.57 ], [ 76.426666666666662, 31.57 ], [ 76.426666666666662, 31.563333333333333 ], [ 76.43, 31.563333333333333 ], [ 76.43, 31.56 ], [ 76.433333333333337, 31.56 ], [ 76.433333333333337, 31.553333333333335 ], [ 76.436666666666667, 31.553333333333335 ], [ 76.436666666666667, 31.543333333333333 ], [ 76.44, 31.543333333333333 ], [ 76.44, 31.54 ], [ 76.443333333333328, 31.54 ], [ 76.443333333333328, 31.53 ], [ 76.446666666666673, 31.53 ], [ 76.446666666666673, 31.523333333333333 ], [ 76.453333333333333, 31.523333333333333 ], [ 76.453333333333333, 31.51 ], [ 76.46, 31.51 ], [ 76.46, 31.503333333333334 ], [ 76.463333333333338, 31.503333333333334 ], [ 76.463333333333338, 31.5 ], [ 76.466666666666669, 31.5 ], [ 76.466666666666669, 31.496666666666666 ], [ 76.47, 31.496666666666666 ], [ 76.47, 31.493333333333332 ], [ 76.473333333333329, 31.493333333333332 ], [ 76.473333333333329, 31.49 ], [ 76.476666666666674, 31.49 ], [ 76.476666666666674, 31.483333333333334 ], [ 76.48, 31.483333333333334 ], [ 76.48, 31.48 ], [ 76.483333333333334, 31.48 ], [ 76.483333333333334, 31.476666666666667 ], [ 76.49, 31.476666666666667 ], [ 76.49, 31.473333333333333 ], [ 76.506666666666661, 31.473333333333333 ], [ 76.506666666666661, 31.476666666666667 ], [ 76.51, 31.476666666666667 ], [ 76.51, 31.48 ], [ 76.513333333333335, 31.48 ], [ 76.513333333333335, 31.476666666666667 ], [ 76.516666666666666, 31.476666666666667 ], [ 76.516666666666666, 31.473333333333333 ], [ 76.533333333333331, 31.473333333333333 ], [ 76.533333333333331, 31.46 ], [ 76.546666666666667, 31.46 ], [ 76.546666666666667, 31.45 ], [ 76.553333333333327, 31.45 ], [ 76.553333333333327, 31.446666666666665 ], [ 76.56, 31.446666666666665 ], [ 76.56, 31.44 ], [ 76.563333333333333, 31.44 ], [ 76.563333333333333, 31.436666666666667 ], [ 76.56, 31.436666666666667 ], [ 76.56, 31.43 ], [ 76.546666666666667, 31.43 ], [ 76.546666666666667, 31.413333333333334 ], [ 76.563333333333333, 31.413333333333334 ], [ 76.563333333333333, 31.416666666666668 ], [ 76.566666666666663, 31.416666666666668 ], [ 76.566666666666663, 31.413333333333334 ], [ 76.57, 31.413333333333334 ], [ 76.57, 31.406666666666666 ], [ 76.573333333333338, 31.406666666666666 ], [ 76.573333333333338, 31.396666666666668 ], [ 76.576666666666668, 31.396666666666668 ], [ 76.576666666666668, 31.393333333333334 ], [ 76.586666666666673, 31.393333333333334 ], [ 76.586666666666673, 31.39 ], [ 76.6, 31.39 ], [ 76.6, 31.383333333333333 ], [ 76.603333333333339, 31.383333333333333 ], [ 76.603333333333339, 31.38 ], [ 76.626666666666665, 31.38 ], [ 76.626666666666665, 31.383333333333333 ], [ 76.63, 31.383333333333333 ], [ 76.63, 31.36 ], [ 76.63333333333334, 31.36 ], [ 76.63333333333334, 31.356666666666666 ], [ 76.64, 31.356666666666666 ], [ 76.64, 31.323333333333334 ], [ 76.653333333333336, 31.323333333333334 ], [ 76.653333333333336, 31.32 ], [ 76.656666666666666, 31.32 ], [ 76.656666666666666, 31.31 ], [ 76.67, 31.31 ], [ 76.67, 31.293333333333333 ], [ 76.683333333333337, 31.293333333333333 ], [ 76.683333333333337, 31.29 ], [ 76.686666666666667, 31.29 ], [ 76.686666666666667, 31.286666666666665 ], [ 76.703333333333333, 31.286666666666665 ], [ 76.703333333333333, 31.306666666666665 ], [ 76.693333333333328, 31.306666666666665 ], [ 76.693333333333328, 31.31 ], [ 76.68, 31.31 ], [ 76.68, 31.316666666666666 ], [ 76.686666666666667, 31.316666666666666 ], [ 76.686666666666667, 31.343333333333334 ], [ 76.68, 31.343333333333334 ], [ 76.68, 31.376666666666665 ], [ 76.676666666666662, 31.376666666666665 ], [ 76.676666666666662, 31.386666666666667 ], [ 76.653333333333336, 31.386666666666667 ], [ 76.653333333333336, 31.376666666666665 ], [ 76.65, 31.376666666666665 ], [ 76.65, 31.393333333333334 ], [ 76.646666666666661, 31.393333333333334 ], [ 76.646666666666661, 31.396666666666668 ], [ 76.653333333333336, 31.396666666666668 ], [ 76.653333333333336, 31.393333333333334 ], [ 76.67, 31.393333333333334 ], [ 76.67, 31.433333333333334 ], [ 76.666666666666671, 31.433333333333334 ], [ 76.666666666666671, 31.436666666666667 ], [ 76.663333333333327, 31.436666666666667 ], [ 76.663333333333327, 31.453333333333333 ], [ 76.66, 31.453333333333333 ], [ 76.66, 31.463333333333331 ], [ 76.656666666666666, 31.463333333333331 ], [ 76.656666666666666, 31.466666666666665 ], [ 76.653333333333336, 31.466666666666665 ], [ 76.653333333333336, 31.47 ], [ 76.646666666666661, 31.47 ], [ 76.646666666666661, 31.473333333333333 ], [ 76.64, 31.473333333333333 ], [ 76.64, 31.476666666666667 ], [ 76.63666666666667, 31.476666666666667 ], [ 76.63666666666667, 31.48 ], [ 76.63333333333334, 31.48 ], [ 76.63333333333334, 31.483333333333334 ], [ 76.63, 31.483333333333334 ], [ 76.63, 31.486666666666665 ], [ 76.626666666666665, 31.486666666666665 ], [ 76.626666666666665, 31.49 ], [ 76.623333333333335, 31.49 ], [ 76.623333333333335, 31.493333333333332 ], [ 76.62, 31.493333333333332 ], [ 76.62, 31.496666666666666 ], [ 76.61666666666666, 31.496666666666666 ], [ 76.61666666666666, 31.503333333333334 ], [ 76.61333333333333, 31.503333333333334 ], [ 76.61333333333333, 31.51 ], [ 76.61, 31.51 ], [ 76.61, 31.516666666666666 ], [ 76.606666666666669, 31.516666666666666 ], [ 76.606666666666669, 31.52 ], [ 76.603333333333339, 31.52 ], [ 76.603333333333339, 31.523333333333333 ], [ 76.6, 31.523333333333333 ], [ 76.6, 31.526666666666667 ], [ 76.596666666666664, 31.526666666666667 ], [ 76.596666666666664, 31.53 ], [ 76.593333333333334, 31.53 ], [ 76.593333333333334, 31.533333333333331 ], [ 76.59, 31.533333333333331 ], [ 76.59, 31.536666666666665 ], [ 76.586666666666673, 31.536666666666665 ], [ 76.586666666666673, 31.54 ], [ 76.583333333333329, 31.54 ], [ 76.583333333333329, 31.553333333333335 ], [ 76.576666666666668, 31.553333333333335 ], [ 76.576666666666668, 31.556666666666665 ], [ 76.573333333333338, 31.556666666666665 ], [ 76.573333333333338, 31.563333333333333 ], [ 76.563333333333333, 31.563333333333333 ], [ 76.563333333333333, 31.573333333333334 ], [ 76.56, 31.573333333333334 ], [ 76.56, 31.59 ], [ 76.57, 31.59 ], [ 76.57, 31.573333333333334 ], [ 76.583333333333329, 31.573333333333334 ], [ 76.583333333333329, 31.57 ], [ 76.586666666666673, 31.57 ], [ 76.586666666666673, 31.56 ], [ 76.596666666666664, 31.56 ], [ 76.596666666666664, 31.55 ], [ 76.6, 31.55 ], [ 76.6, 31.54 ], [ 76.603333333333339, 31.54 ], [ 76.603333333333339, 31.536666666666665 ], [ 76.606666666666669, 31.536666666666665 ], [ 76.606666666666669, 31.533333333333331 ], [ 76.61, 31.533333333333331 ], [ 76.61, 31.526666666666667 ], [ 76.61333333333333, 31.526666666666667 ], [ 76.61333333333333, 31.516666666666666 ], [ 76.626666666666665, 31.516666666666666 ], [ 76.626666666666665, 31.503333333333334 ], [ 76.63, 31.503333333333334 ], [ 76.63, 31.5 ], [ 76.63333333333334, 31.5 ], [ 76.63333333333334, 31.496666666666666 ], [ 76.646666666666661, 31.496666666666666 ], [ 76.646666666666661, 31.493333333333332 ], [ 76.653333333333336, 31.493333333333332 ], [ 76.653333333333336, 31.483333333333334 ], [ 76.67, 31.483333333333334 ], [ 76.67, 31.48 ], [ 76.673333333333332, 31.48 ], [ 76.673333333333332, 31.463333333333331 ], [ 76.676666666666662, 31.463333333333331 ], [ 76.676666666666662, 31.446666666666665 ], [ 76.683333333333337, 31.446666666666665 ], [ 76.683333333333337, 31.443333333333332 ], [ 76.686666666666667, 31.443333333333332 ], [ 76.686666666666667, 31.433333333333334 ], [ 76.69, 31.433333333333334 ], [ 76.69, 31.426666666666666 ], [ 76.706666666666663, 31.426666666666666 ], [ 76.706666666666663, 31.423333333333332 ], [ 76.733333333333334, 31.423333333333332 ], [ 76.733333333333334, 31.446666666666665 ], [ 76.73, 31.446666666666665 ], [ 76.73, 31.456666666666667 ], [ 76.726666666666674, 31.456666666666667 ], [ 76.726666666666674, 31.47 ], [ 76.723333333333329, 31.47 ], [ 76.723333333333329, 31.51 ], [ 76.726666666666674, 31.51 ], [ 76.726666666666674, 31.506666666666668 ], [ 76.75, 31.506666666666668 ], [ 76.75, 31.5 ], [ 76.766666666666666, 31.5 ], [ 76.766666666666666, 31.513333333333332 ], [ 76.77, 31.513333333333332 ], [ 76.77, 31.55 ], [ 76.76, 31.55 ], [ 76.76, 31.553333333333335 ], [ 76.763333333333335, 31.553333333333335 ], [ 76.763333333333335, 31.57 ], [ 76.75333333333333, 31.57 ], [ 76.75333333333333, 31.6 ], [ 76.75, 31.6 ], [ 76.75, 31.603333333333332 ], [ 76.743333333333339, 31.603333333333332 ], [ 76.743333333333339, 31.61 ], [ 76.73, 31.61 ], [ 76.73, 31.616666666666667 ], [ 76.736666666666665, 31.616666666666667 ], [ 76.736666666666665, 31.633333333333333 ], [ 76.73, 31.633333333333333 ], [ 76.73, 31.636666666666667 ], [ 76.74666666666667, 31.636666666666667 ], [ 76.74666666666667, 31.64 ], [ 76.75, 31.64 ], [ 76.75, 31.656666666666666 ], [ 76.74666666666667, 31.656666666666666 ], [ 76.74666666666667, 31.67 ], [ 76.743333333333339, 31.67 ], [ 76.743333333333339, 31.693333333333332 ], [ 76.726666666666674, 31.693333333333332 ], [ 76.726666666666674, 31.686666666666667 ], [ 76.723333333333329, 31.686666666666667 ], [ 76.723333333333329, 31.696666666666665 ], [ 76.72, 31.696666666666665 ], [ 76.72, 31.7 ], [ 76.7, 31.7 ], [ 76.7, 31.706666666666667 ], [ 76.72, 31.706666666666667 ], [ 76.72, 31.713333333333331 ], [ 76.723333333333329, 31.713333333333331 ], [ 76.723333333333329, 31.74 ], [ 76.72, 31.74 ], [ 76.72, 31.743333333333332 ], [ 76.723333333333329, 31.743333333333332 ], [ 76.723333333333329, 31.773333333333333 ], [ 76.716666666666669, 31.773333333333333 ], [ 76.716666666666669, 31.776666666666667 ], [ 76.706666666666663, 31.776666666666667 ], [ 76.706666666666663, 31.78 ], [ 76.71, 31.78 ], [ 76.71, 31.783333333333331 ], [ 76.72, 31.783333333333331 ], [ 76.72, 31.8 ], [ 76.716666666666669, 31.8 ], [ 76.716666666666669, 31.803333333333335 ], [ 76.7, 31.803333333333335 ], [ 76.7, 31.8 ], [ 76.69, 31.8 ], [ 76.69, 31.75 ], [ 76.683333333333337, 31.75 ], [ 76.683333333333337, 31.76 ], [ 76.68, 31.76 ], [ 76.68, 31.766666666666666 ], [ 76.656666666666666, 31.766666666666666 ], [ 76.656666666666666, 31.736666666666665 ], [ 76.666666666666671, 31.736666666666665 ], [ 76.666666666666671, 31.733333333333334 ], [ 76.646666666666661, 31.733333333333334 ], [ 76.646666666666661, 31.723333333333333 ], [ 76.643333333333331, 31.723333333333333 ], [ 76.643333333333331, 31.73 ], [ 76.62, 31.73 ], [ 76.62, 31.733333333333334 ], [ 76.606666666666669, 31.733333333333334 ], [ 76.606666666666669, 31.736666666666665 ], [ 76.62, 31.736666666666665 ], [ 76.62, 31.743333333333332 ], [ 76.626666666666665, 31.743333333333332 ], [ 76.626666666666665, 31.77 ], [ 76.623333333333335, 31.77 ], [ 76.623333333333335, 31.78 ], [ 76.62, 31.78 ], [ 76.62, 31.786666666666665 ], [ 76.603333333333339, 31.786666666666665 ], [ 76.603333333333339, 31.776666666666667 ], [ 76.6, 31.776666666666667 ], [ 76.6, 31.793333333333333 ], [ 76.59, 31.793333333333333 ], [ 76.59, 31.8 ], [ 76.583333333333329, 31.8 ], [ 76.583333333333329, 31.803333333333335 ], [ 76.593333333333334, 31.803333333333335 ], [ 76.593333333333334, 31.806666666666665 ], [ 76.596666666666664, 31.806666666666665 ], [ 76.596666666666664, 31.803333333333335 ], [ 76.61666666666666, 31.803333333333335 ], [ 76.61666666666666, 31.816666666666666 ], [ 76.62, 31.816666666666666 ], [ 76.62, 31.82 ], [ 76.623333333333335, 31.82 ], [ 76.623333333333335, 31.856666666666666 ], [ 76.62, 31.856666666666666 ], [ 76.62, 31.866666666666667 ], [ 76.593333333333334, 31.866666666666667 ], [ 76.593333333333334, 31.846666666666668 ], [ 76.596666666666664, 31.846666666666668 ], [ 76.596666666666664, 31.826666666666668 ], [ 76.593333333333334, 31.826666666666668 ], [ 76.593333333333334, 31.83 ], [ 76.576666666666668, 31.83 ], [ 76.576666666666668, 31.813333333333333 ], [ 76.573333333333338, 31.813333333333333 ], [ 76.573333333333338, 31.816666666666666 ], [ 76.566666666666663, 31.816666666666666 ], [ 76.566666666666663, 31.82 ], [ 76.556666666666672, 31.82 ], [ 76.556666666666672, 31.823333333333334 ], [ 76.546666666666667, 31.823333333333334 ], [ 76.546666666666667, 31.833333333333332 ], [ 76.526666666666671, 31.833333333333332 ], [ 76.526666666666671, 31.823333333333334 ], [ 76.523333333333341, 31.823333333333334 ], [ 76.523333333333341, 31.826666666666668 ], [ 76.51, 31.826666666666668 ], [ 76.51, 31.836666666666666 ], [ 76.523333333333341, 31.836666666666666 ], [ 76.523333333333341, 31.843333333333334 ], [ 76.533333333333331, 31.843333333333334 ], [ 76.533333333333331, 31.85 ], [ 76.543333333333337, 31.85 ], [ 76.543333333333337, 31.853333333333332 ], [ 76.546666666666667, 31.853333333333332 ], [ 76.546666666666667, 31.866666666666667 ], [ 76.55, 31.866666666666667 ], [ 76.55, 31.863333333333333 ], [ 76.573333333333338, 31.863333333333333 ], [ 76.573333333333338, 31.87 ], [ 76.58, 31.87 ], [ 76.58, 31.873333333333335 ], [ 76.593333333333334, 31.873333333333335 ], [ 76.593333333333334, 31.876666666666665 ], [ 76.6, 31.876666666666665 ], [ 76.6, 31.88 ], [ 76.61333333333333, 31.88 ], [ 76.61333333333333, 31.876666666666665 ], [ 76.61666666666666, 31.876666666666665 ], [ 76.61666666666666, 31.873333333333335 ], [ 76.626666666666665, 31.873333333333335 ], [ 76.626666666666665, 31.87 ], [ 76.63333333333334, 31.87 ], [ 76.63333333333334, 31.86 ], [ 76.64, 31.86 ], [ 76.64, 31.853333333333332 ], [ 76.67, 31.853333333333332 ], [ 76.67, 31.873333333333335 ], [ 76.653333333333336, 31.873333333333335 ], [ 76.653333333333336, 31.886666666666667 ], [ 76.663333333333327, 31.886666666666667 ], [ 76.663333333333327, 31.91 ], [ 76.653333333333336, 31.91 ], [ 76.653333333333336, 31.913333333333334 ], [ 76.646666666666661, 31.913333333333334 ], [ 76.646666666666661, 31.916666666666668 ], [ 76.626666666666665, 31.916666666666668 ], [ 76.626666666666665, 31.913333333333334 ], [ 76.61, 31.913333333333334 ], [ 76.61, 31.903333333333332 ], [ 76.606666666666669, 31.903333333333332 ], [ 76.606666666666669, 31.906666666666666 ], [ 76.593333333333334, 31.906666666666666 ], [ 76.593333333333334, 31.913333333333334 ], [ 76.576666666666668, 31.913333333333334 ], [ 76.576666666666668, 31.923333333333332 ], [ 76.56, 31.923333333333332 ], [ 76.56, 31.906666666666666 ], [ 76.553333333333327, 31.906666666666666 ], [ 76.553333333333327, 31.92 ], [ 76.536666666666662, 31.92 ], [ 76.536666666666662, 31.933333333333334 ], [ 76.53, 31.933333333333334 ], [ 76.53, 31.95 ], [ 76.513333333333335, 31.95 ], [ 76.513333333333335, 31.94 ], [ 76.51, 31.94 ], [ 76.51, 31.943333333333335 ], [ 76.506666666666661, 31.943333333333335 ], [ 76.506666666666661, 31.946666666666665 ], [ 76.51, 31.946666666666665 ], [ 76.51, 31.963333333333331 ], [ 76.49, 31.963333333333331 ], [ 76.49, 31.966666666666665 ], [ 76.506666666666661, 31.966666666666665 ], [ 76.506666666666661, 31.993333333333332 ], [ 76.493333333333339, 31.993333333333332 ], [ 76.493333333333339, 31.996666666666666 ], [ 76.5, 31.996666666666666 ], [ 76.5, 32.01 ], [ 76.506666666666661, 32.01 ], [ 76.506666666666661, 32.006666666666668 ], [ 76.51, 32.006666666666668 ], [ 76.51, 31.993333333333332 ], [ 76.516666666666666, 31.993333333333332 ], [ 76.516666666666666, 31.99 ], [ 76.533333333333331, 31.99 ], [ 76.533333333333331, 32.00333333333333 ], [ 76.536666666666662, 32.00333333333333 ], [ 76.536666666666662, 32.016666666666666 ], [ 76.54, 32.016666666666666 ], [ 76.54, 32.006666666666668 ], [ 76.543333333333337, 32.006666666666668 ], [ 76.543333333333337, 32.0 ], [ 76.553333333333327, 32.0 ], [ 76.553333333333327, 31.996666666666666 ], [ 76.55, 31.996666666666666 ], [ 76.55, 31.98 ], [ 76.553333333333327, 31.98 ], [ 76.553333333333327, 31.973333333333333 ], [ 76.57, 31.973333333333333 ], [ 76.57, 31.983333333333334 ], [ 76.573333333333338, 31.983333333333334 ], [ 76.573333333333338, 31.986666666666665 ], [ 76.576666666666668, 31.986666666666665 ], [ 76.576666666666668, 32.013333333333335 ], [ 76.573333333333338, 32.013333333333335 ], [ 76.573333333333338, 32.016666666666666 ], [ 76.56, 32.016666666666666 ], [ 76.56, 32.023333333333333 ], [ 76.556666666666672, 32.023333333333333 ], [ 76.556666666666672, 32.03 ], [ 76.56, 32.03 ], [ 76.56, 32.036666666666669 ], [ 76.576666666666668, 32.036666666666669 ], [ 76.576666666666668, 32.026666666666664 ], [ 76.583333333333329, 32.026666666666664 ], [ 76.583333333333329, 32.023333333333333 ], [ 76.59, 32.023333333333333 ], [ 76.59, 32.02 ], [ 76.596666666666664, 32.02 ], [ 76.596666666666664, 32.016666666666666 ], [ 76.603333333333339, 32.016666666666666 ], [ 76.603333333333339, 32.013333333333335 ], [ 76.606666666666669, 32.013333333333335 ], [ 76.606666666666669, 32.01 ], [ 76.61333333333333, 32.01 ], [ 76.61333333333333, 32.006666666666668 ], [ 76.61666666666666, 32.006666666666668 ], [ 76.61666666666666, 32.0 ], [ 76.63666666666667, 32.0 ], [ 76.63666666666667, 31.986666666666665 ], [ 76.643333333333331, 31.986666666666665 ], [ 76.643333333333331, 31.983333333333334 ], [ 76.66, 31.983333333333334 ], [ 76.66, 31.97 ], [ 76.68, 31.97 ], [ 76.68, 31.973333333333333 ], [ 76.696666666666673, 31.973333333333333 ], [ 76.696666666666673, 31.99 ], [ 76.683333333333337, 31.99 ], [ 76.683333333333337, 32.013333333333335 ], [ 76.676666666666662, 32.013333333333335 ], [ 76.676666666666662, 32.02 ], [ 76.673333333333332, 32.02 ], [ 76.673333333333332, 32.023333333333333 ], [ 76.67, 32.023333333333333 ], [ 76.67, 32.026666666666664 ], [ 76.653333333333336, 32.026666666666664 ], [ 76.653333333333336, 32.03 ], [ 76.656666666666666, 32.03 ], [ 76.656666666666666, 32.06 ], [ 76.643333333333331, 32.06 ], [ 76.643333333333331, 32.063333333333333 ], [ 76.64, 32.063333333333333 ], [ 76.64, 32.07 ], [ 76.63, 32.07 ], [ 76.63, 32.076666666666668 ], [ 76.61333333333333, 32.076666666666668 ], [ 76.61333333333333, 32.083333333333336 ], [ 76.6, 32.083333333333336 ], [ 76.6, 32.086666666666666 ], [ 76.596666666666664, 32.086666666666666 ], [ 76.596666666666664, 32.09 ], [ 76.593333333333334, 32.09 ], [ 76.593333333333334, 32.11 ], [ 76.59, 32.11 ], [ 76.59, 32.116666666666667 ], [ 76.583333333333329, 32.116666666666667 ], [ 76.583333333333329, 32.12 ], [ 76.576666666666668, 32.12 ], [ 76.576666666666668, 32.123333333333335 ], [ 76.55, 32.123333333333335 ], [ 76.55, 32.126666666666665 ], [ 76.51, 32.126666666666665 ], [ 76.51, 32.12 ], [ 76.506666666666661, 32.12 ], [ 76.506666666666661, 32.116666666666667 ], [ 76.50333333333333, 32.116666666666667 ], [ 76.50333333333333, 32.12 ], [ 76.5, 32.12 ], [ 76.5, 32.123333333333335 ], [ 76.493333333333339, 32.123333333333335 ], [ 76.493333333333339, 32.13 ], [ 76.486666666666665, 32.13 ], [ 76.486666666666665, 32.136666666666663 ], [ 76.483333333333334, 32.136666666666663 ], [ 76.483333333333334, 32.153333333333336 ], [ 76.46, 32.153333333333336 ], [ 76.46, 32.163333333333334 ], [ 76.443333333333328, 32.163333333333334 ], [ 76.443333333333328, 32.16 ], [ 76.433333333333337, 32.16 ], [ 76.433333333333337, 32.143333333333331 ], [ 76.436666666666667, 32.143333333333331 ], [ 76.436666666666667, 32.13 ], [ 76.443333333333328, 32.13 ], [ 76.443333333333328, 32.123333333333335 ], [ 76.446666666666673, 32.123333333333335 ], [ 76.446666666666673, 32.12 ], [ 76.45, 32.12 ], [ 76.45, 32.11 ], [ 76.453333333333333, 32.11 ], [ 76.453333333333333, 32.096666666666664 ], [ 76.456666666666663, 32.096666666666664 ], [ 76.456666666666663, 32.093333333333334 ], [ 76.46, 32.093333333333334 ], [ 76.46, 32.09 ], [ 76.453333333333333, 32.09 ], [ 76.453333333333333, 32.093333333333334 ], [ 76.45, 32.093333333333334 ], [ 76.45, 32.1 ], [ 76.446666666666673, 32.1 ], [ 76.446666666666673, 32.103333333333332 ], [ 76.443333333333328, 32.103333333333332 ], [ 76.443333333333328, 32.106666666666669 ], [ 76.433333333333337, 32.106666666666669 ], [ 76.433333333333337, 32.123333333333335 ], [ 76.43, 32.123333333333335 ], [ 76.43, 32.153333333333336 ], [ 76.423333333333332, 32.153333333333336 ], [ 76.423333333333332, 32.156666666666666 ], [ 76.42, 32.156666666666666 ], [ 76.42, 32.163333333333334 ], [ 76.416666666666671, 32.163333333333334 ], [ 76.416666666666671, 32.166666666666664 ], [ 76.406666666666666, 32.166666666666664 ], [ 76.406666666666666, 32.17 ], [ 76.403333333333336, 32.17 ], [ 76.403333333333336, 32.18 ], [ 76.4, 32.18 ], [ 76.4, 32.18333333333333 ], [ 76.396666666666661, 32.18333333333333 ], [ 76.396666666666661, 32.186666666666667 ], [ 76.39, 32.186666666666667 ], [ 76.39, 32.193333333333335 ], [ 76.38333333333334, 32.193333333333335 ], [ 76.38333333333334, 32.196666666666665 ], [ 76.376666666666665, 32.196666666666665 ], [ 76.376666666666665, 32.2 ], [ 76.373333333333335, 32.2 ], [ 76.373333333333335, 32.206666666666663 ], [ 76.36666666666666, 32.206666666666663 ], [ 76.36666666666666, 32.213333333333331 ], [ 76.316666666666663, 32.213333333333331 ], [ 76.316666666666663, 32.206666666666663 ], [ 76.313333333333333, 32.206666666666663 ], [ 76.313333333333333, 32.2 ], [ 76.31, 32.2 ], [ 76.31, 32.193333333333335 ], [ 76.306666666666672, 32.193333333333335 ], [ 76.306666666666672, 32.173333333333332 ], [ 76.303333333333327, 32.173333333333332 ], [ 76.303333333333327, 32.17 ], [ 76.296666666666667, 32.17 ], [ 76.296666666666667, 32.166666666666664 ], [ 76.293333333333337, 32.166666666666664 ], [ 76.293333333333337, 32.17 ], [ 76.286666666666662, 32.17 ], [ 76.286666666666662, 32.176666666666669 ], [ 76.276666666666671, 32.176666666666669 ], [ 76.276666666666671, 32.18 ], [ 76.283333333333331, 32.18 ], [ 76.283333333333331, 32.186666666666667 ], [ 76.29, 32.186666666666667 ], [ 76.29, 32.19 ], [ 76.293333333333337, 32.19 ], [ 76.293333333333337, 32.213333333333331 ], [ 76.24666666666667, 32.213333333333331 ], [ 76.24666666666667, 32.22 ], [ 76.233333333333334, 32.22 ], [ 76.233333333333334, 32.223333333333336 ], [ 76.213333333333338, 32.223333333333336 ], [ 76.213333333333338, 32.23 ], [ 76.18, 32.23 ], [ 76.18, 32.233333333333334 ], [ 76.176666666666662, 32.233333333333334 ], [ 76.176666666666662, 32.236666666666665 ], [ 76.146666666666661, 32.236666666666665 ], [ 76.146666666666661, 32.233333333333334 ], [ 76.143333333333331, 32.233333333333334 ], [ 76.143333333333331, 32.23 ], [ 76.14, 32.23 ], [ 76.14, 32.223333333333336 ], [ 76.13333333333334, 32.223333333333336 ], [ 76.13333333333334, 32.226666666666667 ], [ 76.123333333333335, 32.226666666666667 ], [ 76.123333333333335, 32.233333333333334 ], [ 76.106666666666669, 32.233333333333334 ], [ 76.106666666666669, 32.223333333333336 ], [ 76.1, 32.223333333333336 ], [ 76.1, 32.243333333333332 ], [ 76.096666666666664, 32.243333333333332 ], [ 76.096666666666664, 32.24666666666667 ], [ 76.09, 32.24666666666667 ], [ 76.09, 32.25 ], [ 76.083333333333329, 32.25 ], [ 76.083333333333329, 32.25333333333333 ], [ 76.08, 32.25333333333333 ], [ 76.08, 32.256666666666668 ], [ 76.073333333333338, 32.256666666666668 ], [ 76.073333333333338, 32.26 ], [ 76.056666666666672, 32.26 ], [ 76.056666666666672, 32.233333333333334 ], [ 76.08, 32.233333333333334 ], [ 76.08, 32.23 ], [ 76.056666666666672, 32.23 ], [ 76.056666666666672, 32.22 ], [ 76.053333333333327, 32.22 ], [ 76.053333333333327, 32.216666666666669 ], [ 76.046666666666667, 32.216666666666669 ], [ 76.046666666666667, 32.213333333333331 ], [ 76.043333333333337, 32.213333333333331 ], [ 76.043333333333337, 32.226666666666667 ], [ 76.05, 32.226666666666667 ], [ 76.05, 32.243333333333332 ], [ 76.023333333333341, 32.243333333333332 ], [ 76.023333333333341, 32.24666666666667 ], [ 76.02, 32.24666666666667 ], [ 76.02, 32.25 ], [ 76.016666666666666, 32.25 ], [ 76.016666666666666, 32.256666666666668 ], [ 76.02, 32.256666666666668 ], [ 76.02, 32.273333333333333 ], [ 76.01, 32.273333333333333 ], [ 76.01, 32.276666666666664 ], [ 76.006666666666661, 32.276666666666664 ], [ 76.006666666666661, 32.283333333333331 ], [ 76.0, 32.283333333333331 ], [ 76.0, 32.296666666666667 ], [ 75.99666666666667, 32.296666666666667 ], [ 75.99666666666667, 32.3 ], [ 75.993333333333339, 32.3 ], [ 75.993333333333339, 32.303333333333335 ], [ 75.99, 32.303333333333335 ], [ 75.99, 32.306666666666665 ], [ 75.98, 32.306666666666665 ], [ 75.98, 32.32 ], [ 75.97, 32.32 ], [ 75.97, 32.33 ], [ 75.966666666666669, 32.33 ], [ 75.966666666666669, 32.336666666666666 ], [ 75.963333333333338, 32.336666666666666 ], [ 75.963333333333338, 32.34 ], [ 75.96, 32.34 ], [ 75.96, 32.35 ], [ 75.956666666666663, 32.35 ], [ 75.956666666666663, 32.356666666666669 ], [ 75.953333333333333, 32.356666666666669 ], [ 75.953333333333333, 32.36 ], [ 75.95, 32.36 ], [ 75.95, 32.37 ], [ 75.943333333333328, 32.37 ], [ 75.943333333333328, 32.38666666666667 ], [ 75.923333333333332, 32.38666666666667 ], [ 75.923333333333332, 32.39 ], [ 75.916666666666671, 32.39 ], [ 75.916666666666671, 32.396666666666668 ], [ 75.9, 32.396666666666668 ], [ 75.9, 32.4 ], [ 75.913333333333327, 32.4 ], [ 75.913333333333327, 32.416666666666664 ], [ 75.91, 32.416666666666664 ], [ 75.91, 32.42 ], [ 75.906666666666666, 32.42 ], [ 75.906666666666666, 32.426666666666669 ], [ 75.9, 32.426666666666669 ], [ 75.9, 32.44 ], [ 75.896666666666661, 32.44 ], [ 75.896666666666661, 32.443333333333335 ], [ 75.893333333333331, 32.443333333333335 ], [ 75.893333333333331, 32.446666666666665 ], [ 75.89, 32.446666666666665 ], [ 75.89, 32.453333333333333 ], [ 75.873333333333335, 32.453333333333333 ], [ 75.873333333333335, 32.44 ], [ 75.87, 32.44 ], [ 75.87, 32.45 ], [ 75.86, 32.45 ], [ 75.86, 32.456666666666663 ], [ 75.856666666666669, 32.456666666666663 ], [ 75.856666666666669, 32.466666666666669 ], [ 75.846666666666664, 32.466666666666669 ], [ 75.846666666666664, 32.47 ], [ 75.85, 32.47 ], [ 75.85, 32.49 ], [ 75.846666666666664, 32.49 ], [ 75.846666666666664, 32.493333333333332 ], [ 75.83, 32.493333333333332 ], [ 75.83, 32.49 ], [ 75.826666666666668, 32.49 ], [ 75.826666666666668, 32.49666666666667 ], [ 75.816666666666663, 32.49666666666667 ], [ 75.816666666666663, 32.5 ], [ 75.82, 32.5 ], [ 75.82, 32.516666666666666 ], [ 75.813333333333333, 32.516666666666666 ], [ 75.813333333333333, 32.526666666666664 ], [ 75.81, 32.526666666666664 ], [ 75.81, 32.53 ], [ 75.806666666666672, 32.53 ], [ 75.806666666666672, 32.533333333333331 ], [ 75.8, 32.533333333333331 ], [ 75.8, 32.536666666666669 ], [ 75.763333333333335, 32.536666666666669 ], [ 75.763333333333335, 32.543333333333337 ], [ 75.76, 32.543333333333337 ], [ 75.76, 32.553333333333335 ], [ 75.74, 32.553333333333335 ], [ 75.74, 32.546666666666667 ], [ 75.73, 32.546666666666667 ], [ 75.73, 32.533333333333331 ], [ 75.726666666666674, 32.533333333333331 ], [ 75.726666666666674, 32.54 ], [ 75.696666666666673, 32.54 ], [ 75.696666666666673, 32.536666666666669 ], [ 75.693333333333328, 32.536666666666669 ], [ 75.693333333333328, 32.553333333333335 ], [ 75.683333333333337, 32.553333333333335 ], [ 75.683333333333337, 32.56 ], [ 75.666666666666671, 32.56 ], [ 75.666666666666671, 32.546666666666667 ], [ 75.663333333333327, 32.546666666666667 ], [ 75.663333333333327, 32.553333333333335 ], [ 75.66, 32.553333333333335 ], [ 75.66, 32.58 ], [ 75.643333333333331, 32.58 ], [ 75.643333333333331, 32.576666666666668 ], [ 75.64, 32.576666666666668 ], [ 75.64, 32.58 ], [ 75.63666666666667, 32.58 ], [ 75.63666666666667, 32.586666666666666 ], [ 75.62, 32.586666666666666 ], [ 75.62, 32.59 ], [ 75.61333333333333, 32.59 ], [ 75.61333333333333, 32.593333333333334 ], [ 75.62, 32.593333333333334 ], [ 75.62, 32.61 ], [ 75.606666666666669, 32.61 ], [ 75.606666666666669, 32.616666666666667 ], [ 75.59, 32.616666666666667 ], [ 75.59, 32.61 ], [ 75.56, 32.61 ], [ 75.56, 32.61333333333333 ], [ 75.55, 32.61333333333333 ], [ 75.55, 32.623333333333335 ], [ 75.53, 32.623333333333335 ], [ 75.53, 32.62 ], [ 75.526666666666671, 32.62 ], [ 75.526666666666671, 32.63 ], [ 75.52, 32.63 ], [ 75.52, 32.633333333333333 ], [ 75.513333333333335, 32.633333333333333 ], [ 75.513333333333335, 32.63666666666667 ], [ 75.51, 32.63666666666667 ], [ 75.51, 32.64 ], [ 75.483333333333334, 32.64 ], [ 75.483333333333334, 32.653333333333336 ], [ 75.453333333333333, 32.653333333333336 ], [ 75.453333333333333, 32.65 ], [ 75.45, 32.65 ], [ 75.45, 32.653333333333336 ], [ 75.44, 32.653333333333336 ], [ 75.44, 32.656666666666666 ], [ 75.426666666666662, 32.656666666666666 ], [ 75.426666666666662, 32.66 ], [ 75.4, 32.66 ], [ 75.4, 32.656666666666666 ], [ 75.393333333333331, 32.656666666666666 ], [ 75.393333333333331, 32.663333333333334 ], [ 75.38666666666667, 32.663333333333334 ], [ 75.38666666666667, 32.666666666666664 ], [ 75.38, 32.666666666666664 ], [ 75.38, 32.67 ], [ 75.36, 32.67 ], [ 75.36, 32.68 ], [ 75.336666666666673, 32.68 ], [ 75.336666666666673, 32.676666666666669 ], [ 75.333333333333329, 32.676666666666669 ], [ 75.333333333333329, 32.68 ], [ 75.326666666666668, 32.68 ], [ 75.326666666666668, 32.68333333333333 ], [ 75.32, 32.68333333333333 ], [ 75.32, 32.686666666666667 ], [ 75.303333333333327, 32.686666666666667 ], [ 75.303333333333327, 32.69 ], [ 75.29, 32.69 ], [ 75.29, 32.693333333333335 ], [ 75.286666666666662, 32.693333333333335 ], [ 75.286666666666662, 32.696666666666665 ], [ 75.28, 32.696666666666665 ], [ 75.28, 32.7 ], [ 75.276666666666671, 32.7 ], [ 75.276666666666671, 32.703333333333333 ], [ 75.273333333333326, 32.703333333333333 ], [ 75.273333333333326, 32.706666666666663 ], [ 75.256666666666661, 32.706666666666663 ], [ 75.256666666666661, 32.703333333333333 ], [ 75.25333333333333, 32.703333333333333 ], [ 75.25333333333333, 32.7 ], [ 75.25, 32.7 ], [ 75.25, 32.706666666666663 ], [ 75.24666666666667, 32.706666666666663 ], [ 75.24666666666667, 32.71 ], [ 75.243333333333339, 32.71 ], [ 75.243333333333339, 32.713333333333331 ], [ 75.226666666666674, 32.713333333333331 ], [ 75.226666666666674, 32.73 ], [ 75.22, 32.73 ], [ 75.22, 32.733333333333334 ], [ 75.213333333333338, 32.733333333333334 ], [ 75.213333333333338, 32.736666666666665 ], [ 75.203333333333333, 32.736666666666665 ], [ 75.203333333333333, 32.74 ], [ 75.2, 32.74 ], [ 75.2, 32.743333333333332 ], [ 75.193333333333328, 32.743333333333332 ], [ 75.193333333333328, 32.74666666666667 ], [ 75.18, 32.74666666666667 ], [ 75.18, 32.756666666666668 ], [ 75.176666666666662, 32.756666666666668 ], [ 75.176666666666662, 32.76 ], [ 75.173333333333332, 32.76 ], [ 75.173333333333332, 32.763333333333335 ], [ 75.166666666666671, 32.763333333333335 ], [ 75.166666666666671, 32.766666666666666 ], [ 75.163333333333327, 32.766666666666666 ], [ 75.163333333333327, 32.77 ], [ 75.156666666666666, 32.77 ], [ 75.156666666666666, 32.773333333333333 ], [ 75.153333333333336, 32.773333333333333 ], [ 75.153333333333336, 32.783333333333331 ], [ 75.15, 32.783333333333331 ], [ 75.15, 32.786666666666669 ], [ 75.12, 32.786666666666669 ], [ 75.12, 32.796666666666667 ], [ 75.11666666666666, 32.796666666666667 ], [ 75.11666666666666, 32.8 ], [ 75.11333333333333, 32.8 ], [ 75.11333333333333, 32.803333333333335 ], [ 75.106666666666669, 32.803333333333335 ], [ 75.106666666666669, 32.806666666666665 ], [ 75.096666666666664, 32.806666666666665 ], [ 75.096666666666664, 32.816666666666663 ], [ 75.086666666666673, 32.816666666666663 ], [ 75.086666666666673, 32.82 ], [ 75.083333333333329, 32.82 ], [ 75.083333333333329, 32.823333333333331 ], [ 75.076666666666668, 32.823333333333331 ], [ 75.076666666666668, 32.826666666666668 ], [ 75.073333333333338, 32.826666666666668 ], [ 75.073333333333338, 32.83 ], [ 75.063333333333333, 32.83 ], [ 75.063333333333333, 32.836666666666666 ], [ 75.056666666666672, 32.836666666666666 ], [ 75.056666666666672, 32.84 ], [ 75.05, 32.84 ], [ 75.05, 32.843333333333334 ], [ 75.046666666666667, 32.843333333333334 ], [ 75.046666666666667, 32.853333333333332 ], [ 75.04, 32.853333333333332 ], [ 75.04, 32.86 ], [ 75.026666666666671, 32.86 ], [ 75.026666666666671, 32.86333333333333 ], [ 75.023333333333326, 32.86333333333333 ], [ 75.023333333333326, 32.866666666666667 ], [ 75.02, 32.866666666666667 ], [ 75.02, 32.876666666666665 ], [ 75.00333333333333, 32.876666666666665 ] ], [ [ 75.11, 32.78 ], [ 75.11333333333333, 32.78 ], [ 75.11333333333333, 32.776666666666664 ], [ 75.11, 32.776666666666664 ], [ 75.11, 32.78 ] ], [ [ 75.026666666666671, 32.726666666666667 ], [ 75.03, 32.726666666666667 ], [ 75.03, 32.723333333333336 ], [ 75.026666666666671, 32.723333333333336 ], [ 75.026666666666671, 32.726666666666667 ] ], [ [ 75.196666666666673, 32.72 ], [ 75.2, 32.72 ], [ 75.2, 32.716666666666669 ], [ 75.196666666666673, 32.716666666666669 ], [ 75.196666666666673, 32.72 ] ], [ [ 75.226666666666674, 32.68 ], [ 75.233333333333334, 32.68 ], [ 75.233333333333334, 32.676666666666669 ], [ 75.226666666666674, 32.676666666666669 ], [ 75.226666666666674, 32.68 ] ], [ [ 75.233333333333334, 32.676666666666669 ], [ 75.236666666666665, 32.676666666666669 ], [ 75.236666666666665, 32.673333333333332 ], [ 75.233333333333334, 32.673333333333332 ], [ 75.233333333333334, 32.676666666666669 ] ], [ [ 75.24, 32.673333333333332 ], [ 75.243333333333339, 32.673333333333332 ], [ 75.243333333333339, 32.66 ], [ 75.25, 32.66 ], [ 75.25, 32.656666666666666 ], [ 75.256666666666661, 32.656666666666666 ], [ 75.256666666666661, 32.653333333333336 ], [ 75.276666666666671, 32.653333333333336 ], [ 75.276666666666671, 32.65 ], [ 75.283333333333331, 32.65 ], [ 75.283333333333331, 32.646666666666668 ], [ 75.296666666666667, 32.646666666666668 ], [ 75.296666666666667, 32.643333333333331 ], [ 75.303333333333327, 32.643333333333331 ], [ 75.303333333333327, 32.64 ], [ 75.316666666666663, 32.64 ], [ 75.316666666666663, 32.63666666666667 ], [ 75.326666666666668, 32.63666666666667 ], [ 75.326666666666668, 32.633333333333333 ], [ 75.346666666666664, 32.633333333333333 ], [ 75.346666666666664, 32.63666666666667 ], [ 75.35, 32.63666666666667 ], [ 75.35, 32.63 ], [ 75.36333333333333, 32.63 ], [ 75.36333333333333, 32.61333333333333 ], [ 75.38666666666667, 32.61333333333333 ], [ 75.38666666666667, 32.616666666666667 ], [ 75.39, 32.616666666666667 ], [ 75.39, 32.61333333333333 ], [ 75.406666666666666, 32.61333333333333 ], [ 75.406666666666666, 32.626666666666665 ], [ 75.41, 32.626666666666665 ], [ 75.41, 32.616666666666667 ], [ 75.416666666666671, 32.616666666666667 ], [ 75.416666666666671, 32.61333333333333 ], [ 75.423333333333332, 32.61333333333333 ], [ 75.423333333333332, 32.596666666666664 ], [ 75.43, 32.596666666666664 ], [ 75.43, 32.593333333333334 ], [ 75.45, 32.593333333333334 ], [ 75.45, 32.59 ], [ 75.466666666666669, 32.59 ], [ 75.466666666666669, 32.6 ], [ 75.47, 32.6 ], [ 75.47, 32.583333333333336 ], [ 75.473333333333329, 32.583333333333336 ], [ 75.473333333333329, 32.576666666666668 ], [ 75.49, 32.576666666666668 ], [ 75.49, 32.566666666666663 ], [ 75.506666666666661, 32.566666666666663 ], [ 75.506666666666661, 32.573333333333331 ], [ 75.516666666666666, 32.573333333333331 ], [ 75.516666666666666, 32.583333333333336 ], [ 75.53, 32.583333333333336 ], [ 75.53, 32.556666666666665 ], [ 75.533333333333331, 32.556666666666665 ], [ 75.533333333333331, 32.553333333333335 ], [ 75.546666666666667, 32.553333333333335 ], [ 75.546666666666667, 32.55 ], [ 75.563333333333333, 32.55 ], [ 75.563333333333333, 32.543333333333337 ], [ 75.57, 32.543333333333337 ], [ 75.57, 32.54 ], [ 75.576666666666668, 32.54 ], [ 75.576666666666668, 32.536666666666669 ], [ 75.59, 32.536666666666669 ], [ 75.59, 32.533333333333331 ], [ 75.61, 32.533333333333331 ], [ 75.61, 32.536666666666669 ], [ 75.61333333333333, 32.536666666666669 ], [ 75.61333333333333, 32.53 ], [ 75.63666666666667, 32.53 ], [ 75.63666666666667, 32.526666666666664 ], [ 75.64, 32.526666666666664 ], [ 75.64, 32.516666666666666 ], [ 75.656666666666666, 32.516666666666666 ], [ 75.656666666666666, 32.52 ], [ 75.663333333333327, 32.52 ], [ 75.663333333333327, 32.506666666666668 ], [ 75.673333333333332, 32.506666666666668 ], [ 75.673333333333332, 32.5 ], [ 75.676666666666662, 32.5 ], [ 75.676666666666662, 32.49666666666667 ], [ 75.7, 32.49666666666667 ], [ 75.7, 32.493333333333332 ], [ 75.686666666666667, 32.493333333333332 ], [ 75.686666666666667, 32.476666666666667 ], [ 75.71, 32.476666666666667 ], [ 75.71, 32.473333333333336 ], [ 75.716666666666669, 32.473333333333336 ], [ 75.716666666666669, 32.46 ], [ 75.72, 32.46 ], [ 75.72, 32.456666666666663 ], [ 75.726666666666674, 32.456666666666663 ], [ 75.726666666666674, 32.446666666666665 ], [ 75.743333333333339, 32.446666666666665 ], [ 75.743333333333339, 32.45 ], [ 75.773333333333341, 32.45 ], [ 75.773333333333341, 32.446666666666665 ], [ 75.76, 32.446666666666665 ], [ 75.76, 32.43 ], [ 75.763333333333335, 32.43 ], [ 75.763333333333335, 32.426666666666669 ], [ 75.766666666666666, 32.426666666666669 ], [ 75.766666666666666, 32.423333333333332 ], [ 75.77, 32.423333333333332 ], [ 75.77, 32.42 ], [ 75.78, 32.42 ], [ 75.78, 32.416666666666664 ], [ 75.793333333333337, 32.416666666666664 ], [ 75.793333333333337, 32.41 ], [ 75.766666666666666, 32.41 ], [ 75.766666666666666, 32.416666666666664 ], [ 75.75, 32.416666666666664 ], [ 75.75, 32.42 ], [ 75.74666666666667, 32.42 ], [ 75.74666666666667, 32.423333333333332 ], [ 75.713333333333338, 32.423333333333332 ], [ 75.713333333333338, 32.44 ], [ 75.706666666666663, 32.44 ], [ 75.706666666666663, 32.443333333333335 ], [ 75.703333333333333, 32.443333333333335 ], [ 75.703333333333333, 32.45 ], [ 75.7, 32.45 ], [ 75.7, 32.453333333333333 ], [ 75.693333333333328, 32.453333333333333 ], [ 75.693333333333328, 32.456666666666663 ], [ 75.67, 32.456666666666663 ], [ 75.67, 32.453333333333333 ], [ 75.666666666666671, 32.453333333333333 ], [ 75.666666666666671, 32.466666666666669 ], [ 75.65, 32.466666666666669 ], [ 75.65, 32.473333333333336 ], [ 75.63, 32.473333333333336 ], [ 75.63, 32.48 ], [ 75.61333333333333, 32.48 ], [ 75.61333333333333, 32.476666666666667 ], [ 75.61, 32.476666666666667 ], [ 75.61, 32.48 ], [ 75.593333333333334, 32.48 ], [ 75.593333333333334, 32.486666666666665 ], [ 75.576666666666668, 32.486666666666665 ], [ 75.576666666666668, 32.50333333333333 ], [ 75.57, 32.50333333333333 ], [ 75.57, 32.506666666666668 ], [ 75.563333333333333, 32.506666666666668 ], [ 75.563333333333333, 32.51 ], [ 75.556666666666672, 32.51 ], [ 75.556666666666672, 32.513333333333335 ], [ 75.546666666666667, 32.513333333333335 ], [ 75.546666666666667, 32.52 ], [ 75.536666666666662, 32.52 ], [ 75.536666666666662, 32.523333333333333 ], [ 75.53, 32.523333333333333 ], [ 75.53, 32.526666666666664 ], [ 75.516666666666666, 32.526666666666664 ], [ 75.516666666666666, 32.53 ], [ 75.51, 32.53 ], [ 75.51, 32.533333333333331 ], [ 75.486666666666665, 32.533333333333331 ], [ 75.486666666666665, 32.546666666666667 ], [ 75.47, 32.546666666666667 ], [ 75.47, 32.543333333333337 ], [ 75.466666666666669, 32.543333333333337 ], [ 75.466666666666669, 32.553333333333335 ], [ 75.453333333333333, 32.553333333333335 ], [ 75.453333333333333, 32.56 ], [ 75.44, 32.56 ], [ 75.44, 32.563333333333333 ], [ 75.42, 32.563333333333333 ], [ 75.42, 32.566666666666663 ], [ 75.416666666666671, 32.566666666666663 ], [ 75.416666666666671, 32.57 ], [ 75.406666666666666, 32.57 ], [ 75.406666666666666, 32.576666666666668 ], [ 75.39, 32.576666666666668 ], [ 75.39, 32.573333333333331 ], [ 75.38666666666667, 32.573333333333331 ], [ 75.38666666666667, 32.59 ], [ 75.37, 32.59 ], [ 75.37, 32.586666666666666 ], [ 75.36666666666666, 32.586666666666666 ], [ 75.36666666666666, 32.57 ], [ 75.373333333333335, 32.57 ], [ 75.373333333333335, 32.563333333333333 ], [ 75.356666666666669, 32.563333333333333 ], [ 75.356666666666669, 32.553333333333335 ], [ 75.353333333333339, 32.553333333333335 ], [ 75.353333333333339, 32.556666666666665 ], [ 75.35, 32.556666666666665 ], [ 75.35, 32.56 ], [ 75.34, 32.56 ], [ 75.34, 32.563333333333333 ], [ 75.333333333333329, 32.563333333333333 ], [ 75.333333333333329, 32.566666666666663 ], [ 75.326666666666668, 32.566666666666663 ], [ 75.326666666666668, 32.57 ], [ 75.316666666666663, 32.57 ], [ 75.316666666666663, 32.573333333333331 ], [ 75.306666666666672, 32.573333333333331 ], [ 75.306666666666672, 32.59 ], [ 75.3, 32.59 ], [ 75.3, 32.593333333333334 ], [ 75.286666666666662, 32.593333333333334 ], [ 75.286666666666662, 32.6 ], [ 75.263333333333335, 32.6 ], [ 75.263333333333335, 32.603333333333332 ], [ 75.25333333333333, 32.603333333333332 ], [ 75.25333333333333, 32.606666666666669 ], [ 75.243333333333339, 32.606666666666669 ], [ 75.243333333333339, 32.61 ], [ 75.24666666666667, 32.61 ], [ 75.24666666666667, 32.626666666666665 ], [ 75.226666666666674, 32.626666666666665 ], [ 75.226666666666674, 32.616666666666667 ], [ 75.21, 32.616666666666667 ], [ 75.21, 32.626666666666665 ], [ 75.186666666666667, 32.626666666666665 ], [ 75.186666666666667, 32.63 ], [ 75.19, 32.63 ], [ 75.19, 32.65 ], [ 75.183333333333337, 32.65 ], [ 75.183333333333337, 32.653333333333336 ], [ 75.193333333333328, 32.653333333333336 ], [ 75.193333333333328, 32.63666666666667 ], [ 75.21, 32.63666666666667 ], [ 75.21, 32.653333333333336 ], [ 75.223333333333329, 32.653333333333336 ], [ 75.223333333333329, 32.65 ], [ 75.24, 32.65 ], [ 75.24, 32.673333333333332 ] ], [ [ 75.353333333333339, 32.663333333333334 ], [ 75.356666666666669, 32.663333333333334 ], [ 75.356666666666669, 32.656666666666666 ], [ 75.353333333333339, 32.656666666666666 ], [ 75.353333333333339, 32.663333333333334 ] ], [ [ 75.13666666666667, 32.653333333333336 ], [ 75.143333333333331, 32.653333333333336 ], [ 75.143333333333331, 32.65 ], [ 75.13666666666667, 32.65 ], [ 75.13666666666667, 32.653333333333336 ] ], [ [ 75.153333333333336, 32.65 ], [ 75.16, 32.65 ], [ 75.16, 32.64 ], [ 75.156666666666666, 32.64 ], [ 75.156666666666666, 32.646666666666668 ], [ 75.153333333333336, 32.646666666666668 ], [ 75.153333333333336, 32.65 ] ], [ [ 75.166666666666671, 32.64 ], [ 75.17, 32.64 ], [ 75.17, 32.63666666666667 ], [ 75.166666666666671, 32.63666666666667 ], [ 75.166666666666671, 32.64 ] ], [ [ 75.093333333333334, 32.573333333333331 ], [ 75.096666666666664, 32.573333333333331 ], [ 75.096666666666664, 32.57 ], [ 75.093333333333334, 32.57 ], [ 75.093333333333334, 32.573333333333331 ] ], [ [ 75.183333333333337, 32.57 ], [ 75.19, 32.57 ], [ 75.19, 32.566666666666663 ], [ 75.183333333333337, 32.566666666666663 ], [ 75.183333333333337, 32.57 ] ], [ [ 75.206666666666663, 32.566666666666663 ], [ 75.21, 32.566666666666663 ], [ 75.21, 32.563333333333333 ], [ 75.206666666666663, 32.563333333333333 ], [ 75.206666666666663, 32.566666666666663 ] ], [ [ 75.563333333333333, 32.563333333333333 ], [ 75.57, 32.563333333333333 ], [ 75.57, 32.56 ], [ 75.563333333333333, 32.56 ], [ 75.563333333333333, 32.563333333333333 ] ], [ [ 75.58, 32.56 ], [ 75.583333333333329, 32.56 ], [ 75.583333333333329, 32.556666666666665 ], [ 75.58, 32.556666666666665 ], [ 75.58, 32.56 ] ], [ [ 75.376666666666665, 32.55 ], [ 75.38333333333334, 32.55 ], [ 75.38333333333334, 32.546666666666667 ], [ 75.376666666666665, 32.546666666666667 ], [ 75.376666666666665, 32.55 ] ], [ [ 75.483333333333334, 32.523333333333333 ], [ 75.486666666666665, 32.523333333333333 ], [ 75.486666666666665, 32.506666666666668 ], [ 75.473333333333329, 32.506666666666668 ], [ 75.473333333333329, 32.516666666666666 ], [ 75.483333333333334, 32.516666666666666 ], [ 75.483333333333334, 32.523333333333333 ] ], [ [ 75.37, 32.506666666666668 ], [ 75.373333333333335, 32.506666666666668 ], [ 75.373333333333335, 32.50333333333333 ], [ 75.37, 32.50333333333333 ], [ 75.37, 32.506666666666668 ] ], [ [ 75.46, 32.506666666666668 ], [ 75.47, 32.506666666666668 ], [ 75.47, 32.493333333333332 ], [ 75.463333333333338, 32.493333333333332 ], [ 75.463333333333338, 32.49666666666667 ], [ 75.45, 32.49666666666667 ], [ 75.45, 32.5 ], [ 75.453333333333333, 32.5 ], [ 75.453333333333333, 32.50333333333333 ], [ 75.46, 32.50333333333333 ], [ 75.46, 32.506666666666668 ] ], [ [ 75.523333333333326, 32.506666666666668 ], [ 75.526666666666671, 32.506666666666668 ], [ 75.526666666666671, 32.49666666666667 ], [ 75.533333333333331, 32.49666666666667 ], [ 75.533333333333331, 32.493333333333332 ], [ 75.51, 32.493333333333332 ], [ 75.51, 32.476666666666667 ], [ 75.50333333333333, 32.476666666666667 ], [ 75.50333333333333, 32.47 ], [ 75.5, 32.47 ], [ 75.5, 32.483333333333334 ], [ 75.486666666666665, 32.483333333333334 ], [ 75.486666666666665, 32.486666666666665 ], [ 75.493333333333339, 32.486666666666665 ], [ 75.493333333333339, 32.49 ], [ 75.5, 32.49 ], [ 75.5, 32.49666666666667 ], [ 75.513333333333335, 32.49666666666667 ], [ 75.513333333333335, 32.50333333333333 ], [ 75.523333333333326, 32.50333333333333 ], [ 75.523333333333326, 32.506666666666668 ] ], [ [ 75.39, 32.50333333333333 ], [ 75.393333333333331, 32.50333333333333 ], [ 75.393333333333331, 32.49666666666667 ], [ 75.38333333333334, 32.49666666666667 ], [ 75.38333333333334, 32.493333333333332 ], [ 75.38, 32.493333333333332 ], [ 75.38, 32.49 ], [ 75.376666666666665, 32.49 ], [ 75.376666666666665, 32.5 ], [ 75.39, 32.5 ], [ 75.39, 32.50333333333333 ] ], [ [ 75.4, 32.49666666666667 ], [ 75.403333333333336, 32.49666666666667 ], [ 75.403333333333336, 32.493333333333332 ], [ 75.4, 32.493333333333332 ], [ 75.4, 32.49666666666667 ] ], [ [ 75.406666666666666, 32.493333333333332 ], [ 75.41, 32.493333333333332 ], [ 75.41, 32.49 ], [ 75.406666666666666, 32.49 ], [ 75.406666666666666, 32.493333333333332 ] ], [ [ 75.41, 32.486666666666665 ], [ 75.413333333333327, 32.486666666666665 ], [ 75.413333333333327, 32.483333333333334 ], [ 75.41, 32.483333333333334 ], [ 75.41, 32.486666666666665 ] ], [ [ 75.563333333333333, 32.486666666666665 ], [ 75.566666666666663, 32.486666666666665 ], [ 75.566666666666663, 32.483333333333334 ], [ 75.563333333333333, 32.483333333333334 ], [ 75.563333333333333, 32.486666666666665 ] ], [ [ 75.54, 32.483333333333334 ], [ 75.543333333333337, 32.483333333333334 ], [ 75.543333333333337, 32.48 ], [ 75.563333333333333, 32.48 ], [ 75.563333333333333, 32.476666666666667 ], [ 75.553333333333327, 32.476666666666667 ], [ 75.553333333333327, 32.446666666666665 ], [ 75.55, 32.446666666666665 ], [ 75.55, 32.45 ], [ 75.54, 32.45 ], [ 75.54, 32.453333333333333 ], [ 75.526666666666671, 32.453333333333333 ], [ 75.526666666666671, 32.456666666666663 ], [ 75.533333333333331, 32.456666666666663 ], [ 75.533333333333331, 32.463333333333331 ], [ 75.54, 32.463333333333331 ], [ 75.54, 32.483333333333334 ] ], [ [ 75.626666666666665, 32.463333333333331 ], [ 75.63, 32.463333333333331 ], [ 75.63, 32.46 ], [ 75.626666666666665, 32.46 ], [ 75.626666666666665, 32.463333333333331 ] ], [ [ 75.82, 32.46 ], [ 75.823333333333338, 32.46 ], [ 75.823333333333338, 32.456666666666663 ], [ 75.82, 32.456666666666663 ], [ 75.82, 32.46 ] ], [ [ 75.506666666666661, 32.456666666666663 ], [ 75.51, 32.456666666666663 ], [ 75.51, 32.453333333333333 ], [ 75.506666666666661, 32.453333333333333 ], [ 75.506666666666661, 32.456666666666663 ] ], [ [ 75.63666666666667, 32.456666666666663 ], [ 75.64, 32.456666666666663 ], [ 75.64, 32.453333333333333 ], [ 75.63666666666667, 32.453333333333333 ], [ 75.63666666666667, 32.456666666666663 ] ], [ [ 75.563333333333333, 32.443333333333335 ], [ 75.566666666666663, 32.443333333333335 ], [ 75.566666666666663, 32.44 ], [ 75.563333333333333, 32.44 ], [ 75.563333333333333, 32.443333333333335 ] ], [ [ 75.61666666666666, 32.436666666666667 ], [ 75.62, 32.436666666666667 ], [ 75.62, 32.43333333333333 ], [ 75.61666666666666, 32.43333333333333 ], [ 75.61666666666666, 32.436666666666667 ] ], [ [ 75.84, 32.43333333333333 ], [ 75.843333333333334, 32.43333333333333 ], [ 75.843333333333334, 32.43 ], [ 75.84, 32.43 ], [ 75.84, 32.43333333333333 ] ], [ [ 75.643333333333331, 32.43 ], [ 75.646666666666661, 32.43 ], [ 75.646666666666661, 32.426666666666669 ], [ 75.643333333333331, 32.426666666666669 ], [ 75.643333333333331, 32.43 ] ], [ [ 75.653333333333336, 32.423333333333332 ], [ 75.656666666666666, 32.423333333333332 ], [ 75.656666666666666, 32.42 ], [ 75.653333333333336, 32.42 ], [ 75.653333333333336, 32.423333333333332 ] ], [ [ 75.703333333333333, 32.423333333333332 ], [ 75.706666666666663, 32.423333333333332 ], [ 75.706666666666663, 32.416666666666664 ], [ 75.703333333333333, 32.416666666666664 ], [ 75.703333333333333, 32.423333333333332 ] ], [ [ 75.593333333333334, 32.42 ], [ 75.61333333333333, 32.42 ], [ 75.61333333333333, 32.416666666666664 ], [ 75.593333333333334, 32.416666666666664 ], [ 75.593333333333334, 32.42 ] ], [ [ 75.66, 32.42 ], [ 75.663333333333327, 32.42 ], [ 75.663333333333327, 32.416666666666664 ], [ 75.66, 32.416666666666664 ], [ 75.66, 32.42 ] ], [ [ 75.67, 32.416666666666664 ], [ 75.673333333333332, 32.416666666666664 ], [ 75.673333333333332, 32.413333333333334 ], [ 75.67, 32.413333333333334 ], [ 75.67, 32.416666666666664 ] ], [ [ 75.61666666666666, 32.413333333333334 ], [ 75.63333333333334, 32.413333333333334 ], [ 75.63333333333334, 32.403333333333336 ], [ 75.65, 32.403333333333336 ], [ 75.65, 32.4 ], [ 75.62, 32.4 ], [ 75.62, 32.396666666666668 ], [ 75.61666666666666, 32.396666666666668 ], [ 75.61666666666666, 32.413333333333334 ] ], [ [ 75.796666666666667, 32.41 ], [ 75.8, 32.41 ], [ 75.8, 32.406666666666666 ], [ 75.796666666666667, 32.406666666666666 ], [ 75.796666666666667, 32.41 ] ], [ [ 75.8, 32.406666666666666 ], [ 75.806666666666672, 32.406666666666666 ], [ 75.806666666666672, 32.4 ], [ 75.8, 32.4 ], [ 75.8, 32.406666666666666 ] ], [ [ 75.88666666666667, 32.403333333333336 ], [ 75.89, 32.403333333333336 ], [ 75.89, 32.4 ], [ 75.88666666666667, 32.4 ], [ 75.88666666666667, 32.403333333333336 ] ], [ [ 75.81, 32.393333333333331 ], [ 75.82, 32.393333333333331 ], [ 75.82, 32.39 ], [ 75.823333333333338, 32.39 ], [ 75.823333333333338, 32.38666666666667 ], [ 75.826666666666668, 32.38666666666667 ], [ 75.826666666666668, 32.383333333333333 ], [ 75.82, 32.383333333333333 ], [ 75.82, 32.38666666666667 ], [ 75.813333333333333, 32.38666666666667 ], [ 75.813333333333333, 32.39 ], [ 75.81, 32.39 ], [ 75.81, 32.393333333333331 ] ], [ [ 75.703333333333333, 32.39 ], [ 75.706666666666663, 32.39 ], [ 75.706666666666663, 32.38666666666667 ], [ 75.703333333333333, 32.38666666666667 ], [ 75.703333333333333, 32.39 ] ], [ [ 75.826666666666668, 32.383333333333333 ], [ 75.83, 32.383333333333333 ], [ 75.83, 32.38 ], [ 75.833333333333329, 32.38 ], [ 75.833333333333329, 32.376666666666665 ], [ 75.843333333333334, 32.376666666666665 ], [ 75.843333333333334, 32.353333333333332 ], [ 75.86, 32.353333333333332 ], [ 75.86, 32.346666666666664 ], [ 75.86333333333333, 32.346666666666664 ], [ 75.86333333333333, 32.316666666666663 ], [ 75.86, 32.316666666666663 ], [ 75.86, 32.323333333333331 ], [ 75.853333333333339, 32.323333333333331 ], [ 75.853333333333339, 32.333333333333336 ], [ 75.85, 32.333333333333336 ], [ 75.85, 32.336666666666666 ], [ 75.846666666666664, 32.336666666666666 ], [ 75.846666666666664, 32.343333333333334 ], [ 75.84, 32.343333333333334 ], [ 75.84, 32.36 ], [ 75.836666666666673, 32.36 ], [ 75.836666666666673, 32.36333333333333 ], [ 75.833333333333329, 32.36333333333333 ], [ 75.833333333333329, 32.366666666666667 ], [ 75.83, 32.366666666666667 ], [ 75.83, 32.37 ], [ 75.826666666666668, 32.37 ], [ 75.826666666666668, 32.383333333333333 ] ], [ [ 75.86333333333333, 32.383333333333333 ], [ 75.86666666666666, 32.383333333333333 ], [ 75.86666666666666, 32.38 ], [ 75.86333333333333, 32.38 ], [ 75.86333333333333, 32.383333333333333 ] ], [ [ 75.713333333333338, 32.356666666666669 ], [ 75.716666666666669, 32.356666666666669 ], [ 75.716666666666669, 32.353333333333332 ], [ 75.713333333333338, 32.353333333333332 ], [ 75.713333333333338, 32.356666666666669 ] ], [ [ 75.793333333333337, 32.353333333333332 ], [ 75.796666666666667, 32.353333333333332 ], [ 75.796666666666667, 32.35 ], [ 75.793333333333337, 32.35 ], [ 75.793333333333337, 32.353333333333332 ] ], [ [ 75.786666666666662, 32.33 ], [ 75.79, 32.33 ], [ 75.79, 32.326666666666668 ], [ 75.786666666666662, 32.326666666666668 ], [ 75.786666666666662, 32.33 ] ], [ [ 75.82, 32.326666666666668 ], [ 75.826666666666668, 32.326666666666668 ], [ 75.826666666666668, 32.323333333333331 ], [ 75.82, 32.323333333333331 ], [ 75.82, 32.326666666666668 ] ], [ [ 75.91, 32.326666666666668 ], [ 75.916666666666671, 32.326666666666668 ], [ 75.916666666666671, 32.32 ], [ 75.913333333333327, 32.32 ], [ 75.913333333333327, 32.323333333333331 ], [ 75.91, 32.323333333333331 ], [ 75.91, 32.326666666666668 ] ], [ [ 75.776666666666671, 32.323333333333331 ], [ 75.78, 32.323333333333331 ], [ 75.78, 32.32 ], [ 75.776666666666671, 32.32 ], [ 75.776666666666671, 32.323333333333331 ] ], [ [ 75.83, 32.323333333333331 ], [ 75.833333333333329, 32.323333333333331 ], [ 75.833333333333329, 32.32 ], [ 75.83, 32.32 ], [ 75.83, 32.323333333333331 ] ], [ [ 75.84, 32.316666666666663 ], [ 75.843333333333334, 32.316666666666663 ], [ 75.843333333333334, 32.313333333333333 ], [ 75.84, 32.313333333333333 ], [ 75.84, 32.316666666666663 ] ], [ [ 75.86333333333333, 32.316666666666663 ], [ 75.86666666666666, 32.316666666666663 ], [ 75.86666666666666, 32.313333333333333 ], [ 75.86333333333333, 32.313333333333333 ], [ 75.86333333333333, 32.316666666666663 ] ], [ [ 75.86666666666666, 32.313333333333333 ], [ 75.88, 32.313333333333333 ], [ 75.88, 32.3 ], [ 75.876666666666665, 32.3 ], [ 75.876666666666665, 32.306666666666665 ], [ 75.87, 32.306666666666665 ], [ 75.87, 32.31 ], [ 75.86666666666666, 32.31 ], [ 75.86666666666666, 32.313333333333333 ] ], [ [ 75.893333333333331, 32.296666666666667 ], [ 75.896666666666661, 32.296666666666667 ], [ 75.896666666666661, 32.293333333333337 ], [ 75.893333333333331, 32.293333333333337 ], [ 75.893333333333331, 32.296666666666667 ] ], [ [ 75.896666666666661, 32.293333333333337 ], [ 75.9, 32.293333333333337 ], [ 75.9, 32.29 ], [ 75.896666666666661, 32.29 ], [ 75.896666666666661, 32.293333333333337 ] ], [ [ 75.973333333333329, 32.286666666666669 ], [ 75.976666666666674, 32.286666666666669 ], [ 75.976666666666674, 32.283333333333331 ], [ 75.973333333333329, 32.283333333333331 ], [ 75.973333333333329, 32.286666666666669 ] ], [ [ 75.976666666666674, 32.283333333333331 ], [ 75.98, 32.283333333333331 ], [ 75.98, 32.28 ], [ 75.976666666666674, 32.28 ], [ 75.976666666666674, 32.283333333333331 ] ], [ [ 75.803333333333327, 32.276666666666664 ], [ 75.806666666666672, 32.276666666666664 ], [ 75.806666666666672, 32.273333333333333 ], [ 75.803333333333327, 32.273333333333333 ], [ 75.803333333333327, 32.276666666666664 ] ], [ [ 75.986666666666665, 32.276666666666664 ], [ 75.99, 32.276666666666664 ], [ 75.99, 32.273333333333333 ], [ 75.986666666666665, 32.273333333333333 ], [ 75.986666666666665, 32.276666666666664 ] ], [ [ 75.94, 32.273333333333333 ], [ 75.943333333333328, 32.273333333333333 ], [ 75.943333333333328, 32.27 ], [ 75.94, 32.27 ], [ 75.94, 32.273333333333333 ] ], [ [ 75.88666666666667, 32.27 ], [ 75.89, 32.27 ], [ 75.89, 32.266666666666666 ], [ 75.88666666666667, 32.266666666666666 ], [ 75.88666666666667, 32.27 ] ], [ [ 75.953333333333333, 32.266666666666666 ], [ 75.956666666666663, 32.266666666666666 ], [ 75.956666666666663, 32.26 ], [ 75.953333333333333, 32.26 ], [ 75.953333333333333, 32.266666666666666 ] ], [ [ 75.956666666666663, 32.26 ], [ 75.96, 32.26 ], [ 75.96, 32.256666666666668 ], [ 75.956666666666663, 32.256666666666668 ], [ 75.956666666666663, 32.26 ] ], [ [ 75.913333333333327, 32.256666666666668 ], [ 75.916666666666671, 32.256666666666668 ], [ 75.916666666666671, 32.25 ], [ 75.92, 32.25 ], [ 75.92, 32.24666666666667 ], [ 75.923333333333332, 32.24666666666667 ], [ 75.923333333333332, 32.243333333333332 ], [ 75.926666666666662, 32.243333333333332 ], [ 75.926666666666662, 32.24 ], [ 75.933333333333337, 32.24 ], [ 75.933333333333337, 32.23 ], [ 75.93, 32.23 ], [ 75.93, 32.233333333333334 ], [ 75.926666666666662, 32.233333333333334 ], [ 75.926666666666662, 32.236666666666665 ], [ 75.923333333333332, 32.236666666666665 ], [ 75.923333333333332, 32.24 ], [ 75.92, 32.24 ], [ 75.92, 32.243333333333332 ], [ 75.913333333333327, 32.243333333333332 ], [ 75.913333333333327, 32.24666666666667 ], [ 75.91, 32.24666666666667 ], [ 75.91, 32.25 ], [ 75.906666666666666, 32.25 ], [ 75.906666666666666, 32.25333333333333 ], [ 75.913333333333327, 32.25333333333333 ], [ 75.913333333333327, 32.256666666666668 ] ], [ [ 75.936666666666667, 32.226666666666667 ], [ 75.94, 32.226666666666667 ], [ 75.94, 32.223333333333336 ], [ 75.936666666666667, 32.223333333333336 ], [ 75.936666666666667, 32.226666666666667 ] ], [ [ 75.94, 32.223333333333336 ], [ 75.946666666666673, 32.223333333333336 ], [ 75.946666666666673, 32.216666666666669 ], [ 75.943333333333328, 32.216666666666669 ], [ 75.943333333333328, 32.22 ], [ 75.94, 32.22 ], [ 75.94, 32.223333333333336 ] ], [ [ 76.086666666666673, 32.22 ], [ 76.09, 32.22 ], [ 76.09, 32.206666666666663 ], [ 76.086666666666673, 32.206666666666663 ], [ 76.086666666666673, 32.22 ] ], [ [ 76.033333333333331, 32.21 ], [ 76.036666666666662, 32.21 ], [ 76.036666666666662, 32.196666666666665 ], [ 76.043333333333337, 32.196666666666665 ], [ 76.043333333333337, 32.186666666666667 ], [ 76.05, 32.186666666666667 ], [ 76.05, 32.173333333333332 ], [ 76.056666666666672, 32.173333333333332 ], [ 76.056666666666672, 32.17 ], [ 76.06, 32.17 ], [ 76.06, 32.166666666666664 ], [ 76.063333333333333, 32.166666666666664 ], [ 76.063333333333333, 32.163333333333334 ], [ 76.066666666666663, 32.163333333333334 ], [ 76.066666666666663, 32.156666666666666 ], [ 76.06, 32.156666666666666 ], [ 76.06, 32.16 ], [ 76.056666666666672, 32.16 ], [ 76.056666666666672, 32.163333333333334 ], [ 76.033333333333331, 32.163333333333334 ], [ 76.033333333333331, 32.156666666666666 ], [ 76.03, 32.156666666666666 ], [ 76.03, 32.16 ], [ 76.026666666666671, 32.16 ], [ 76.026666666666671, 32.163333333333334 ], [ 76.023333333333341, 32.163333333333334 ], [ 76.023333333333341, 32.166666666666664 ], [ 76.043333333333337, 32.166666666666664 ], [ 76.043333333333337, 32.18333333333333 ], [ 76.03, 32.18333333333333 ], [ 76.03, 32.186666666666667 ], [ 76.026666666666671, 32.186666666666667 ], [ 76.026666666666671, 32.193333333333335 ], [ 76.023333333333341, 32.193333333333335 ], [ 76.023333333333341, 32.196666666666665 ], [ 76.016666666666666, 32.196666666666665 ], [ 76.016666666666666, 32.2 ], [ 76.033333333333331, 32.2 ], [ 76.033333333333331, 32.21 ] ], [ [ 75.966666666666669, 32.196666666666665 ], [ 75.97, 32.196666666666665 ], [ 75.97, 32.193333333333335 ], [ 75.966666666666669, 32.193333333333335 ], [ 75.966666666666669, 32.196666666666665 ] ], [ [ 76.106666666666669, 32.196666666666665 ], [ 76.11, 32.196666666666665 ], [ 76.11, 32.186666666666667 ], [ 76.106666666666669, 32.186666666666667 ], [ 76.106666666666669, 32.19 ], [ 76.1, 32.19 ], [ 76.1, 32.193333333333335 ], [ 76.106666666666669, 32.193333333333335 ], [ 76.106666666666669, 32.196666666666665 ] ], [ [ 75.97, 32.193333333333335 ], [ 75.973333333333329, 32.193333333333335 ], [ 75.973333333333329, 32.19 ], [ 75.97, 32.19 ], [ 75.97, 32.193333333333335 ] ], [ [ 75.973333333333329, 32.19 ], [ 75.976666666666674, 32.19 ], [ 75.976666666666674, 32.186666666666667 ], [ 75.973333333333329, 32.186666666666667 ], [ 75.973333333333329, 32.19 ] ], [ [ 76.11333333333333, 32.186666666666667 ], [ 76.123333333333335, 32.186666666666667 ], [ 76.123333333333335, 32.17 ], [ 76.13666666666667, 32.17 ], [ 76.13666666666667, 32.163333333333334 ], [ 76.143333333333331, 32.163333333333334 ], [ 76.143333333333331, 32.16 ], [ 76.15, 32.16 ], [ 76.15, 32.156666666666666 ], [ 76.153333333333336, 32.156666666666666 ], [ 76.153333333333336, 32.15 ], [ 76.173333333333332, 32.15 ], [ 76.173333333333332, 32.17 ], [ 76.176666666666662, 32.17 ], [ 76.176666666666662, 32.163333333333334 ], [ 76.186666666666667, 32.163333333333334 ], [ 76.186666666666667, 32.16 ], [ 76.196666666666673, 32.16 ], [ 76.196666666666673, 32.153333333333336 ], [ 76.2, 32.153333333333336 ], [ 76.2, 32.146666666666668 ], [ 76.183333333333337, 32.146666666666668 ], [ 76.183333333333337, 32.14 ], [ 76.18, 32.14 ], [ 76.18, 32.133333333333333 ], [ 76.173333333333332, 32.133333333333333 ], [ 76.173333333333332, 32.13 ], [ 76.17, 32.13 ], [ 76.17, 32.11333333333333 ], [ 76.18, 32.11333333333333 ], [ 76.18, 32.096666666666664 ], [ 76.19, 32.096666666666664 ], [ 76.19, 32.08 ], [ 76.193333333333328, 32.08 ], [ 76.193333333333328, 32.073333333333331 ], [ 76.196666666666673, 32.073333333333331 ], [ 76.196666666666673, 32.066666666666663 ], [ 76.213333333333338, 32.066666666666663 ], [ 76.213333333333338, 32.08 ], [ 76.216666666666669, 32.08 ], [ 76.216666666666669, 32.07 ], [ 76.236666666666665, 32.07 ], [ 76.236666666666665, 32.066666666666663 ], [ 76.233333333333334, 32.066666666666663 ], [ 76.233333333333334, 32.05 ], [ 76.236666666666665, 32.05 ], [ 76.236666666666665, 32.046666666666667 ], [ 76.24, 32.046666666666667 ], [ 76.24, 32.03 ], [ 76.243333333333339, 32.03 ], [ 76.243333333333339, 32.023333333333333 ], [ 76.25, 32.023333333333333 ], [ 76.25, 32.016666666666666 ], [ 76.256666666666661, 32.016666666666666 ], [ 76.256666666666661, 32.006666666666668 ], [ 76.243333333333339, 32.006666666666668 ], [ 76.243333333333339, 31.99 ], [ 76.26, 31.99 ], [ 76.26, 32.0 ], [ 76.27, 32.0 ], [ 76.27, 31.996666666666666 ], [ 76.263333333333335, 31.996666666666666 ], [ 76.263333333333335, 31.98 ], [ 76.27, 31.98 ], [ 76.27, 31.97 ], [ 76.286666666666662, 31.97 ], [ 76.286666666666662, 31.973333333333333 ], [ 76.29, 31.973333333333333 ], [ 76.29, 31.976666666666667 ], [ 76.3, 31.976666666666667 ], [ 76.3, 31.98 ], [ 76.303333333333327, 31.98 ], [ 76.303333333333327, 31.953333333333333 ], [ 76.323333333333338, 31.953333333333333 ], [ 76.323333333333338, 31.973333333333333 ], [ 76.333333333333329, 31.973333333333333 ], [ 76.333333333333329, 31.97 ], [ 76.36, 31.97 ], [ 76.36, 31.953333333333333 ], [ 76.37, 31.953333333333333 ], [ 76.37, 31.94 ], [ 76.373333333333335, 31.94 ], [ 76.373333333333335, 31.926666666666666 ], [ 76.376666666666665, 31.926666666666666 ], [ 76.376666666666665, 31.906666666666666 ], [ 76.38, 31.906666666666666 ], [ 76.38, 31.903333333333332 ], [ 76.38333333333334, 31.903333333333332 ], [ 76.38333333333334, 31.9 ], [ 76.4, 31.9 ], [ 76.4, 31.886666666666667 ], [ 76.41, 31.886666666666667 ], [ 76.41, 31.876666666666665 ], [ 76.416666666666671, 31.876666666666665 ], [ 76.416666666666671, 31.863333333333333 ], [ 76.43, 31.863333333333333 ], [ 76.43, 31.86 ], [ 76.433333333333337, 31.86 ], [ 76.433333333333337, 31.856666666666666 ], [ 76.44, 31.856666666666666 ], [ 76.44, 31.853333333333332 ], [ 76.433333333333337, 31.853333333333332 ], [ 76.433333333333337, 31.836666666666666 ], [ 76.436666666666667, 31.836666666666666 ], [ 76.436666666666667, 31.833333333333332 ], [ 76.446666666666673, 31.833333333333332 ], [ 76.446666666666673, 31.83 ], [ 76.463333333333338, 31.83 ], [ 76.463333333333338, 31.826666666666668 ], [ 76.453333333333333, 31.826666666666668 ], [ 76.453333333333333, 31.803333333333335 ], [ 76.463333333333338, 31.803333333333335 ], [ 76.463333333333338, 31.793333333333333 ], [ 76.466666666666669, 31.793333333333333 ], [ 76.466666666666669, 31.786666666666665 ], [ 76.47, 31.786666666666665 ], [ 76.47, 31.783333333333331 ], [ 76.476666666666674, 31.783333333333331 ], [ 76.476666666666674, 31.78 ], [ 76.483333333333334, 31.78 ], [ 76.483333333333334, 31.76 ], [ 76.493333333333339, 31.76 ], [ 76.493333333333339, 31.756666666666668 ], [ 76.49666666666667, 31.756666666666668 ], [ 76.49666666666667, 31.753333333333334 ], [ 76.483333333333334, 31.753333333333334 ], [ 76.483333333333334, 31.756666666666668 ], [ 76.48, 31.756666666666668 ], [ 76.48, 31.76 ], [ 76.463333333333338, 31.76 ], [ 76.463333333333338, 31.736666666666665 ], [ 76.466666666666669, 31.736666666666665 ], [ 76.466666666666669, 31.723333333333333 ], [ 76.47, 31.723333333333333 ], [ 76.47, 31.716666666666665 ], [ 76.473333333333329, 31.716666666666665 ], [ 76.473333333333329, 31.706666666666667 ], [ 76.476666666666674, 31.706666666666667 ], [ 76.476666666666674, 31.7 ], [ 76.483333333333334, 31.7 ], [ 76.483333333333334, 31.693333333333332 ], [ 76.49, 31.693333333333332 ], [ 76.49, 31.69 ], [ 76.49666666666667, 31.69 ], [ 76.49666666666667, 31.683333333333334 ], [ 76.51, 31.683333333333334 ], [ 76.51, 31.666666666666668 ], [ 76.513333333333335, 31.666666666666668 ], [ 76.513333333333335, 31.663333333333334 ], [ 76.506666666666661, 31.663333333333334 ], [ 76.506666666666661, 31.666666666666668 ], [ 76.50333333333333, 31.666666666666668 ], [ 76.50333333333333, 31.67 ], [ 76.49666666666667, 31.67 ], [ 76.49666666666667, 31.673333333333332 ], [ 76.48, 31.673333333333332 ], [ 76.48, 31.69 ], [ 76.476666666666674, 31.69 ], [ 76.476666666666674, 31.696666666666665 ], [ 76.463333333333338, 31.696666666666665 ], [ 76.463333333333338, 31.7 ], [ 76.46, 31.7 ], [ 76.46, 31.733333333333334 ], [ 76.45, 31.733333333333334 ], [ 76.45, 31.743333333333332 ], [ 76.446666666666673, 31.743333333333332 ], [ 76.446666666666673, 31.746666666666666 ], [ 76.44, 31.746666666666666 ], [ 76.44, 31.75 ], [ 76.436666666666667, 31.75 ], [ 76.436666666666667, 31.77 ], [ 76.41, 31.77 ], [ 76.41, 31.773333333333333 ], [ 76.416666666666671, 31.773333333333333 ], [ 76.416666666666671, 31.793333333333333 ], [ 76.406666666666666, 31.793333333333333 ], [ 76.406666666666666, 31.796666666666667 ], [ 76.39, 31.796666666666667 ], [ 76.39, 31.8 ], [ 76.38333333333334, 31.8 ], [ 76.38333333333334, 31.803333333333335 ], [ 76.376666666666665, 31.803333333333335 ], [ 76.376666666666665, 31.81 ], [ 76.373333333333335, 31.81 ], [ 76.373333333333335, 31.813333333333333 ], [ 76.36666666666666, 31.813333333333333 ], [ 76.36666666666666, 31.816666666666666 ], [ 76.36333333333333, 31.816666666666666 ], [ 76.36333333333333, 31.82 ], [ 76.36, 31.82 ], [ 76.36, 31.823333333333334 ], [ 76.356666666666669, 31.823333333333334 ], [ 76.356666666666669, 31.826666666666668 ], [ 76.353333333333339, 31.826666666666668 ], [ 76.353333333333339, 31.83 ], [ 76.35, 31.83 ], [ 76.35, 31.833333333333332 ], [ 76.346666666666664, 31.833333333333332 ], [ 76.346666666666664, 31.84 ], [ 76.343333333333334, 31.84 ], [ 76.343333333333334, 31.843333333333334 ], [ 76.34, 31.843333333333334 ], [ 76.34, 31.846666666666668 ], [ 76.336666666666673, 31.846666666666668 ], [ 76.336666666666673, 31.853333333333332 ], [ 76.333333333333329, 31.853333333333332 ], [ 76.333333333333329, 31.86 ], [ 76.33, 31.86 ], [ 76.33, 31.866666666666667 ], [ 76.326666666666668, 31.866666666666667 ], [ 76.326666666666668, 31.87 ], [ 76.323333333333338, 31.87 ], [ 76.323333333333338, 31.876666666666665 ], [ 76.316666666666663, 31.876666666666665 ], [ 76.316666666666663, 31.88 ], [ 76.313333333333333, 31.88 ], [ 76.313333333333333, 31.886666666666667 ], [ 76.31, 31.886666666666667 ], [ 76.31, 31.89 ], [ 76.306666666666672, 31.89 ], [ 76.306666666666672, 31.893333333333334 ], [ 76.303333333333327, 31.893333333333334 ], [ 76.303333333333327, 31.896666666666668 ], [ 76.296666666666667, 31.896666666666668 ], [ 76.296666666666667, 31.903333333333332 ], [ 76.293333333333337, 31.903333333333332 ], [ 76.293333333333337, 31.906666666666666 ], [ 76.29, 31.906666666666666 ], [ 76.29, 31.913333333333334 ], [ 76.286666666666662, 31.913333333333334 ], [ 76.286666666666662, 31.916666666666668 ], [ 76.28, 31.916666666666668 ], [ 76.28, 31.926666666666666 ], [ 76.276666666666671, 31.926666666666666 ], [ 76.276666666666671, 31.943333333333335 ], [ 76.263333333333335, 31.943333333333335 ], [ 76.263333333333335, 31.95 ], [ 76.26, 31.95 ], [ 76.26, 31.953333333333333 ], [ 76.256666666666661, 31.953333333333333 ], [ 76.256666666666661, 31.97 ], [ 76.25, 31.97 ], [ 76.25, 31.973333333333333 ], [ 76.24666666666667, 31.973333333333333 ], [ 76.24666666666667, 31.98 ], [ 76.243333333333339, 31.98 ], [ 76.243333333333339, 31.983333333333334 ], [ 76.24, 31.983333333333334 ], [ 76.24, 31.99 ], [ 76.236666666666665, 31.99 ], [ 76.236666666666665, 31.993333333333332 ], [ 76.233333333333334, 31.993333333333332 ], [ 76.233333333333334, 32.023333333333333 ], [ 76.22, 32.023333333333333 ], [ 76.22, 32.026666666666664 ], [ 76.213333333333338, 32.026666666666664 ], [ 76.213333333333338, 32.046666666666667 ], [ 76.21, 32.046666666666667 ], [ 76.21, 32.053333333333335 ], [ 76.206666666666663, 32.053333333333335 ], [ 76.206666666666663, 32.056666666666665 ], [ 76.196666666666673, 32.056666666666665 ], [ 76.196666666666673, 32.06 ], [ 76.193333333333328, 32.06 ], [ 76.193333333333328, 32.066666666666663 ], [ 76.19, 32.066666666666663 ], [ 76.19, 32.073333333333331 ], [ 76.186666666666667, 32.073333333333331 ], [ 76.186666666666667, 32.076666666666668 ], [ 76.183333333333337, 32.076666666666668 ], [ 76.183333333333337, 32.083333333333336 ], [ 76.18, 32.083333333333336 ], [ 76.18, 32.09 ], [ 76.176666666666662, 32.09 ], [ 76.176666666666662, 32.093333333333334 ], [ 76.173333333333332, 32.093333333333334 ], [ 76.173333333333332, 32.106666666666669 ], [ 76.163333333333327, 32.106666666666669 ], [ 76.163333333333327, 32.116666666666667 ], [ 76.16, 32.116666666666667 ], [ 76.16, 32.126666666666665 ], [ 76.156666666666666, 32.126666666666665 ], [ 76.156666666666666, 32.13 ], [ 76.153333333333336, 32.13 ], [ 76.153333333333336, 32.133333333333333 ], [ 76.15, 32.133333333333333 ], [ 76.15, 32.136666666666663 ], [ 76.146666666666661, 32.136666666666663 ], [ 76.146666666666661, 32.14 ], [ 76.143333333333331, 32.14 ], [ 76.143333333333331, 32.143333333333331 ], [ 76.14, 32.143333333333331 ], [ 76.14, 32.146666666666668 ], [ 76.13666666666667, 32.146666666666668 ], [ 76.13666666666667, 32.15 ], [ 76.13333333333334, 32.15 ], [ 76.13333333333334, 32.153333333333336 ], [ 76.13, 32.153333333333336 ], [ 76.13, 32.16 ], [ 76.123333333333335, 32.16 ], [ 76.123333333333335, 32.163333333333334 ], [ 76.12, 32.163333333333334 ], [ 76.12, 32.18 ], [ 76.11333333333333, 32.18 ], [ 76.11333333333333, 32.186666666666667 ] ], [ [ 75.983333333333334, 32.176666666666669 ], [ 75.986666666666665, 32.176666666666669 ], [ 75.986666666666665, 32.173333333333332 ], [ 75.983333333333334, 32.173333333333332 ], [ 75.983333333333334, 32.176666666666669 ] ], [ [ 76.203333333333333, 32.173333333333332 ], [ 76.206666666666663, 32.173333333333332 ], [ 76.206666666666663, 32.17 ], [ 76.203333333333333, 32.17 ], [ 76.203333333333333, 32.173333333333332 ] ], [ [ 76.35, 32.173333333333332 ], [ 76.353333333333339, 32.173333333333332 ], [ 76.353333333333339, 32.17 ], [ 76.35, 32.17 ], [ 76.35, 32.173333333333332 ] ], [ [ 76.326666666666668, 32.16 ], [ 76.33, 32.16 ], [ 76.33, 32.156666666666666 ], [ 76.326666666666668, 32.156666666666666 ], [ 76.326666666666668, 32.16 ] ], [ [ 76.066666666666663, 32.156666666666666 ], [ 76.07, 32.156666666666666 ], [ 76.07, 32.153333333333336 ], [ 76.073333333333338, 32.153333333333336 ], [ 76.073333333333338, 32.143333333333331 ], [ 76.07, 32.143333333333331 ], [ 76.07, 32.146666666666668 ], [ 76.066666666666663, 32.146666666666668 ], [ 76.066666666666663, 32.156666666666666 ] ], [ [ 76.333333333333329, 32.156666666666666 ], [ 76.336666666666673, 32.156666666666666 ], [ 76.336666666666673, 32.15 ], [ 76.35, 32.15 ], [ 76.35, 32.146666666666668 ], [ 76.346666666666664, 32.146666666666668 ], [ 76.346666666666664, 32.136666666666663 ], [ 76.343333333333334, 32.136666666666663 ], [ 76.343333333333334, 32.143333333333331 ], [ 76.333333333333329, 32.143333333333331 ], [ 76.333333333333329, 32.156666666666666 ] ], [ [ 76.393333333333331, 32.15 ], [ 76.396666666666661, 32.15 ], [ 76.396666666666661, 32.146666666666668 ], [ 76.393333333333331, 32.146666666666668 ], [ 76.393333333333331, 32.15 ] ], [ [ 76.2, 32.146666666666668 ], [ 76.203333333333333, 32.146666666666668 ], [ 76.203333333333333, 32.143333333333331 ], [ 76.2, 32.143333333333331 ], [ 76.2, 32.146666666666668 ] ], [ [ 76.39, 32.146666666666668 ], [ 76.393333333333331, 32.146666666666668 ], [ 76.393333333333331, 32.143333333333331 ], [ 76.39, 32.143333333333331 ], [ 76.39, 32.146666666666668 ] ], [ [ 76.073333333333338, 32.143333333333331 ], [ 76.076666666666668, 32.143333333333331 ], [ 76.076666666666668, 32.14 ], [ 76.073333333333338, 32.14 ], [ 76.073333333333338, 32.143333333333331 ] ], [ [ 75.773333333333341, 32.136666666666663 ], [ 75.776666666666671, 32.136666666666663 ], [ 75.776666666666671, 32.133333333333333 ], [ 75.773333333333341, 32.133333333333333 ], [ 75.773333333333341, 32.136666666666663 ] ], [ [ 76.076666666666668, 32.136666666666663 ], [ 76.08, 32.136666666666663 ], [ 76.08, 32.13 ], [ 76.083333333333329, 32.13 ], [ 76.083333333333329, 32.126666666666665 ], [ 76.076666666666668, 32.126666666666665 ], [ 76.076666666666668, 32.136666666666663 ] ], [ [ 76.38, 32.136666666666663 ], [ 76.38333333333334, 32.136666666666663 ], [ 76.38333333333334, 32.133333333333333 ], [ 76.38, 32.133333333333333 ], [ 76.38, 32.136666666666663 ] ], [ [ 76.22, 32.133333333333333 ], [ 76.223333333333329, 32.133333333333333 ], [ 76.223333333333329, 32.13 ], [ 76.22, 32.13 ], [ 76.22, 32.133333333333333 ] ], [ [ 76.03, 32.13 ], [ 76.033333333333331, 32.13 ], [ 76.033333333333331, 32.126666666666665 ], [ 76.03, 32.126666666666665 ], [ 76.03, 32.13 ] ], [ [ 76.206666666666663, 32.13 ], [ 76.21, 32.13 ], [ 76.21, 32.126666666666665 ], [ 76.206666666666663, 32.126666666666665 ], [ 76.206666666666663, 32.13 ] ], [ [ 75.78, 32.123333333333335 ], [ 75.783333333333331, 32.123333333333335 ], [ 75.783333333333331, 32.12 ], [ 75.78, 32.12 ], [ 75.78, 32.123333333333335 ] ], [ [ 76.086666666666673, 32.123333333333335 ], [ 76.09, 32.123333333333335 ], [ 76.09, 32.12 ], [ 76.086666666666673, 32.12 ], [ 76.086666666666673, 32.123333333333335 ] ], [ [ 76.24666666666667, 32.12 ], [ 76.25, 32.12 ], [ 76.25, 32.11333333333333 ], [ 76.24666666666667, 32.11333333333333 ], [ 76.24666666666667, 32.12 ] ], [ [ 76.36, 32.12 ], [ 76.36333333333333, 32.12 ], [ 76.36333333333333, 32.116666666666667 ], [ 76.36, 32.116666666666667 ], [ 76.36, 32.12 ] ], [ [ 76.09, 32.116666666666667 ], [ 76.103333333333339, 32.116666666666667 ], [ 76.103333333333339, 32.11333333333333 ], [ 76.093333333333334, 32.11333333333333 ], [ 76.093333333333334, 32.11 ], [ 76.09, 32.11 ], [ 76.09, 32.116666666666667 ] ], [ [ 76.186666666666667, 32.116666666666667 ], [ 76.19, 32.116666666666667 ], [ 76.19, 32.11333333333333 ], [ 76.186666666666667, 32.11333333333333 ], [ 76.186666666666667, 32.116666666666667 ] ], [ [ 76.25, 32.11333333333333 ], [ 76.25333333333333, 32.11333333333333 ], [ 76.25333333333333, 32.11 ], [ 76.263333333333335, 32.11 ], [ 76.263333333333335, 32.103333333333332 ], [ 76.27, 32.103333333333332 ], [ 76.27, 32.1 ], [ 76.273333333333341, 32.1 ], [ 76.273333333333341, 32.096666666666664 ], [ 76.266666666666666, 32.096666666666664 ], [ 76.266666666666666, 32.093333333333334 ], [ 76.263333333333335, 32.093333333333334 ], [ 76.263333333333335, 32.09 ], [ 76.25333333333333, 32.09 ], [ 76.25333333333333, 32.076666666666668 ], [ 76.236666666666665, 32.076666666666668 ], [ 76.236666666666665, 32.083333333333336 ], [ 76.24, 32.083333333333336 ], [ 76.24, 32.096666666666664 ], [ 76.25, 32.096666666666664 ], [ 76.25, 32.11333333333333 ] ], [ [ 76.216666666666669, 32.11 ], [ 76.22, 32.11 ], [ 76.22, 32.106666666666669 ], [ 76.216666666666669, 32.106666666666669 ], [ 76.216666666666669, 32.11 ] ], [ [ 76.05, 32.106666666666669 ], [ 76.053333333333327, 32.106666666666669 ], [ 76.053333333333327, 32.103333333333332 ], [ 76.05, 32.103333333333332 ], [ 76.05, 32.106666666666669 ] ], [ [ 76.11, 32.106666666666669 ], [ 76.11333333333333, 32.106666666666669 ], [ 76.11333333333333, 32.103333333333332 ], [ 76.126666666666665, 32.103333333333332 ], [ 76.126666666666665, 32.086666666666666 ], [ 76.13, 32.086666666666666 ], [ 76.13, 32.08 ], [ 76.13666666666667, 32.08 ], [ 76.13666666666667, 32.076666666666668 ], [ 76.14, 32.076666666666668 ], [ 76.14, 32.073333333333331 ], [ 76.143333333333331, 32.073333333333331 ], [ 76.143333333333331, 32.066666666666663 ], [ 76.146666666666661, 32.066666666666663 ], [ 76.146666666666661, 32.063333333333333 ], [ 76.15, 32.063333333333333 ], [ 76.15, 32.06 ], [ 76.156666666666666, 32.06 ], [ 76.156666666666666, 32.056666666666665 ], [ 76.16, 32.056666666666665 ], [ 76.16, 32.053333333333335 ], [ 76.163333333333327, 32.053333333333335 ], [ 76.163333333333327, 32.05 ], [ 76.166666666666671, 32.05 ], [ 76.166666666666671, 32.04 ], [ 76.17, 32.04 ], [ 76.17, 32.036666666666669 ], [ 76.173333333333332, 32.036666666666669 ], [ 76.173333333333332, 32.03 ], [ 76.18, 32.03 ], [ 76.18, 32.023333333333333 ], [ 76.163333333333327, 32.023333333333333 ], [ 76.163333333333327, 32.036666666666669 ], [ 76.15, 32.036666666666669 ], [ 76.15, 32.04 ], [ 76.146666666666661, 32.04 ], [ 76.146666666666661, 32.05 ], [ 76.13333333333334, 32.05 ], [ 76.13333333333334, 32.06 ], [ 76.126666666666665, 32.06 ], [ 76.126666666666665, 32.066666666666663 ], [ 76.123333333333335, 32.066666666666663 ], [ 76.123333333333335, 32.08 ], [ 76.12, 32.08 ], [ 76.12, 32.086666666666666 ], [ 76.11333333333333, 32.086666666666666 ], [ 76.11333333333333, 32.09 ], [ 76.096666666666664, 32.09 ], [ 76.096666666666664, 32.093333333333334 ], [ 76.11, 32.093333333333334 ], [ 76.11, 32.106666666666669 ] ], [ [ 76.41, 32.106666666666669 ], [ 76.426666666666662, 32.106666666666669 ], [ 76.426666666666662, 32.073333333333331 ], [ 76.436666666666667, 32.073333333333331 ], [ 76.436666666666667, 32.066666666666663 ], [ 76.44, 32.066666666666663 ], [ 76.44, 32.05 ], [ 76.45, 32.05 ], [ 76.45, 32.046666666666667 ], [ 76.446666666666673, 32.046666666666667 ], [ 76.446666666666673, 32.02 ], [ 76.45, 32.02 ], [ 76.45, 32.016666666666666 ], [ 76.443333333333328, 32.016666666666666 ], [ 76.443333333333328, 32.036666666666669 ], [ 76.426666666666662, 32.036666666666669 ], [ 76.426666666666662, 32.033333333333331 ], [ 76.423333333333332, 32.033333333333331 ], [ 76.423333333333332, 32.016666666666666 ], [ 76.42, 32.016666666666666 ], [ 76.42, 32.02 ], [ 76.416666666666671, 32.02 ], [ 76.416666666666671, 32.043333333333337 ], [ 76.403333333333336, 32.043333333333337 ], [ 76.403333333333336, 32.053333333333335 ], [ 76.4, 32.053333333333335 ], [ 76.4, 32.063333333333333 ], [ 76.396666666666661, 32.063333333333333 ], [ 76.396666666666661, 32.086666666666666 ], [ 76.38666666666667, 32.086666666666666 ], [ 76.38666666666667, 32.09 ], [ 76.403333333333336, 32.09 ], [ 76.403333333333336, 32.1 ], [ 76.41, 32.1 ], [ 76.41, 32.106666666666669 ] ], [ [ 76.196666666666673, 32.103333333333332 ], [ 76.2, 32.103333333333332 ], [ 76.2, 32.1 ], [ 76.196666666666673, 32.1 ], [ 76.196666666666673, 32.103333333333332 ] ], [ [ 76.293333333333337, 32.096666666666664 ], [ 76.296666666666667, 32.096666666666664 ], [ 76.296666666666667, 32.093333333333334 ], [ 76.303333333333327, 32.093333333333334 ], [ 76.303333333333327, 32.09 ], [ 76.283333333333331, 32.09 ], [ 76.283333333333331, 32.093333333333334 ], [ 76.293333333333337, 32.093333333333334 ], [ 76.293333333333337, 32.096666666666664 ] ], [ [ 75.79, 32.093333333333334 ], [ 75.793333333333337, 32.093333333333334 ], [ 75.793333333333337, 32.09 ], [ 75.79, 32.09 ], [ 75.79, 32.093333333333334 ] ], [ [ 75.81, 32.09 ], [ 75.813333333333333, 32.09 ], [ 75.813333333333333, 32.086666666666666 ], [ 75.81, 32.086666666666666 ], [ 75.81, 32.09 ] ], [ [ 75.83, 32.09 ], [ 75.833333333333329, 32.09 ], [ 75.833333333333329, 32.086666666666666 ], [ 75.83, 32.086666666666666 ], [ 75.83, 32.09 ] ], [ [ 76.066666666666663, 32.09 ], [ 76.07, 32.09 ], [ 76.07, 32.086666666666666 ], [ 76.066666666666663, 32.086666666666666 ], [ 76.066666666666663, 32.09 ] ], [ [ 76.093333333333334, 32.09 ], [ 76.096666666666664, 32.09 ], [ 76.096666666666664, 32.086666666666666 ], [ 76.093333333333334, 32.086666666666666 ], [ 76.093333333333334, 32.09 ] ], [ [ 76.303333333333327, 32.09 ], [ 76.306666666666672, 32.09 ], [ 76.306666666666672, 32.086666666666666 ], [ 76.303333333333327, 32.086666666666666 ], [ 76.303333333333327, 32.09 ] ], [ [ 76.306666666666672, 32.086666666666666 ], [ 76.31, 32.086666666666666 ], [ 76.31, 32.083333333333336 ], [ 76.306666666666672, 32.083333333333336 ], [ 76.306666666666672, 32.086666666666666 ] ], [ [ 75.82, 32.073333333333331 ], [ 75.823333333333338, 32.073333333333331 ], [ 75.823333333333338, 32.07 ], [ 75.82, 32.07 ], [ 75.82, 32.073333333333331 ] ], [ [ 75.843333333333334, 32.073333333333331 ], [ 75.846666666666664, 32.073333333333331 ], [ 75.846666666666664, 32.07 ], [ 75.843333333333334, 32.07 ], [ 75.843333333333334, 32.073333333333331 ] ], [ [ 76.256666666666661, 32.073333333333331 ], [ 76.26, 32.073333333333331 ], [ 76.26, 32.07 ], [ 76.256666666666661, 32.07 ], [ 76.256666666666661, 32.073333333333331 ] ], [ [ 76.523333333333341, 32.07 ], [ 76.526666666666671, 32.07 ], [ 76.526666666666671, 32.066666666666663 ], [ 76.523333333333341, 32.066666666666663 ], [ 76.523333333333341, 32.07 ] ], [ [ 76.103333333333339, 32.066666666666663 ], [ 76.106666666666669, 32.066666666666663 ], [ 76.106666666666669, 32.063333333333333 ], [ 76.103333333333339, 32.063333333333333 ], [ 76.103333333333339, 32.066666666666663 ] ], [ [ 76.516666666666666, 32.066666666666663 ], [ 76.523333333333341, 32.066666666666663 ], [ 76.523333333333341, 32.046666666666667 ], [ 76.52, 32.046666666666667 ], [ 76.52, 32.063333333333333 ], [ 76.516666666666666, 32.063333333333333 ], [ 76.516666666666666, 32.066666666666663 ] ], [ [ 76.1, 32.063333333333333 ], [ 76.103333333333339, 32.063333333333333 ], [ 76.103333333333339, 32.06 ], [ 76.1, 32.06 ], [ 76.1, 32.063333333333333 ] ], [ [ 76.31, 32.063333333333333 ], [ 76.313333333333333, 32.063333333333333 ], [ 76.313333333333333, 32.06 ], [ 76.31, 32.06 ], [ 76.31, 32.063333333333333 ] ], [ [ 75.83, 32.06 ], [ 75.833333333333329, 32.06 ], [ 75.833333333333329, 32.053333333333335 ], [ 75.83, 32.053333333333335 ], [ 75.83, 32.06 ] ], [ [ 76.343333333333334, 32.056666666666665 ], [ 76.346666666666664, 32.056666666666665 ], [ 76.346666666666664, 32.053333333333335 ], [ 76.343333333333334, 32.053333333333335 ], [ 76.343333333333334, 32.056666666666665 ] ], [ [ 75.846666666666664, 32.053333333333335 ], [ 75.85, 32.053333333333335 ], [ 75.85, 32.05 ], [ 75.846666666666664, 32.05 ], [ 75.846666666666664, 32.053333333333335 ] ], [ [ 76.303333333333327, 32.05 ], [ 76.306666666666672, 32.05 ], [ 76.306666666666672, 32.046666666666667 ], [ 76.303333333333327, 32.046666666666667 ], [ 76.303333333333327, 32.05 ] ], [ [ 76.346666666666664, 32.046666666666667 ], [ 76.356666666666669, 32.046666666666667 ], [ 76.356666666666669, 32.04 ], [ 76.36, 32.04 ], [ 76.36, 32.033333333333331 ], [ 76.36333333333333, 32.033333333333331 ], [ 76.36333333333333, 32.026666666666664 ], [ 76.37, 32.026666666666664 ], [ 76.37, 32.023333333333333 ], [ 76.38333333333334, 32.023333333333333 ], [ 76.38333333333334, 32.02 ], [ 76.376666666666665, 32.02 ], [ 76.376666666666665, 32.00333333333333 ], [ 76.37, 32.00333333333333 ], [ 76.37, 32.01 ], [ 76.36666666666666, 32.01 ], [ 76.36666666666666, 32.016666666666666 ], [ 76.343333333333334, 32.016666666666666 ], [ 76.343333333333334, 32.013333333333335 ], [ 76.34, 32.013333333333335 ], [ 76.34, 32.016666666666666 ], [ 76.33, 32.016666666666666 ], [ 76.33, 32.02 ], [ 76.353333333333339, 32.02 ], [ 76.353333333333339, 32.04 ], [ 76.346666666666664, 32.04 ], [ 76.346666666666664, 32.046666666666667 ] ], [ [ 76.1, 32.04 ], [ 76.106666666666669, 32.04 ], [ 76.106666666666669, 32.036666666666669 ], [ 76.1, 32.036666666666669 ], [ 76.1, 32.04 ] ], [ [ 76.516666666666666, 32.04 ], [ 76.52, 32.04 ], [ 76.52, 32.036666666666669 ], [ 76.516666666666666, 32.036666666666669 ], [ 76.516666666666666, 32.04 ] ], [ [ 75.84, 32.03 ], [ 75.843333333333334, 32.03 ], [ 75.843333333333334, 32.026666666666664 ], [ 75.84, 32.026666666666664 ], [ 75.84, 32.03 ] ], [ [ 76.38666666666667, 32.03 ], [ 76.39, 32.03 ], [ 76.39, 32.026666666666664 ], [ 76.4, 32.026666666666664 ], [ 76.4, 32.023333333333333 ], [ 76.38666666666667, 32.023333333333333 ], [ 76.38666666666667, 32.03 ] ], [ [ 76.183333333333337, 32.02 ], [ 76.193333333333328, 32.02 ], [ 76.193333333333328, 31.99 ], [ 76.196666666666673, 31.99 ], [ 76.196666666666673, 31.983333333333334 ], [ 76.2, 31.983333333333334 ], [ 76.2, 31.98 ], [ 76.203333333333333, 31.98 ], [ 76.203333333333333, 31.976666666666667 ], [ 76.19, 31.976666666666667 ], [ 76.19, 32.0 ], [ 76.183333333333337, 32.0 ], [ 76.183333333333337, 32.02 ] ], [ [ 76.423333333333332, 32.013333333333335 ], [ 76.433333333333337, 32.013333333333335 ], [ 76.433333333333337, 32.01 ], [ 76.423333333333332, 32.01 ], [ 76.423333333333332, 32.013333333333335 ] ], [ [ 76.13, 32.01 ], [ 76.13333333333334, 32.01 ], [ 76.13333333333334, 32.006666666666668 ], [ 76.13, 32.006666666666668 ], [ 76.13, 32.01 ] ], [ [ 76.38, 32.00333333333333 ], [ 76.38666666666667, 32.00333333333333 ], [ 76.38666666666667, 32.0 ], [ 76.39, 32.0 ], [ 76.39, 31.973333333333333 ], [ 76.393333333333331, 31.973333333333333 ], [ 76.393333333333331, 31.966666666666665 ], [ 76.396666666666661, 31.966666666666665 ], [ 76.396666666666661, 31.963333333333331 ], [ 76.38333333333334, 31.963333333333331 ], [ 76.38333333333334, 31.96 ], [ 76.38, 31.96 ], [ 76.38, 31.956666666666667 ], [ 76.376666666666665, 31.956666666666667 ], [ 76.376666666666665, 31.97 ], [ 76.37, 31.97 ], [ 76.37, 31.973333333333333 ], [ 76.38, 31.973333333333333 ], [ 76.38, 32.00333333333333 ] ], [ [ 76.456666666666663, 32.00333333333333 ], [ 76.46, 32.00333333333333 ], [ 76.46, 31.99 ], [ 76.45, 31.99 ], [ 76.45, 31.976666666666667 ], [ 76.443333333333328, 31.976666666666667 ], [ 76.443333333333328, 31.966666666666665 ], [ 76.433333333333337, 31.966666666666665 ], [ 76.433333333333337, 31.983333333333334 ], [ 76.44, 31.983333333333334 ], [ 76.44, 31.996666666666666 ], [ 76.456666666666663, 31.996666666666666 ], [ 76.456666666666663, 32.00333333333333 ] ], [ [ 75.913333333333327, 31.996666666666666 ], [ 75.916666666666671, 31.996666666666666 ], [ 75.916666666666671, 31.993333333333332 ], [ 75.913333333333327, 31.993333333333332 ], [ 75.913333333333327, 31.996666666666666 ] ], [ [ 75.86, 31.993333333333332 ], [ 75.86333333333333, 31.993333333333332 ], [ 75.86333333333333, 31.99 ], [ 75.86, 31.99 ], [ 75.86, 31.993333333333332 ] ], [ [ 75.94, 31.983333333333334 ], [ 75.943333333333328, 31.983333333333334 ], [ 75.943333333333328, 31.976666666666667 ], [ 75.936666666666667, 31.976666666666667 ], [ 75.936666666666667, 31.98 ], [ 75.94, 31.98 ], [ 75.94, 31.983333333333334 ] ], [ [ 76.32, 31.98 ], [ 76.323333333333338, 31.98 ], [ 76.323333333333338, 31.976666666666667 ], [ 76.32, 31.976666666666667 ], [ 76.32, 31.98 ] ], [ [ 76.203333333333333, 31.976666666666667 ], [ 76.206666666666663, 31.976666666666667 ], [ 76.206666666666663, 31.97 ], [ 76.203333333333333, 31.97 ], [ 76.203333333333333, 31.976666666666667 ] ], [ [ 76.18, 31.973333333333333 ], [ 76.186666666666667, 31.973333333333333 ], [ 76.186666666666667, 31.96 ], [ 76.176666666666662, 31.96 ], [ 76.176666666666662, 31.963333333333331 ], [ 76.18, 31.963333333333331 ], [ 76.18, 31.973333333333333 ] ], [ [ 76.206666666666663, 31.97 ], [ 76.21, 31.97 ], [ 76.21, 31.966666666666665 ], [ 76.206666666666663, 31.966666666666665 ], [ 76.206666666666663, 31.97 ] ], [ [ 76.43, 31.966666666666665 ], [ 76.433333333333337, 31.966666666666665 ], [ 76.433333333333337, 31.963333333333331 ], [ 76.43, 31.963333333333331 ], [ 76.43, 31.966666666666665 ] ], [ [ 75.956666666666663, 31.963333333333331 ], [ 75.96, 31.963333333333331 ], [ 75.96, 31.96 ], [ 75.956666666666663, 31.96 ], [ 75.956666666666663, 31.963333333333331 ] ], [ [ 76.213333333333338, 31.963333333333331 ], [ 76.216666666666669, 31.963333333333331 ], [ 76.216666666666669, 31.96 ], [ 76.213333333333338, 31.96 ], [ 76.213333333333338, 31.963333333333331 ] ], [ [ 76.14, 31.96 ], [ 76.143333333333331, 31.96 ], [ 76.143333333333331, 31.956666666666667 ], [ 76.14, 31.956666666666667 ], [ 76.14, 31.96 ] ], [ [ 76.4, 31.953333333333333 ], [ 76.406666666666666, 31.953333333333333 ], [ 76.406666666666666, 31.95 ], [ 76.4, 31.95 ], [ 76.4, 31.953333333333333 ] ], [ [ 75.933333333333337, 31.95 ], [ 75.94, 31.95 ], [ 75.94, 31.943333333333335 ], [ 75.933333333333337, 31.943333333333335 ], [ 75.933333333333337, 31.95 ] ], [ [ 76.186666666666667, 31.95 ], [ 76.19, 31.95 ], [ 76.19, 31.946666666666665 ], [ 76.186666666666667, 31.946666666666665 ], [ 76.186666666666667, 31.95 ] ], [ [ 76.163333333333327, 31.943333333333335 ], [ 76.166666666666671, 31.943333333333335 ], [ 76.166666666666671, 31.94 ], [ 76.163333333333327, 31.94 ], [ 76.163333333333327, 31.943333333333335 ] ], [ [ 76.406666666666666, 31.943333333333335 ], [ 76.41, 31.943333333333335 ], [ 76.41, 31.94 ], [ 76.406666666666666, 31.94 ], [ 76.406666666666666, 31.943333333333335 ] ], [ [ 76.433333333333337, 31.943333333333335 ], [ 76.436666666666667, 31.943333333333335 ], [ 76.436666666666667, 31.94 ], [ 76.433333333333337, 31.94 ], [ 76.433333333333337, 31.943333333333335 ] ], [ [ 76.46, 31.943333333333335 ], [ 76.463333333333338, 31.943333333333335 ], [ 76.463333333333338, 31.94 ], [ 76.46, 31.94 ], [ 76.46, 31.943333333333335 ] ], [ [ 75.84, 31.94 ], [ 75.853333333333339, 31.94 ], [ 75.853333333333339, 31.936666666666667 ], [ 75.84, 31.936666666666667 ], [ 75.84, 31.94 ] ], [ [ 76.413333333333327, 31.94 ], [ 76.416666666666671, 31.94 ], [ 76.416666666666671, 31.936666666666667 ], [ 76.413333333333327, 31.936666666666667 ], [ 76.413333333333327, 31.94 ] ], [ [ 76.44, 31.94 ], [ 76.443333333333328, 31.94 ], [ 76.443333333333328, 31.936666666666667 ], [ 76.44, 31.936666666666667 ], [ 76.44, 31.94 ] ], [ [ 75.86666666666666, 31.936666666666667 ], [ 75.87, 31.936666666666667 ], [ 75.87, 31.933333333333334 ], [ 75.86666666666666, 31.933333333333334 ], [ 75.86666666666666, 31.936666666666667 ] ], [ [ 76.416666666666671, 31.936666666666667 ], [ 76.423333333333332, 31.936666666666667 ], [ 76.423333333333332, 31.92 ], [ 76.433333333333337, 31.92 ], [ 76.433333333333337, 31.906666666666666 ], [ 76.45, 31.906666666666666 ], [ 76.45, 31.913333333333334 ], [ 76.453333333333333, 31.913333333333334 ], [ 76.453333333333333, 31.896666666666668 ], [ 76.463333333333338, 31.896666666666668 ], [ 76.463333333333338, 31.876666666666665 ], [ 76.48, 31.876666666666665 ], [ 76.48, 31.873333333333335 ], [ 76.486666666666665, 31.873333333333335 ], [ 76.486666666666665, 31.856666666666666 ], [ 76.463333333333338, 31.856666666666666 ], [ 76.463333333333338, 31.86 ], [ 76.46, 31.86 ], [ 76.46, 31.863333333333333 ], [ 76.456666666666663, 31.863333333333333 ], [ 76.456666666666663, 31.866666666666667 ], [ 76.45, 31.866666666666667 ], [ 76.45, 31.883333333333333 ], [ 76.446666666666673, 31.883333333333333 ], [ 76.446666666666673, 31.886666666666667 ], [ 76.443333333333328, 31.886666666666667 ], [ 76.443333333333328, 31.89 ], [ 76.44, 31.89 ], [ 76.44, 31.893333333333334 ], [ 76.433333333333337, 31.893333333333334 ], [ 76.433333333333337, 31.896666666666668 ], [ 76.43, 31.896666666666668 ], [ 76.43, 31.903333333333332 ], [ 76.426666666666662, 31.903333333333332 ], [ 76.426666666666662, 31.906666666666666 ], [ 76.423333333333332, 31.906666666666666 ], [ 76.423333333333332, 31.913333333333334 ], [ 76.42, 31.913333333333334 ], [ 76.42, 31.923333333333332 ], [ 76.416666666666671, 31.923333333333332 ], [ 76.416666666666671, 31.936666666666667 ] ], [ [ 76.443333333333328, 31.93 ], [ 76.446666666666673, 31.93 ], [ 76.446666666666673, 31.926666666666666 ], [ 76.443333333333328, 31.926666666666666 ], [ 76.443333333333328, 31.93 ] ], [ [ 76.073333333333338, 31.926666666666666 ], [ 76.076666666666668, 31.926666666666666 ], [ 76.076666666666668, 31.913333333333334 ], [ 76.073333333333338, 31.913333333333334 ], [ 76.073333333333338, 31.92 ], [ 76.07, 31.92 ], [ 76.07, 31.923333333333332 ], [ 76.073333333333338, 31.923333333333332 ], [ 76.073333333333338, 31.926666666666666 ] ], [ [ 76.47, 31.92 ], [ 76.473333333333329, 31.92 ], [ 76.473333333333329, 31.916666666666668 ], [ 76.47, 31.916666666666668 ], [ 76.47, 31.92 ] ], [ [ 76.513333333333335, 31.92 ], [ 76.516666666666666, 31.92 ], [ 76.516666666666666, 31.916666666666668 ], [ 76.513333333333335, 31.916666666666668 ], [ 76.513333333333335, 31.92 ] ], [ [ 76.2, 31.913333333333334 ], [ 76.203333333333333, 31.913333333333334 ], [ 76.203333333333333, 31.91 ], [ 76.2, 31.91 ], [ 76.2, 31.913333333333334 ] ], [ [ 76.533333333333331, 31.913333333333334 ], [ 76.536666666666662, 31.913333333333334 ], [ 76.536666666666662, 31.91 ], [ 76.533333333333331, 31.91 ], [ 76.533333333333331, 31.913333333333334 ] ], [ [ 76.083333333333329, 31.91 ], [ 76.086666666666673, 31.91 ], [ 76.086666666666673, 31.906666666666666 ], [ 76.083333333333329, 31.906666666666666 ], [ 76.083333333333329, 31.91 ] ], [ [ 75.75333333333333, 31.906666666666666 ], [ 75.76, 31.906666666666666 ], [ 75.76, 31.903333333333332 ], [ 75.75333333333333, 31.903333333333332 ], [ 75.75333333333333, 31.906666666666666 ] ], [ [ 76.516666666666666, 31.906666666666666 ], [ 76.523333333333341, 31.906666666666666 ], [ 76.523333333333341, 31.893333333333334 ], [ 76.52, 31.893333333333334 ], [ 76.52, 31.903333333333332 ], [ 76.516666666666666, 31.903333333333332 ], [ 76.516666666666666, 31.906666666666666 ] ], [ [ 76.47, 31.9 ], [ 76.48, 31.9 ], [ 76.48, 31.896666666666668 ], [ 76.47, 31.896666666666668 ], [ 76.47, 31.9 ] ], [ [ 76.55, 31.9 ], [ 76.553333333333327, 31.9 ], [ 76.553333333333327, 31.896666666666668 ], [ 76.55, 31.896666666666668 ], [ 76.55, 31.9 ] ], [ [ 76.48, 31.896666666666668 ], [ 76.483333333333334, 31.896666666666668 ], [ 76.483333333333334, 31.893333333333334 ], [ 76.48, 31.893333333333334 ], [ 76.48, 31.896666666666668 ] ], [ [ 76.1, 31.89 ], [ 76.106666666666669, 31.89 ], [ 76.106666666666669, 31.886666666666667 ], [ 76.1, 31.886666666666667 ], [ 76.1, 31.89 ] ], [ [ 76.106666666666669, 31.886666666666667 ], [ 76.11333333333333, 31.886666666666667 ], [ 76.11333333333333, 31.88 ], [ 76.13, 31.88 ], [ 76.13, 31.876666666666665 ], [ 76.106666666666669, 31.876666666666665 ], [ 76.106666666666669, 31.886666666666667 ] ], [ [ 76.49666666666667, 31.886666666666667 ], [ 76.5, 31.886666666666667 ], [ 76.5, 31.873333333333335 ], [ 76.49666666666667, 31.873333333333335 ], [ 76.49666666666667, 31.886666666666667 ] ], [ [ 76.526666666666671, 31.886666666666667 ], [ 76.53, 31.886666666666667 ], [ 76.53, 31.88 ], [ 76.526666666666671, 31.88 ], [ 76.526666666666671, 31.886666666666667 ] ], [ [ 75.823333333333338, 31.866666666666667 ], [ 75.826666666666668, 31.866666666666667 ], [ 75.826666666666668, 31.863333333333333 ], [ 75.823333333333338, 31.863333333333333 ], [ 75.823333333333338, 31.866666666666667 ] ], [ [ 76.146666666666661, 31.866666666666667 ], [ 76.15, 31.866666666666667 ], [ 76.15, 31.856666666666666 ], [ 76.163333333333327, 31.856666666666666 ], [ 76.163333333333327, 31.85 ], [ 76.13666666666667, 31.85 ], [ 76.13666666666667, 31.846666666666668 ], [ 76.13333333333334, 31.846666666666668 ], [ 76.13333333333334, 31.86 ], [ 76.13, 31.86 ], [ 76.13, 31.863333333333333 ], [ 76.146666666666661, 31.863333333333333 ], [ 76.146666666666661, 31.866666666666667 ] ], [ [ 76.203333333333333, 31.866666666666667 ], [ 76.206666666666663, 31.866666666666667 ], [ 76.206666666666663, 31.863333333333333 ], [ 76.203333333333333, 31.863333333333333 ], [ 76.203333333333333, 31.866666666666667 ] ], [ [ 76.2, 31.863333333333333 ], [ 76.203333333333333, 31.863333333333333 ], [ 76.203333333333333, 31.86 ], [ 76.2, 31.86 ], [ 76.2, 31.863333333333333 ] ], [ [ 75.833333333333329, 31.853333333333332 ], [ 75.836666666666673, 31.853333333333332 ], [ 75.836666666666673, 31.85 ], [ 75.833333333333329, 31.85 ], [ 75.833333333333329, 31.853333333333332 ] ], [ [ 76.49, 31.853333333333332 ], [ 76.49666666666667, 31.853333333333332 ], [ 76.49666666666667, 31.846666666666668 ], [ 76.5, 31.846666666666668 ], [ 76.5, 31.84 ], [ 76.493333333333339, 31.84 ], [ 76.493333333333339, 31.843333333333334 ], [ 76.49, 31.843333333333334 ], [ 76.49, 31.853333333333332 ] ], [ [ 76.163333333333327, 31.85 ], [ 76.173333333333332, 31.85 ], [ 76.173333333333332, 31.843333333333334 ], [ 76.17, 31.843333333333334 ], [ 76.17, 31.836666666666666 ], [ 76.163333333333327, 31.836666666666666 ], [ 76.163333333333327, 31.85 ] ], [ [ 76.47, 31.84 ], [ 76.473333333333329, 31.84 ], [ 76.473333333333329, 31.836666666666666 ], [ 76.47, 31.836666666666666 ], [ 76.47, 31.84 ] ], [ [ 76.156666666666666, 31.833333333333332 ], [ 76.16, 31.833333333333332 ], [ 76.16, 31.83 ], [ 76.156666666666666, 31.83 ], [ 76.156666666666666, 31.833333333333332 ] ], [ [ 76.186666666666667, 31.826666666666668 ], [ 76.19, 31.826666666666668 ], [ 76.19, 31.823333333333334 ], [ 76.186666666666667, 31.823333333333334 ], [ 76.186666666666667, 31.826666666666668 ] ], [ [ 76.183333333333337, 31.823333333333334 ], [ 76.186666666666667, 31.823333333333334 ], [ 76.186666666666667, 31.82 ], [ 76.183333333333337, 31.82 ], [ 76.183333333333337, 31.823333333333334 ] ], [ [ 76.18, 31.82 ], [ 76.183333333333337, 31.82 ], [ 76.183333333333337, 31.816666666666666 ], [ 76.18, 31.816666666666666 ], [ 76.18, 31.82 ] ], [ [ 76.176666666666662, 31.816666666666666 ], [ 76.18, 31.816666666666666 ], [ 76.18, 31.813333333333333 ], [ 76.176666666666662, 31.813333333333333 ], [ 76.176666666666662, 31.816666666666666 ] ], [ [ 76.203333333333333, 31.806666666666665 ], [ 76.206666666666663, 31.806666666666665 ], [ 76.206666666666663, 31.803333333333335 ], [ 76.203333333333333, 31.803333333333335 ], [ 76.203333333333333, 31.806666666666665 ] ], [ [ 76.193333333333328, 31.796666666666667 ], [ 76.196666666666673, 31.796666666666667 ], [ 76.196666666666673, 31.793333333333333 ], [ 76.193333333333328, 31.793333333333333 ], [ 76.193333333333328, 31.796666666666667 ] ], [ [ 76.353333333333339, 31.796666666666667 ], [ 76.356666666666669, 31.796666666666667 ], [ 76.356666666666669, 31.793333333333333 ], [ 76.353333333333339, 31.793333333333333 ], [ 76.353333333333339, 31.796666666666667 ] ], [ [ 76.123333333333335, 31.793333333333333 ], [ 76.126666666666665, 31.793333333333333 ], [ 76.126666666666665, 31.79 ], [ 76.123333333333335, 31.79 ], [ 76.123333333333335, 31.793333333333333 ] ], [ [ 76.183333333333337, 31.78 ], [ 76.186666666666667, 31.78 ], [ 76.186666666666667, 31.776666666666667 ], [ 76.183333333333337, 31.776666666666667 ], [ 76.183333333333337, 31.78 ] ], [ [ 76.226666666666674, 31.78 ], [ 76.23, 31.78 ], [ 76.23, 31.773333333333333 ], [ 76.223333333333329, 31.773333333333333 ], [ 76.223333333333329, 31.776666666666667 ], [ 76.226666666666674, 31.776666666666667 ], [ 76.226666666666674, 31.78 ] ], [ [ 76.356666666666669, 31.78 ], [ 76.36, 31.78 ], [ 76.36, 31.776666666666667 ], [ 76.356666666666669, 31.776666666666667 ], [ 76.356666666666669, 31.78 ] ], [ [ 76.576666666666668, 31.78 ], [ 76.58, 31.78 ], [ 76.58, 31.773333333333333 ], [ 76.583333333333329, 31.773333333333333 ], [ 76.583333333333329, 31.77 ], [ 76.573333333333338, 31.77 ], [ 76.573333333333338, 31.766666666666666 ], [ 76.57, 31.766666666666666 ], [ 76.57, 31.773333333333333 ], [ 76.576666666666668, 31.773333333333333 ], [ 76.576666666666668, 31.78 ] ], [ [ 76.55, 31.776666666666667 ], [ 76.553333333333327, 31.776666666666667 ], [ 76.553333333333327, 31.773333333333333 ], [ 76.55, 31.773333333333333 ], [ 76.55, 31.776666666666667 ] ], [ [ 76.36333333333333, 31.773333333333333 ], [ 76.36666666666666, 31.773333333333333 ], [ 76.36666666666666, 31.77 ], [ 76.36333333333333, 31.77 ], [ 76.36333333333333, 31.773333333333333 ] ], [ [ 76.296666666666667, 31.766666666666666 ], [ 76.3, 31.766666666666666 ], [ 76.3, 31.756666666666668 ], [ 76.296666666666667, 31.756666666666668 ], [ 76.296666666666667, 31.766666666666666 ] ], [ [ 76.23, 31.763333333333332 ], [ 76.233333333333334, 31.763333333333332 ], [ 76.233333333333334, 31.76 ], [ 76.23, 31.76 ], [ 76.23, 31.763333333333332 ] ], [ [ 76.243333333333339, 31.756666666666668 ], [ 76.24666666666667, 31.756666666666668 ], [ 76.24666666666667, 31.753333333333334 ], [ 76.243333333333339, 31.753333333333334 ], [ 76.243333333333339, 31.756666666666668 ] ], [ [ 76.59, 31.756666666666668 ], [ 76.593333333333334, 31.756666666666668 ], [ 76.593333333333334, 31.753333333333334 ], [ 76.59, 31.753333333333334 ], [ 76.59, 31.756666666666668 ] ], [ [ 76.24666666666667, 31.753333333333334 ], [ 76.263333333333335, 31.753333333333334 ], [ 76.263333333333335, 31.75 ], [ 76.24666666666667, 31.75 ], [ 76.24666666666667, 31.753333333333334 ] ], [ [ 76.573333333333338, 31.753333333333334 ], [ 76.583333333333329, 31.753333333333334 ], [ 76.583333333333329, 31.75 ], [ 76.573333333333338, 31.75 ], [ 76.573333333333338, 31.753333333333334 ] ], [ [ 76.3, 31.75 ], [ 76.303333333333327, 31.75 ], [ 76.303333333333327, 31.743333333333332 ], [ 76.3, 31.743333333333332 ], [ 76.3, 31.75 ] ], [ [ 76.49666666666667, 31.75 ], [ 76.5, 31.75 ], [ 76.5, 31.746666666666666 ], [ 76.49666666666667, 31.746666666666666 ], [ 76.49666666666667, 31.75 ] ], [ [ 76.536666666666662, 31.746666666666666 ], [ 76.54, 31.746666666666666 ], [ 76.54, 31.743333333333332 ], [ 76.536666666666662, 31.743333333333332 ], [ 76.536666666666662, 31.746666666666666 ] ], [ [ 76.303333333333327, 31.743333333333332 ], [ 76.306666666666672, 31.743333333333332 ], [ 76.306666666666672, 31.74 ], [ 76.31, 31.74 ], [ 76.31, 31.733333333333334 ], [ 76.306666666666672, 31.733333333333334 ], [ 76.306666666666672, 31.736666666666665 ], [ 76.303333333333327, 31.736666666666665 ], [ 76.303333333333327, 31.743333333333332 ] ], [ [ 76.693333333333328, 31.743333333333332 ], [ 76.696666666666673, 31.743333333333332 ], [ 76.696666666666673, 31.74 ], [ 76.693333333333328, 31.74 ], [ 76.693333333333328, 31.743333333333332 ] ], [ [ 76.586666666666673, 31.733333333333334 ], [ 76.59, 31.733333333333334 ], [ 76.59, 31.73 ], [ 76.586666666666673, 31.73 ], [ 76.586666666666673, 31.733333333333334 ] ], [ [ 76.666666666666671, 31.733333333333334 ], [ 76.67, 31.733333333333334 ], [ 76.67, 31.73 ], [ 76.666666666666671, 31.73 ], [ 76.666666666666671, 31.733333333333334 ] ], [ [ 76.696666666666673, 31.733333333333334 ], [ 76.7, 31.733333333333334 ], [ 76.7, 31.73 ], [ 76.696666666666673, 31.73 ], [ 76.696666666666673, 31.733333333333334 ] ], [ [ 76.24666666666667, 31.73 ], [ 76.25, 31.73 ], [ 76.25, 31.726666666666667 ], [ 76.24666666666667, 31.726666666666667 ], [ 76.24666666666667, 31.73 ] ], [ [ 76.273333333333341, 31.73 ], [ 76.276666666666671, 31.73 ], [ 76.276666666666671, 31.726666666666667 ], [ 76.273333333333341, 31.726666666666667 ], [ 76.273333333333341, 31.73 ] ], [ [ 76.31, 31.73 ], [ 76.313333333333333, 31.73 ], [ 76.313333333333333, 31.72 ], [ 76.31, 31.72 ], [ 76.31, 31.73 ] ], [ [ 76.266666666666666, 31.723333333333333 ], [ 76.27, 31.723333333333333 ], [ 76.27, 31.72 ], [ 76.266666666666666, 31.72 ], [ 76.266666666666666, 31.723333333333333 ] ], [ [ 76.69, 31.72 ], [ 76.693333333333328, 31.72 ], [ 76.693333333333328, 31.713333333333331 ], [ 76.69, 31.713333333333331 ], [ 76.69, 31.72 ] ], [ [ 76.313333333333333, 31.716666666666665 ], [ 76.316666666666663, 31.716666666666665 ], [ 76.316666666666663, 31.713333333333331 ], [ 76.313333333333333, 31.713333333333331 ], [ 76.313333333333333, 31.716666666666665 ] ], [ [ 76.316666666666663, 31.71 ], [ 76.32, 31.71 ], [ 76.32, 31.706666666666667 ], [ 76.316666666666663, 31.706666666666667 ], [ 76.316666666666663, 31.71 ] ], [ [ 76.61333333333333, 31.71 ], [ 76.61666666666666, 31.71 ], [ 76.61666666666666, 31.706666666666667 ], [ 76.61333333333333, 31.706666666666667 ], [ 76.61333333333333, 31.71 ] ], [ [ 76.68, 31.706666666666667 ], [ 76.683333333333337, 31.706666666666667 ], [ 76.683333333333337, 31.703333333333333 ], [ 76.68, 31.703333333333333 ], [ 76.68, 31.706666666666667 ] ], [ [ 76.513333333333335, 31.696666666666665 ], [ 76.516666666666666, 31.696666666666665 ], [ 76.516666666666666, 31.693333333333332 ], [ 76.513333333333335, 31.693333333333332 ], [ 76.513333333333335, 31.696666666666665 ] ], [ [ 76.18, 31.693333333333332 ], [ 76.183333333333337, 31.693333333333332 ], [ 76.183333333333337, 31.69 ], [ 76.18, 31.69 ], [ 76.18, 31.693333333333332 ] ], [ [ 76.16, 31.663333333333334 ], [ 76.163333333333327, 31.663333333333334 ], [ 76.163333333333327, 31.66 ], [ 76.16, 31.66 ], [ 76.16, 31.663333333333334 ] ], [ [ 76.256666666666661, 31.663333333333334 ], [ 76.26, 31.663333333333334 ], [ 76.26, 31.646666666666668 ], [ 76.266666666666666, 31.646666666666668 ], [ 76.266666666666666, 31.643333333333334 ], [ 76.273333333333341, 31.643333333333334 ], [ 76.273333333333341, 31.64 ], [ 76.286666666666662, 31.64 ], [ 76.286666666666662, 31.636666666666667 ], [ 76.293333333333337, 31.636666666666667 ], [ 76.293333333333337, 31.633333333333333 ], [ 76.3, 31.633333333333333 ], [ 76.3, 31.63 ], [ 76.31, 31.63 ], [ 76.31, 31.626666666666665 ], [ 76.313333333333333, 31.626666666666665 ], [ 76.313333333333333, 31.623333333333335 ], [ 76.32, 31.623333333333335 ], [ 76.32, 31.62 ], [ 76.326666666666668, 31.62 ], [ 76.326666666666668, 31.616666666666667 ], [ 76.333333333333329, 31.616666666666667 ], [ 76.333333333333329, 31.613333333333333 ], [ 76.336666666666673, 31.613333333333333 ], [ 76.336666666666673, 31.61 ], [ 76.343333333333334, 31.61 ], [ 76.343333333333334, 31.606666666666666 ], [ 76.346666666666664, 31.606666666666666 ], [ 76.346666666666664, 31.603333333333332 ], [ 76.35, 31.603333333333332 ], [ 76.35, 31.596666666666668 ], [ 76.353333333333339, 31.596666666666668 ], [ 76.353333333333339, 31.59 ], [ 76.36, 31.59 ], [ 76.36, 31.586666666666666 ], [ 76.36333333333333, 31.586666666666666 ], [ 76.36333333333333, 31.58 ], [ 76.36, 31.58 ], [ 76.36, 31.583333333333332 ], [ 76.35, 31.583333333333332 ], [ 76.35, 31.593333333333334 ], [ 76.33, 31.593333333333334 ], [ 76.33, 31.59 ], [ 76.326666666666668, 31.59 ], [ 76.326666666666668, 31.6 ], [ 76.31, 31.6 ], [ 76.31, 31.58 ], [ 76.3, 31.58 ], [ 76.3, 31.593333333333334 ], [ 76.286666666666662, 31.593333333333334 ], [ 76.286666666666662, 31.603333333333332 ], [ 76.283333333333331, 31.603333333333332 ], [ 76.283333333333331, 31.616666666666667 ], [ 76.266666666666666, 31.616666666666667 ], [ 76.266666666666666, 31.626666666666665 ], [ 76.256666666666661, 31.626666666666665 ], [ 76.256666666666661, 31.636666666666667 ], [ 76.24666666666667, 31.636666666666667 ], [ 76.24666666666667, 31.643333333333334 ], [ 76.243333333333339, 31.643333333333334 ], [ 76.243333333333339, 31.646666666666668 ], [ 76.24666666666667, 31.646666666666668 ], [ 76.24666666666667, 31.65 ], [ 76.25, 31.65 ], [ 76.25, 31.656666666666666 ], [ 76.25333333333333, 31.656666666666666 ], [ 76.25333333333333, 31.66 ], [ 76.256666666666661, 31.66 ], [ 76.256666666666661, 31.663333333333334 ] ], [ [ 76.513333333333335, 31.663333333333334 ], [ 76.516666666666666, 31.663333333333334 ], [ 76.516666666666666, 31.66 ], [ 76.513333333333335, 31.66 ], [ 76.513333333333335, 31.663333333333334 ] ], [ [ 76.52, 31.653333333333332 ], [ 76.526666666666671, 31.653333333333332 ], [ 76.526666666666671, 31.646666666666668 ], [ 76.536666666666662, 31.646666666666668 ], [ 76.536666666666662, 31.636666666666667 ], [ 76.53, 31.636666666666667 ], [ 76.53, 31.64 ], [ 76.526666666666671, 31.64 ], [ 76.526666666666671, 31.643333333333334 ], [ 76.523333333333341, 31.643333333333334 ], [ 76.523333333333341, 31.65 ], [ 76.52, 31.65 ], [ 76.52, 31.653333333333332 ] ], [ [ 76.196666666666673, 31.643333333333334 ], [ 76.2, 31.643333333333334 ], [ 76.2, 31.64 ], [ 76.196666666666673, 31.64 ], [ 76.196666666666673, 31.643333333333334 ] ], [ [ 76.54, 31.636666666666667 ], [ 76.546666666666667, 31.636666666666667 ], [ 76.546666666666667, 31.633333333333333 ], [ 76.553333333333327, 31.633333333333333 ], [ 76.553333333333327, 31.626666666666665 ], [ 76.55, 31.626666666666665 ], [ 76.55, 31.606666666666666 ], [ 76.553333333333327, 31.606666666666666 ], [ 76.553333333333327, 31.596666666666668 ], [ 76.56, 31.596666666666668 ], [ 76.56, 31.593333333333334 ], [ 76.55, 31.593333333333334 ], [ 76.55, 31.603333333333332 ], [ 76.543333333333337, 31.603333333333332 ], [ 76.543333333333337, 31.616666666666667 ], [ 76.54, 31.616666666666667 ], [ 76.54, 31.636666666666667 ] ], [ [ 76.016666666666666, 31.633333333333333 ], [ 76.02, 31.633333333333333 ], [ 76.02, 31.63 ], [ 76.016666666666666, 31.63 ], [ 76.016666666666666, 31.633333333333333 ] ], [ [ 76.02, 31.63 ], [ 76.023333333333341, 31.63 ], [ 76.023333333333341, 31.626666666666665 ], [ 76.02, 31.626666666666665 ], [ 76.02, 31.63 ] ], [ [ 76.61333333333333, 31.623333333333335 ], [ 76.61666666666666, 31.623333333333335 ], [ 76.61666666666666, 31.62 ], [ 76.61333333333333, 31.62 ], [ 76.61333333333333, 31.623333333333335 ] ], [ [ 76.58, 31.596666666666668 ], [ 76.586666666666673, 31.596666666666668 ], [ 76.586666666666673, 31.59 ], [ 76.58, 31.59 ], [ 76.58, 31.596666666666668 ] ], [ [ 76.36333333333333, 31.58 ], [ 76.36666666666666, 31.58 ], [ 76.36666666666666, 31.576666666666668 ], [ 76.36333333333333, 31.576666666666668 ], [ 76.36333333333333, 31.58 ] ], [ [ 76.316666666666663, 31.576666666666668 ], [ 76.32, 31.576666666666668 ], [ 76.32, 31.573333333333334 ], [ 76.316666666666663, 31.573333333333334 ], [ 76.316666666666663, 31.576666666666668 ] ], [ [ 76.28, 31.573333333333334 ], [ 76.283333333333331, 31.573333333333334 ], [ 76.283333333333331, 31.57 ], [ 76.28, 31.57 ], [ 76.28, 31.573333333333334 ] ], [ [ 76.37, 31.57 ], [ 76.376666666666665, 31.57 ], [ 76.376666666666665, 31.56 ], [ 76.373333333333335, 31.56 ], [ 76.373333333333335, 31.563333333333333 ], [ 76.37, 31.563333333333333 ], [ 76.37, 31.57 ] ], [ [ 76.376666666666665, 31.56 ], [ 76.38, 31.56 ], [ 76.38, 31.556666666666665 ], [ 76.376666666666665, 31.556666666666665 ], [ 76.376666666666665, 31.56 ] ], [ [ 76.68, 31.53 ], [ 76.683333333333337, 31.53 ], [ 76.683333333333337, 31.526666666666667 ], [ 76.68, 31.526666666666667 ], [ 76.68, 31.53 ] ], [ [ 76.69, 31.526666666666667 ], [ 76.693333333333328, 31.526666666666667 ], [ 76.693333333333328, 31.523333333333333 ], [ 76.69, 31.523333333333333 ], [ 76.69, 31.526666666666667 ] ], [ [ 76.126666666666665, 31.503333333333334 ], [ 76.13, 31.503333333333334 ], [ 76.13, 31.5 ], [ 76.126666666666665, 31.5 ], [ 76.126666666666665, 31.503333333333334 ] ], [ [ 76.123333333333335, 31.5 ], [ 76.126666666666665, 31.5 ], [ 76.126666666666665, 31.496666666666666 ], [ 76.123333333333335, 31.496666666666666 ], [ 76.123333333333335, 31.5 ] ], [ [ 76.1, 31.466666666666665 ], [ 76.103333333333339, 31.466666666666665 ], [ 76.103333333333339, 31.463333333333331 ], [ 76.1, 31.463333333333331 ], [ 76.1, 31.466666666666665 ] ], [ [ 76.11666666666666, 31.46 ], [ 76.12, 31.46 ], [ 76.12, 31.456666666666667 ], [ 76.11666666666666, 31.456666666666667 ], [ 76.11666666666666, 31.46 ] ], [ [ 76.356666666666669, 31.43 ], [ 76.36, 31.43 ], [ 76.36, 31.426666666666666 ], [ 76.356666666666669, 31.426666666666666 ], [ 76.356666666666669, 31.43 ] ], [ [ 76.36666666666666, 31.42 ], [ 76.37, 31.42 ], [ 76.37, 31.416666666666668 ], [ 76.36666666666666, 31.416666666666668 ], [ 76.36666666666666, 31.42 ] ], [ [ 76.703333333333333, 30.98 ], [ 76.706666666666663, 30.98 ], [ 76.706666666666663, 30.976666666666667 ], [ 76.703333333333333, 30.976666666666667 ], [ 76.703333333333333, 30.98 ] ], [ [ 76.71, 30.97 ], [ 76.713333333333338, 30.97 ], [ 76.713333333333338, 30.966666666666669 ], [ 76.71, 30.966666666666669 ], [ 76.71, 30.97 ] ], [ [ 76.84, 30.853333333333332 ], [ 76.843333333333334, 30.853333333333332 ], [ 76.843333333333334, 30.85 ], [ 76.84, 30.85 ], [ 76.84, 30.853333333333332 ] ], [ [ 76.86333333333333, 30.813333333333333 ], [ 76.86666666666666, 30.813333333333333 ], [ 76.86666666666666, 30.81 ], [ 76.86333333333333, 30.81 ], [ 76.86333333333333, 30.813333333333333 ] ], [ [ 76.893333333333331, 30.766666666666666 ], [ 76.896666666666661, 30.766666666666666 ], [ 76.896666666666661, 30.763333333333332 ], [ 76.893333333333331, 30.763333333333332 ], [ 76.893333333333331, 30.766666666666666 ] ], [ [ 76.95, 30.733333333333334 ], [ 76.956666666666663, 30.733333333333334 ], [ 76.956666666666663, 30.73 ], [ 76.95, 30.73 ], [ 76.95, 30.733333333333334 ] ], [ [ 76.94, 30.73 ], [ 76.95, 30.73 ], [ 76.95, 30.723333333333333 ], [ 76.946666666666673, 30.723333333333333 ], [ 76.946666666666673, 30.726666666666667 ], [ 76.94, 30.726666666666667 ], [ 76.94, 30.73 ] ], [ [ 76.95, 30.713333333333331 ], [ 76.953333333333333, 30.713333333333331 ], [ 76.953333333333333, 30.71 ], [ 76.963333333333338, 30.71 ], [ 76.963333333333338, 30.706666666666667 ], [ 76.95, 30.706666666666667 ], [ 76.95, 30.713333333333331 ] ], [ [ 76.936666666666667, 30.686666666666667 ], [ 76.94, 30.686666666666667 ], [ 76.94, 30.683333333333334 ], [ 76.936666666666667, 30.683333333333334 ], [ 76.936666666666667, 30.686666666666667 ] ], [ [ 77.18, 30.603333333333332 ], [ 77.183333333333337, 30.603333333333332 ], [ 77.183333333333337, 30.6 ], [ 77.18, 30.6 ], [ 77.18, 30.603333333333332 ] ], [ [ 77.096666666666664, 30.596666666666668 ], [ 77.1, 30.596666666666668 ], [ 77.1, 30.593333333333334 ], [ 77.096666666666664, 30.593333333333334 ], [ 77.096666666666664, 30.596666666666668 ] ], [ [ 77.13666666666667, 30.596666666666668 ], [ 77.14, 30.596666666666668 ], [ 77.14, 30.593333333333334 ], [ 77.13666666666667, 30.593333333333334 ], [ 77.13666666666667, 30.596666666666668 ] ], [ [ 77.183333333333337, 30.59 ], [ 77.19, 30.59 ], [ 77.19, 30.586666666666666 ], [ 77.183333333333337, 30.586666666666666 ], [ 77.183333333333337, 30.59 ] ], [ [ 77.236666666666665, 30.546666666666667 ], [ 77.24, 30.546666666666667 ], [ 77.24, 30.536666666666665 ], [ 77.24666666666667, 30.536666666666665 ], [ 77.24666666666667, 30.53 ], [ 77.236666666666665, 30.53 ], [ 77.236666666666665, 30.526666666666667 ], [ 77.233333333333334, 30.526666666666667 ], [ 77.233333333333334, 30.523333333333333 ], [ 77.23, 30.523333333333333 ], [ 77.23, 30.526666666666667 ], [ 77.213333333333338, 30.526666666666667 ], [ 77.213333333333338, 30.53 ], [ 77.21, 30.53 ], [ 77.21, 30.536666666666665 ], [ 77.22, 30.536666666666665 ], [ 77.22, 30.54 ], [ 77.236666666666665, 30.54 ], [ 77.236666666666665, 30.546666666666667 ] ], [ [ 77.47, 30.526666666666667 ], [ 77.476666666666674, 30.526666666666667 ], [ 77.476666666666674, 30.523333333333333 ], [ 77.47, 30.523333333333333 ], [ 77.47, 30.526666666666667 ] ], [ [ 77.463333333333338, 30.523333333333333 ], [ 77.466666666666669, 30.523333333333333 ], [ 77.466666666666669, 30.52 ], [ 77.463333333333338, 30.52 ], [ 77.463333333333338, 30.523333333333333 ] ], [ [ 77.32, 30.513333333333332 ], [ 77.323333333333338, 30.513333333333332 ], [ 77.323333333333338, 30.51 ], [ 77.32, 30.51 ], [ 77.32, 30.513333333333332 ] ], [ [ 77.50333333333333, 30.51 ], [ 77.506666666666661, 30.51 ], [ 77.506666666666661, 30.506666666666668 ], [ 77.50333333333333, 30.506666666666668 ], [ 77.50333333333333, 30.51 ] ], [ [ 77.52, 30.506666666666668 ], [ 77.526666666666671, 30.506666666666668 ], [ 77.526666666666671, 30.503333333333334 ], [ 77.52, 30.503333333333334 ], [ 77.52, 30.506666666666668 ] ], [ [ 77.25, 30.503333333333334 ], [ 77.25333333333333, 30.503333333333334 ], [ 77.25333333333333, 30.5 ], [ 77.25, 30.5 ], [ 77.25, 30.503333333333334 ] ], [ [ 77.27, 30.5 ], [ 77.273333333333341, 30.5 ], [ 77.273333333333341, 30.496666666666666 ], [ 77.27, 30.496666666666666 ], [ 77.27, 30.5 ] ], [ [ 77.22, 30.496666666666666 ], [ 77.223333333333329, 30.496666666666666 ], [ 77.223333333333329, 30.486666666666665 ], [ 77.24, 30.486666666666665 ], [ 77.24, 30.483333333333334 ], [ 77.23, 30.483333333333334 ], [ 77.23, 30.47 ], [ 77.226666666666674, 30.47 ], [ 77.226666666666674, 30.466666666666669 ], [ 77.223333333333329, 30.466666666666669 ], [ 77.223333333333329, 30.47 ], [ 77.213333333333338, 30.47 ], [ 77.213333333333338, 30.48 ], [ 77.216666666666669, 30.48 ], [ 77.216666666666669, 30.49 ], [ 77.22, 30.49 ], [ 77.22, 30.496666666666666 ] ], [ [ 77.273333333333341, 30.49 ], [ 77.276666666666671, 30.49 ], [ 77.276666666666671, 30.48 ], [ 77.293333333333337, 30.48 ], [ 77.293333333333337, 30.49 ], [ 77.296666666666667, 30.49 ], [ 77.296666666666667, 30.486666666666665 ], [ 77.3, 30.486666666666665 ], [ 77.3, 30.483333333333334 ], [ 77.313333333333333, 30.483333333333334 ], [ 77.313333333333333, 30.473333333333333 ], [ 77.333333333333329, 30.473333333333333 ], [ 77.333333333333329, 30.476666666666667 ], [ 77.34, 30.476666666666667 ], [ 77.34, 30.463333333333331 ], [ 77.36333333333333, 30.463333333333331 ], [ 77.36333333333333, 30.47 ], [ 77.37, 30.47 ], [ 77.37, 30.456666666666667 ], [ 77.373333333333335, 30.456666666666667 ], [ 77.373333333333335, 30.45 ], [ 77.376666666666665, 30.45 ], [ 77.376666666666665, 30.446666666666665 ], [ 77.353333333333339, 30.446666666666665 ], [ 77.353333333333339, 30.453333333333333 ], [ 77.33, 30.453333333333333 ], [ 77.33, 30.46 ], [ 77.326666666666668, 30.46 ], [ 77.326666666666668, 30.463333333333331 ], [ 77.296666666666667, 30.463333333333331 ], [ 77.296666666666667, 30.46 ], [ 77.283333333333331, 30.46 ], [ 77.283333333333331, 30.473333333333333 ], [ 77.266666666666666, 30.473333333333333 ], [ 77.266666666666666, 30.463333333333331 ], [ 77.263333333333335, 30.463333333333331 ], [ 77.263333333333335, 30.47 ], [ 77.256666666666661, 30.47 ], [ 77.256666666666661, 30.473333333333333 ], [ 77.25, 30.473333333333333 ], [ 77.25, 30.476666666666667 ], [ 77.24666666666667, 30.476666666666667 ], [ 77.24666666666667, 30.48 ], [ 77.273333333333341, 30.48 ], [ 77.273333333333341, 30.49 ] ], [ [ 77.656666666666666, 30.486666666666665 ], [ 77.66, 30.486666666666665 ], [ 77.66, 30.483333333333334 ], [ 77.666666666666671, 30.483333333333334 ], [ 77.666666666666671, 30.48 ], [ 77.663333333333327, 30.48 ], [ 77.663333333333327, 30.476666666666667 ], [ 77.656666666666666, 30.476666666666667 ], [ 77.656666666666666, 30.486666666666665 ] ], [ [ 77.39, 30.476666666666667 ], [ 77.393333333333331, 30.476666666666667 ], [ 77.393333333333331, 30.47 ], [ 77.403333333333336, 30.47 ], [ 77.403333333333336, 30.463333333333331 ], [ 77.413333333333327, 30.463333333333331 ], [ 77.413333333333327, 30.45 ], [ 77.416666666666671, 30.45 ], [ 77.416666666666671, 30.446666666666665 ], [ 77.436666666666667, 30.446666666666665 ], [ 77.436666666666667, 30.45 ], [ 77.44, 30.45 ], [ 77.44, 30.436666666666667 ], [ 77.47, 30.436666666666667 ], [ 77.47, 30.443333333333335 ], [ 77.473333333333329, 30.443333333333335 ], [ 77.473333333333329, 30.43 ], [ 77.456666666666663, 30.43 ], [ 77.456666666666663, 30.41 ], [ 77.446666666666673, 30.41 ], [ 77.446666666666673, 30.413333333333334 ], [ 77.43, 30.413333333333334 ], [ 77.43, 30.416666666666664 ], [ 77.413333333333327, 30.416666666666664 ], [ 77.413333333333327, 30.43 ], [ 77.403333333333336, 30.43 ], [ 77.403333333333336, 30.436666666666667 ], [ 77.4, 30.436666666666667 ], [ 77.4, 30.443333333333335 ], [ 77.393333333333331, 30.443333333333335 ], [ 77.393333333333331, 30.456666666666667 ], [ 77.39, 30.456666666666667 ], [ 77.39, 30.47 ], [ 77.38666666666667, 30.47 ], [ 77.38666666666667, 30.473333333333333 ], [ 77.39, 30.473333333333333 ], [ 77.39, 30.476666666666667 ] ], [ [ 77.43, 30.473333333333333 ], [ 77.436666666666667, 30.473333333333333 ], [ 77.436666666666667, 30.47 ], [ 77.43, 30.47 ], [ 77.43, 30.473333333333333 ] ], [ [ 77.443333333333328, 30.466666666666669 ], [ 77.446666666666673, 30.466666666666669 ], [ 77.446666666666673, 30.463333333333331 ], [ 77.45, 30.463333333333331 ], [ 77.45, 30.46 ], [ 77.443333333333328, 30.46 ], [ 77.443333333333328, 30.466666666666669 ] ], [ [ 77.46, 30.456666666666667 ], [ 77.463333333333338, 30.456666666666667 ], [ 77.463333333333338, 30.453333333333333 ], [ 77.46, 30.453333333333333 ], [ 77.46, 30.456666666666667 ] ], [ [ 77.476666666666674, 30.43 ], [ 77.48, 30.43 ], [ 77.48, 30.426666666666666 ], [ 77.476666666666674, 30.426666666666666 ], [ 77.476666666666674, 30.43 ] ], [ [ 77.61333333333333, 30.426666666666666 ], [ 77.626666666666665, 30.426666666666666 ], [ 77.626666666666665, 30.42 ], [ 77.623333333333335, 30.42 ], [ 77.623333333333335, 30.423333333333332 ], [ 77.61333333333333, 30.423333333333332 ], [ 77.61333333333333, 30.426666666666666 ] ], [ [ 77.526666666666671, 30.423333333333332 ], [ 77.53, 30.423333333333332 ], [ 77.53, 30.42 ], [ 77.526666666666671, 30.42 ], [ 77.526666666666671, 30.423333333333332 ] ], [ [ 77.593333333333334, 30.42 ], [ 77.6, 30.42 ], [ 77.6, 30.416666666666664 ], [ 77.593333333333334, 30.416666666666664 ], [ 77.593333333333334, 30.42 ] ], [ [ 77.63666666666667, 30.42 ], [ 77.64, 30.42 ], [ 77.64, 30.416666666666664 ], [ 77.653333333333336, 30.416666666666664 ], [ 77.653333333333336, 30.413333333333334 ], [ 77.66, 30.413333333333334 ], [ 77.66, 30.41 ], [ 77.67, 30.41 ], [ 77.67, 30.403333333333332 ], [ 77.676666666666662, 30.403333333333332 ], [ 77.676666666666662, 30.396666666666668 ], [ 77.686666666666667, 30.396666666666668 ], [ 77.686666666666667, 30.386666666666667 ], [ 77.69, 30.386666666666667 ], [ 77.69, 30.376666666666665 ], [ 77.703333333333333, 30.376666666666665 ], [ 77.703333333333333, 30.373333333333335 ], [ 77.7, 30.373333333333335 ], [ 77.7, 30.36 ], [ 77.696666666666673, 30.36 ], [ 77.696666666666673, 30.37 ], [ 77.69, 30.37 ], [ 77.69, 30.373333333333335 ], [ 77.686666666666667, 30.373333333333335 ], [ 77.686666666666667, 30.376666666666665 ], [ 77.683333333333337, 30.376666666666665 ], [ 77.683333333333337, 30.386666666666667 ], [ 77.67, 30.386666666666667 ], [ 77.67, 30.396666666666668 ], [ 77.65, 30.396666666666668 ], [ 77.65, 30.4 ], [ 77.646666666666661, 30.4 ], [ 77.646666666666661, 30.403333333333332 ], [ 77.643333333333331, 30.403333333333332 ], [ 77.643333333333331, 30.406666666666666 ], [ 77.64, 30.406666666666666 ], [ 77.64, 30.413333333333334 ], [ 77.63666666666667, 30.413333333333334 ], [ 77.63666666666667, 30.42 ] ], [ [ 77.59, 30.416666666666664 ], [ 77.593333333333334, 30.416666666666664 ], [ 77.593333333333334, 30.406666666666666 ], [ 77.59, 30.406666666666666 ], [ 77.59, 30.416666666666664 ] ], [ [ 77.533333333333331, 30.413333333333334 ], [ 77.536666666666662, 30.413333333333334 ], [ 77.536666666666662, 30.41 ], [ 77.533333333333331, 30.41 ], [ 77.533333333333331, 30.413333333333334 ] ], [ [ 77.456666666666663, 30.41 ], [ 77.463333333333338, 30.41 ], [ 77.463333333333338, 30.406666666666666 ], [ 77.486666666666665, 30.406666666666666 ], [ 77.486666666666665, 30.403333333333332 ], [ 77.483333333333334, 30.403333333333332 ], [ 77.483333333333334, 30.393333333333331 ], [ 77.48, 30.393333333333331 ], [ 77.48, 30.396666666666668 ], [ 77.456666666666663, 30.396666666666668 ], [ 77.456666666666663, 30.41 ] ], [ [ 77.536666666666662, 30.41 ], [ 77.54, 30.41 ], [ 77.54, 30.406666666666666 ], [ 77.536666666666662, 30.406666666666666 ], [ 77.536666666666662, 30.41 ] ], [ [ 77.54, 30.406666666666666 ], [ 77.543333333333337, 30.406666666666666 ], [ 77.543333333333337, 30.403333333333332 ], [ 77.54, 30.403333333333332 ], [ 77.54, 30.406666666666666 ] ], [ [ 77.543333333333337, 30.403333333333332 ], [ 77.546666666666667, 30.403333333333332 ], [ 77.546666666666667, 30.4 ], [ 77.543333333333337, 30.4 ], [ 77.543333333333337, 30.403333333333332 ] ], [ [ 77.546666666666667, 30.4 ], [ 77.55, 30.4 ], [ 77.55, 30.396666666666668 ], [ 77.546666666666667, 30.396666666666668 ], [ 77.546666666666667, 30.4 ] ], [ [ 77.593333333333334, 30.4 ], [ 77.61, 30.4 ], [ 77.61, 30.393333333333331 ], [ 77.623333333333335, 30.393333333333331 ], [ 77.623333333333335, 30.386666666666667 ], [ 77.626666666666665, 30.386666666666667 ], [ 77.626666666666665, 30.376666666666665 ], [ 77.63333333333334, 30.376666666666665 ], [ 77.63333333333334, 30.373333333333335 ], [ 77.653333333333336, 30.373333333333335 ], [ 77.653333333333336, 30.37 ], [ 77.656666666666666, 30.37 ], [ 77.656666666666666, 30.366666666666667 ], [ 77.66, 30.366666666666667 ], [ 77.66, 30.363333333333333 ], [ 77.666666666666671, 30.363333333333333 ], [ 77.666666666666671, 30.36 ], [ 77.673333333333332, 30.36 ], [ 77.673333333333332, 30.356666666666666 ], [ 77.676666666666662, 30.356666666666666 ], [ 77.676666666666662, 30.34 ], [ 77.686666666666667, 30.34 ], [ 77.686666666666667, 30.336666666666666 ], [ 77.693333333333328, 30.336666666666666 ], [ 77.693333333333328, 30.333333333333332 ], [ 77.683333333333337, 30.333333333333332 ], [ 77.683333333333337, 30.33 ], [ 77.68, 30.33 ], [ 77.68, 30.31 ], [ 77.683333333333337, 30.31 ], [ 77.683333333333337, 30.303333333333335 ], [ 77.67, 30.303333333333335 ], [ 77.67, 30.306666666666665 ], [ 77.66, 30.306666666666665 ], [ 77.66, 30.333333333333332 ], [ 77.663333333333327, 30.333333333333332 ], [ 77.663333333333327, 30.353333333333332 ], [ 77.65, 30.353333333333332 ], [ 77.65, 30.36 ], [ 77.63333333333334, 30.36 ], [ 77.63333333333334, 30.343333333333334 ], [ 77.64, 30.343333333333334 ], [ 77.64, 30.336666666666666 ], [ 77.643333333333331, 30.336666666666666 ], [ 77.643333333333331, 30.333333333333332 ], [ 77.63666666666667, 30.333333333333332 ], [ 77.63666666666667, 30.336666666666666 ], [ 77.623333333333335, 30.336666666666666 ], [ 77.623333333333335, 30.34 ], [ 77.61333333333333, 30.34 ], [ 77.61333333333333, 30.35 ], [ 77.603333333333339, 30.35 ], [ 77.603333333333339, 30.36 ], [ 77.606666666666669, 30.36 ], [ 77.606666666666669, 30.383333333333333 ], [ 77.603333333333339, 30.383333333333333 ], [ 77.603333333333339, 30.393333333333331 ], [ 77.593333333333334, 30.393333333333331 ], [ 77.593333333333334, 30.4 ] ], [ [ 77.56, 30.39 ], [ 77.563333333333333, 30.39 ], [ 77.563333333333333, 30.386666666666667 ], [ 77.56, 30.386666666666667 ], [ 77.56, 30.39 ] ], [ [ 77.483333333333334, 30.386666666666667 ], [ 77.486666666666665, 30.386666666666667 ], [ 77.486666666666665, 30.376666666666665 ], [ 77.493333333333339, 30.376666666666665 ], [ 77.493333333333339, 30.36 ], [ 77.49, 30.36 ], [ 77.49, 30.366666666666667 ], [ 77.483333333333334, 30.366666666666667 ], [ 77.483333333333334, 30.386666666666667 ] ], [ [ 77.563333333333333, 30.386666666666667 ], [ 77.566666666666663, 30.386666666666667 ], [ 77.566666666666663, 30.383333333333333 ], [ 77.563333333333333, 30.383333333333333 ], [ 77.563333333333333, 30.386666666666667 ] ], [ [ 77.52, 30.38 ], [ 77.523333333333341, 30.38 ], [ 77.523333333333341, 30.376666666666665 ], [ 77.52, 30.376666666666665 ], [ 77.52, 30.38 ] ], [ [ 77.576666666666668, 30.38 ], [ 77.583333333333329, 30.38 ], [ 77.583333333333329, 30.373333333333335 ], [ 77.58, 30.373333333333335 ], [ 77.58, 30.376666666666665 ], [ 77.576666666666668, 30.376666666666665 ], [ 77.576666666666668, 30.38 ] ], [ [ 77.536666666666662, 30.366666666666667 ], [ 77.54, 30.366666666666667 ], [ 77.54, 30.363333333333333 ], [ 77.536666666666662, 30.363333333333333 ], [ 77.536666666666662, 30.366666666666667 ] ], [ [ 77.54, 30.363333333333333 ], [ 77.543333333333337, 30.363333333333333 ], [ 77.543333333333337, 30.36 ], [ 77.54, 30.36 ], [ 77.54, 30.363333333333333 ] ], [ [ 77.543333333333337, 30.36 ], [ 77.546666666666667, 30.36 ], [ 77.546666666666667, 30.356666666666666 ], [ 77.543333333333337, 30.356666666666666 ], [ 77.543333333333337, 30.36 ] ], [ [ 77.546666666666667, 30.356666666666666 ], [ 77.55, 30.356666666666666 ], [ 77.55, 30.353333333333332 ], [ 77.546666666666667, 30.353333333333332 ], [ 77.546666666666667, 30.356666666666666 ] ], [ [ 77.7, 30.356666666666666 ], [ 77.703333333333333, 30.356666666666666 ], [ 77.703333333333333, 30.353333333333332 ], [ 77.7, 30.353333333333332 ], [ 77.7, 30.356666666666666 ] ], [ [ 77.553333333333327, 30.353333333333332 ], [ 77.556666666666672, 30.353333333333332 ], [ 77.556666666666672, 30.35 ], [ 77.553333333333327, 30.35 ], [ 77.553333333333327, 30.353333333333332 ] ], [ [ 77.56, 30.35 ], [ 77.563333333333333, 30.35 ], [ 77.563333333333333, 30.346666666666668 ], [ 77.56, 30.346666666666668 ], [ 77.56, 30.35 ] ], [ [ 77.573333333333338, 30.346666666666668 ], [ 77.576666666666668, 30.346666666666668 ], [ 77.576666666666668, 30.343333333333334 ], [ 77.573333333333338, 30.343333333333334 ], [ 77.573333333333338, 30.346666666666668 ] ], [ [ 77.706666666666663, 30.346666666666668 ], [ 77.71, 30.346666666666668 ], [ 77.71, 30.343333333333334 ], [ 77.706666666666663, 30.343333333333334 ], [ 77.706666666666663, 30.346666666666668 ] ], [ [ 77.576666666666668, 30.343333333333334 ], [ 77.58, 30.343333333333334 ], [ 77.58, 30.34 ], [ 77.583333333333329, 30.34 ], [ 77.583333333333329, 30.336666666666666 ], [ 77.576666666666668, 30.336666666666666 ], [ 77.576666666666668, 30.343333333333334 ] ], [ [ 77.506666666666661, 30.333333333333332 ], [ 77.51, 30.333333333333332 ], [ 77.51, 30.33 ], [ 77.506666666666661, 30.33 ], [ 77.506666666666661, 30.333333333333332 ] ], [ [ 77.703333333333333, 30.31 ], [ 77.706666666666663, 30.31 ], [ 77.706666666666663, 30.3 ], [ 77.71, 30.3 ], [ 77.71, 30.296666666666667 ], [ 77.726666666666674, 30.296666666666667 ], [ 77.726666666666674, 30.3 ], [ 77.733333333333334, 30.3 ], [ 77.733333333333334, 30.286666666666665 ], [ 77.75333333333333, 30.286666666666665 ], [ 77.75333333333333, 30.293333333333333 ], [ 77.756666666666661, 30.293333333333333 ], [ 77.756666666666661, 30.286666666666665 ], [ 77.77, 30.286666666666665 ], [ 77.77, 30.28 ], [ 77.773333333333341, 30.28 ], [ 77.773333333333341, 30.276666666666667 ], [ 77.786666666666662, 30.276666666666667 ], [ 77.786666666666662, 30.273333333333333 ], [ 77.8, 30.273333333333333 ], [ 77.8, 30.266666666666666 ], [ 77.81, 30.266666666666666 ], [ 77.81, 30.263333333333332 ], [ 77.823333333333338, 30.263333333333332 ], [ 77.823333333333338, 30.253333333333334 ], [ 77.84, 30.253333333333334 ], [ 77.84, 30.246666666666666 ], [ 77.843333333333334, 30.246666666666666 ], [ 77.843333333333334, 30.243333333333332 ], [ 77.846666666666664, 30.243333333333332 ], [ 77.846666666666664, 30.24 ], [ 77.86333333333333, 30.24 ], [ 77.86333333333333, 30.226666666666667 ], [ 77.88, 30.226666666666667 ], [ 77.88, 30.223333333333333 ], [ 77.88333333333334, 30.223333333333333 ], [ 77.88333333333334, 30.213333333333331 ], [ 77.9, 30.213333333333331 ], [ 77.9, 30.216666666666669 ], [ 77.913333333333327, 30.216666666666669 ], [ 77.913333333333327, 30.226666666666667 ], [ 77.916666666666671, 30.226666666666667 ], [ 77.916666666666671, 30.22 ], [ 77.926666666666662, 30.22 ], [ 77.926666666666662, 30.203333333333333 ], [ 77.94, 30.203333333333333 ], [ 77.94, 30.2 ], [ 77.943333333333328, 30.2 ], [ 77.943333333333328, 30.196666666666665 ], [ 77.956666666666663, 30.196666666666665 ], [ 77.956666666666663, 30.18 ], [ 77.97, 30.18 ], [ 77.97, 30.173333333333332 ], [ 77.973333333333329, 30.173333333333332 ], [ 77.973333333333329, 30.163333333333334 ], [ 77.983333333333334, 30.163333333333334 ], [ 77.983333333333334, 30.16 ], [ 77.973333333333329, 30.16 ], [ 77.973333333333329, 30.15 ], [ 77.966666666666669, 30.15 ], [ 77.966666666666669, 30.14 ], [ 77.963333333333338, 30.14 ], [ 77.963333333333338, 30.156666666666666 ], [ 77.946666666666673, 30.156666666666666 ], [ 77.946666666666673, 30.173333333333332 ], [ 77.93, 30.173333333333332 ], [ 77.93, 30.18 ], [ 77.903333333333336, 30.18 ], [ 77.903333333333336, 30.183333333333334 ], [ 77.896666666666661, 30.183333333333334 ], [ 77.896666666666661, 30.193333333333335 ], [ 77.88, 30.193333333333335 ], [ 77.88, 30.19 ], [ 77.876666666666665, 30.19 ], [ 77.876666666666665, 30.193333333333335 ], [ 77.86333333333333, 30.193333333333335 ], [ 77.86333333333333, 30.196666666666665 ], [ 77.853333333333339, 30.196666666666665 ], [ 77.853333333333339, 30.213333333333331 ], [ 77.85, 30.213333333333331 ], [ 77.85, 30.22 ], [ 77.84, 30.22 ], [ 77.84, 30.223333333333333 ], [ 77.823333333333338, 30.223333333333333 ], [ 77.823333333333338, 30.22 ], [ 77.816666666666663, 30.22 ], [ 77.816666666666663, 30.23 ], [ 77.813333333333333, 30.23 ], [ 77.813333333333333, 30.24 ], [ 77.786666666666662, 30.24 ], [ 77.786666666666662, 30.236666666666665 ], [ 77.78, 30.236666666666665 ], [ 77.78, 30.243333333333332 ], [ 77.773333333333341, 30.243333333333332 ], [ 77.773333333333341, 30.256666666666668 ], [ 77.74666666666667, 30.256666666666668 ], [ 77.74666666666667, 30.26 ], [ 77.73, 30.26 ], [ 77.73, 30.263333333333332 ], [ 77.716666666666669, 30.263333333333332 ], [ 77.716666666666669, 30.266666666666666 ], [ 77.703333333333333, 30.266666666666666 ], [ 77.703333333333333, 30.27 ], [ 77.7, 30.27 ], [ 77.7, 30.276666666666667 ], [ 77.686666666666667, 30.276666666666667 ], [ 77.686666666666667, 30.28 ], [ 77.69, 30.28 ], [ 77.69, 30.296666666666667 ], [ 77.683333333333337, 30.296666666666667 ], [ 77.683333333333337, 30.303333333333335 ], [ 77.703333333333333, 30.303333333333335 ], [ 77.703333333333333, 30.31 ] ], [ [ 77.776666666666671, 30.31 ], [ 77.78, 30.31 ], [ 77.78, 30.306666666666665 ], [ 77.776666666666671, 30.306666666666665 ], [ 77.776666666666671, 30.31 ] ], [ [ 77.786666666666662, 30.303333333333335 ], [ 77.79, 30.303333333333335 ], [ 77.79, 30.3 ], [ 77.786666666666662, 30.3 ], [ 77.786666666666662, 30.303333333333335 ] ], [ [ 77.79, 30.3 ], [ 77.793333333333337, 30.3 ], [ 77.793333333333337, 30.296666666666667 ], [ 77.79, 30.296666666666667 ], [ 77.79, 30.3 ] ], [ [ 77.793333333333337, 30.296666666666667 ], [ 77.8, 30.296666666666667 ], [ 77.8, 30.293333333333333 ], [ 77.793333333333337, 30.293333333333333 ], [ 77.793333333333337, 30.296666666666667 ] ], [ [ 77.8, 30.293333333333333 ], [ 77.806666666666672, 30.293333333333333 ], [ 77.806666666666672, 30.29 ], [ 77.8, 30.29 ], [ 77.8, 30.293333333333333 ] ], [ [ 77.806666666666672, 30.29 ], [ 77.81, 30.29 ], [ 77.81, 30.286666666666665 ], [ 77.816666666666663, 30.286666666666665 ], [ 77.816666666666663, 30.283333333333331 ], [ 77.806666666666672, 30.283333333333331 ], [ 77.806666666666672, 30.29 ] ], [ [ 77.833333333333329, 30.276666666666667 ], [ 77.836666666666673, 30.276666666666667 ], [ 77.836666666666673, 30.273333333333333 ], [ 77.833333333333329, 30.273333333333333 ], [ 77.833333333333329, 30.276666666666667 ] ], [ [ 77.95, 30.246666666666666 ], [ 77.953333333333333, 30.246666666666666 ], [ 77.953333333333333, 30.243333333333332 ], [ 77.95, 30.243333333333332 ], [ 77.95, 30.246666666666666 ] ], [ [ 78.03, 30.243333333333332 ], [ 78.033333333333331, 30.243333333333332 ], [ 78.033333333333331, 30.236666666666665 ], [ 78.036666666666662, 30.236666666666665 ], [ 78.036666666666662, 30.233333333333334 ], [ 78.03, 30.233333333333334 ], [ 78.03, 30.243333333333332 ] ], [ [ 78.093333333333334, 30.233333333333334 ], [ 78.096666666666664, 30.233333333333334 ], [ 78.096666666666664, 30.226666666666667 ], [ 78.093333333333334, 30.226666666666667 ], [ 78.093333333333334, 30.233333333333334 ] ], [ [ 78.036666666666662, 30.23 ], [ 78.04, 30.23 ], [ 78.04, 30.226666666666667 ], [ 78.036666666666662, 30.226666666666667 ], [ 78.036666666666662, 30.23 ] ], [ [ 78.08, 30.22 ], [ 78.083333333333329, 30.22 ], [ 78.083333333333329, 30.216666666666669 ], [ 78.08, 30.216666666666669 ], [ 78.08, 30.22 ] ], [ [ 77.993333333333339, 30.213333333333331 ], [ 77.99666666666667, 30.213333333333331 ], [ 77.99666666666667, 30.206666666666667 ], [ 78.00333333333333, 30.206666666666667 ], [ 78.00333333333333, 30.203333333333333 ], [ 77.993333333333339, 30.203333333333333 ], [ 77.993333333333339, 30.186666666666667 ], [ 77.99, 30.186666666666667 ], [ 77.99, 30.196666666666665 ], [ 77.986666666666665, 30.196666666666665 ], [ 77.986666666666665, 30.2 ], [ 77.983333333333334, 30.2 ], [ 77.983333333333334, 30.203333333333333 ], [ 77.98, 30.203333333333333 ], [ 77.98, 30.206666666666667 ], [ 77.976666666666674, 30.206666666666667 ], [ 77.976666666666674, 30.21 ], [ 77.993333333333339, 30.21 ], [ 77.993333333333339, 30.213333333333331 ] ], [ [ 77.99666666666667, 30.183333333333334 ], [ 78.0, 30.183333333333334 ], [ 78.0, 30.18 ], [ 77.99666666666667, 30.18 ], [ 77.99666666666667, 30.183333333333334 ] ], [ [ 78.0, 30.18 ], [ 78.00333333333333, 30.18 ], [ 78.00333333333333, 30.176666666666666 ], [ 78.0, 30.176666666666666 ], [ 78.0, 30.18 ] ], [ [ 78.00333333333333, 30.173333333333332 ], [ 78.006666666666661, 30.173333333333332 ], [ 78.006666666666661, 30.17 ], [ 78.00333333333333, 30.17 ], [ 78.00333333333333, 30.173333333333332 ] ], [ [ 78.006666666666661, 30.166666666666664 ], [ 78.01, 30.166666666666664 ], [ 78.01, 30.163333333333334 ], [ 78.006666666666661, 30.163333333333334 ], [ 78.006666666666661, 30.166666666666664 ] ], [ [ 78.013333333333335, 30.15 ], [ 78.016666666666666, 30.15 ], [ 78.016666666666666, 30.143333333333331 ], [ 78.013333333333335, 30.143333333333331 ], [ 78.013333333333335, 30.15 ] ], [ [ 78.016666666666666, 30.143333333333331 ], [ 78.02, 30.143333333333331 ], [ 78.02, 30.14 ], [ 78.016666666666666, 30.14 ], [ 78.016666666666666, 30.143333333333331 ] ], [ [ 78.02, 30.14 ], [ 78.023333333333341, 30.14 ], [ 78.023333333333341, 30.136666666666667 ], [ 78.02, 30.136666666666667 ], [ 78.02, 30.14 ] ], [ [ 77.966666666666669, 30.133333333333333 ], [ 77.976666666666674, 30.133333333333333 ], [ 77.976666666666674, 30.123333333333335 ], [ 77.966666666666669, 30.123333333333335 ], [ 77.966666666666669, 30.133333333333333 ] ], [ [ 77.976666666666674, 30.12 ], [ 77.99, 30.12 ], [ 77.99, 30.11 ], [ 77.983333333333334, 30.11 ], [ 77.983333333333334, 30.113333333333333 ], [ 77.976666666666674, 30.113333333333333 ], [ 77.976666666666674, 30.12 ] ], [ [ 78.03, 30.12 ], [ 78.033333333333331, 30.12 ], [ 78.033333333333331, 30.11 ], [ 78.03, 30.11 ], [ 78.03, 30.12 ] ], [ [ 78.033333333333331, 30.11 ], [ 78.036666666666662, 30.11 ], [ 78.036666666666662, 30.103333333333332 ], [ 78.033333333333331, 30.103333333333332 ], [ 78.033333333333331, 30.11 ] ], [ [ 78.01, 30.103333333333332 ], [ 78.013333333333335, 30.103333333333332 ], [ 78.013333333333335, 30.093333333333334 ], [ 78.01, 30.093333333333334 ], [ 78.01, 30.103333333333332 ] ], [ [ 78.036666666666662, 30.1 ], [ 78.043333333333337, 30.1 ], [ 78.043333333333337, 30.096666666666668 ], [ 78.036666666666662, 30.096666666666668 ], [ 78.036666666666662, 30.1 ] ], [ [ 78.193333333333328, 30.043333333333333 ], [ 78.2, 30.043333333333333 ], [ 78.2, 30.04 ], [ 78.193333333333328, 30.04 ], [ 78.193333333333328, 30.043333333333333 ] ], [ [ 78.173333333333332, 30.026666666666667 ], [ 78.176666666666662, 30.026666666666667 ], [ 78.176666666666662, 30.023333333333333 ], [ 78.173333333333332, 30.023333333333333 ], [ 78.173333333333332, 30.026666666666667 ] ] ] } }
]
}
